"0","0_0","32.2228294","-110.9757402","2023-03-01T18:25:13"
"0","0_0","32.2225841","-110.9763907","2023-03-01T18:25:15"
"0","0_0","32.2225217","-110.976556","2023-03-01T18:25:16"
"0","0_0","32.2224953","-110.976508","2023-03-01T18:25:16"
"0","0_0","32.2224681","-110.9764651","2023-03-01T18:25:17"
"0","0_0","32.2224559","-110.9764396","2023-03-01T18:25:17"
"0","0_0","32.222391","-110.9764028","2023-03-01T18:25:19"
"0","0_0","32.2222392","-110.9763413","2023-03-01T18:25:28"
"0","0_0","32.2215775","-110.9760676","2023-03-01T18:25:29"
"0","0_0","32.2215447","-110.9760543","2023-03-01T18:25:30"
"0","0_0","32.2214561","-110.9760182","2023-03-01T18:25:31"
"0","0_0","32.2213539","-110.9759747","2023-03-01T18:25:32"
"0","0_0","32.2212941","-110.9759451","2023-03-01T18:25:33"
"0","0_0","32.221193","-110.9759116","2023-03-01T18:25:36"
"0","0_0","32.2210059","-110.9758348","2023-03-01T18:25:38"
"0","0_0","32.2208488","-110.9757832","2023-03-01T18:25:40"
"0","0_0","32.2207202","-110.9757509","2023-03-01T18:25:42"
"0","0_0","32.2206014","-110.9757362","2023-03-01T18:25:44"
"0","0_0","32.2204608","-110.9757386","2023-03-01T18:25:46"
"0","0_0","32.2203109","-110.9757559","2023-03-01T18:25:55"
"0","0_0","32.2196118","-110.975864","2023-03-01T18:25:57"
"0","0_0","32.2195023","-110.97589","2023-03-01T18:25:59"
"0","0_0","32.2193715","-110.9759293","2023-03-01T18:26:02"
"0","0_0","32.2191386","-110.9760189","2023-03-01T18:26:07"
"0","0_0","32.2188417","-110.9761939","2023-03-01T18:26:09"
"0","0_0","32.2187415","-110.9762665","2023-03-01T18:26:11"
"0","0_0","32.2186306","-110.9763632","2023-03-01T18:26:14"
"0","0_0","32.2184371","-110.9765537","2023-03-01T18:26:19"
"0","0_0","32.2182368","-110.9767958","2023-03-01T18:26:22"
"0","0_0","32.2180652","-110.9770066","2023-03-01T18:26:26"
"0","0_0","32.2178781","-110.9772294","2023-03-01T18:26:34"
"0","0_0","32.2175238","-110.9776523","2023-03-01T18:26:34"
"0","0_0","32.2175011","-110.977681","2023-03-01T18:26:35"
"0","0_0","32.2174762","-110.9777145","2023-03-01T18:26:36"
"0","0_0","32.217446","-110.9777568","2023-03-01T18:26:37"
"0","0_0","32.2174124","-110.9778084","2023-03-01T18:26:37"
"0","0_0","32.2173811","-110.977858","2023-03-01T18:26:38"
"0","0_0","32.21735","-110.9779134","2023-03-01T18:26:39"
"0","0_0","32.217329","-110.9779536","2023-03-01T18:26:39"
"0","0_0","32.2173085","-110.9779971","2023-03-01T18:26:40"
"0","0_0","32.2172881","-110.9780433","2023-03-01T18:26:41"
"0","0_0","32.217271","-110.9780855","2023-03-01T18:26:41"
"0","0_0","32.2172571","-110.9781218","2023-03-01T18:26:42"
"0","0_0","32.2172438","-110.9781575","2023-03-01T18:26:43"
"0","0_0","32.217226","-110.9782088","2023-03-01T18:26:43"
"0","0_0","32.2172105","-110.9782598","2023-03-01T18:26:44"
"0","0_0","32.2171948","-110.9783152","2023-03-01T18:26:45"
"0","0_0","32.2171831","-110.978361","2023-03-01T18:26:45"
"0","0_0","32.217174","-110.9784023","2023-03-01T18:26:46"
"0","0_0","32.2171653","-110.9784487","2023-03-01T18:26:46"
"0","0_0","32.2171625","-110.9784652","2023-03-01T18:26:47"
"0","0_0","32.2171402","-110.9784636","2023-03-01T18:26:48"
"0","0_0","32.2170742","-110.9784622","2023-03-01T18:26:50"
"0","0_0","32.2169577","-110.9784615","2023-03-01T18:26:54"
"0","0_0","32.216728","-110.9784595","2023-03-01T18:26:58"
"0","0_0","32.2165202","-110.9784577","2023-03-01T18:26:59"
"0","0_0","32.2164653","-110.9784572","2023-03-01T18:27"
"0","0_0","32.2163791","-110.9784564","2023-03-01T18:27:03"
"0","0_0","32.2162274","-110.9784549","2023-03-01T18:27:05"
"0","0_0","32.2161224","-110.9784539","2023-03-01T18:27:05"
"0","0_0","32.216103","-110.9784537","2023-03-01T18:27:09"
"0","0_0","32.2159117","-110.9784519","2023-03-01T18:27:10"
"0","0_0","32.2158598","-110.9784514","2023-03-01T18:27:12"
"0","0_0","32.2157231","-110.9784501","2023-03-01T18:27:21"
"0","0_0","32.2152679","-110.9784464","2023-03-01T18:27:23"
"0","0_0","32.2151238","-110.9784452","2023-03-01T18:27:28"
"0","0_0","32.2148885","-110.9784433","2023-03-01T18:27:30"
"0","0_0","32.2148621","-110.9785531","2023-03-01T18:27:38"
"0","0_0","32.2147493","-110.9790216","2023-03-01T18:27:39"
"0","0_0","32.2147405","-110.9790581","2023-03-01T18:27:40"
"0","0_0","32.2147318","-110.9790946","2023-03-01T18:27:41"
"0","0_0","32.2147182","-110.9791514","2023-03-01T18:28:01"
"0","0_0","32.213076","-110.979147","2023-03-01T18:28:14"
"0","0_0","32.2119886","-110.9791287","2023-03-01T18:28:16"
"0","0_0","32.2119898","-110.9790082","2023-03-01T18:28:16"
"0","0_0","32.2119901","-110.9789625","2023-03-01T18:28:21"
"0","0_0","32.2119922","-110.9785999","2023-03-01T18:28:22"
"0","0_0","32.2119927","-110.9785205","2023-03-01T18:28:29"
"0","0_0","32.2119956","-110.9780051","2023-03-01T18:28:30"
"0","0_0","32.2119958","-110.9779782","2023-03-01T18:28:32"
"0","0_0","32.2119966","-110.9778395","2023-03-01T18:28:32"
"0","0_0","32.2119969","-110.9777851","2023-03-01T18:28:33"
"0","0_0","32.2119971","-110.9777486","2023-03-01T18:28:38"
"0","0_0","32.2119994","-110.977353","2023-03-01T18:28:39"
"0","0_0","32.2119996","-110.9773149","2023-03-01T18:28:40"
"0","0_0","32.212","-110.9772541","2023-03-01T18:28:43"
"0","0_0","32.2120005","-110.9769814","2023-03-01T18:28:44"
"0","0_0","32.2120006","-110.9769211","2023-03-01T18:28:53"
"0","0_0","32.2120058","-110.9762391","2023-03-01T18:28:54"
"0","0_0","32.212006","-110.9762086","2023-03-01T18:29:02"
"0","0_0","32.2120095","-110.975608","2023-03-01T18:29:13"
"0","0_0","32.2114681","-110.9758036","2023-03-01T18:29:28"
"0","0_0","32.210689","-110.9760856","2023-03-01T18:29:39"
"0","0_0","32.2100843","-110.9762996","2023-03-01T18:29:55"
"0","0_0","32.210085","-110.9754155","2023-03-01T18:30:06"
"0","0_0","32.2100858","-110.9748324","2023-03-01T18:30:07"
"0","0_0","32.2100858","-110.9748003","2023-03-01T18:30:08"
"0","0_0","32.2100859","-110.9747394","2023-03-01T18:30:09"
"0","0_0","32.2099656","-110.9747408","2023-03-01T18:30:16"
"0","0_0","32.2094539","-110.9747483","2023-03-01T18:30:21"
"0","0_0","32.2091189","-110.974738","2023-03-01T18:30:21"
"0","0_0","32.2090958","-110.9747374","2023-03-01T18:30:25"
"0","0_0","32.2088192","-110.9747322","2023-03-01T18:30:26"
"0","0_0","32.2087753","-110.9747314","2023-03-01T18:30:33"
"0","0_0","32.208257","-110.9747266","2023-03-01T18:30:35"
"0","0_0","32.2080834","-110.9747276","2023-03-01T18:30:43"
"0","0_0","32.2074971","-110.9747111","2023-03-01T18:30:51"
"0","0_0","32.2069329","-110.9746953","2023-03-01T18:30:51"
"0","0_0","32.2069198","-110.9746908","2023-03-01T18:30:53"
"0","0_0","32.2067823","-110.974647","2023-03-01T18:30:55"
"0","0_0","32.2066695","-110.9746461","2023-03-01T18:30:55"
"0","0_0","32.206656","-110.974646","2023-03-01T18:31:01"
"0","0_0","32.2061704","-110.9746411","2023-03-01T18:31:01"
"1","0_0","32.2228294","-110.9757402","2023-03-01T18:02:35"
"1","0_0","32.2225841","-110.9763907","2023-03-01T18:02:37"
"1","0_0","32.2225217","-110.976556","2023-03-01T18:02:38"
"1","0_0","32.2224953","-110.976508","2023-03-01T18:02:38"
"1","0_0","32.2224681","-110.9764651","2023-03-01T18:02:39"
"1","0_0","32.2224559","-110.9764396","2023-03-01T18:02:39"
"1","0_0","32.222391","-110.9764028","2023-03-01T18:02:41"
"1","0_0","32.2222392","-110.9763413","2023-03-01T18:02:50"
"1","0_0","32.2215775","-110.9760676","2023-03-01T18:02:51"
"1","0_0","32.2215447","-110.9760543","2023-03-01T18:02:52"
"1","0_0","32.2214561","-110.9760182","2023-03-01T18:02:53"
"1","0_0","32.2213539","-110.9759747","2023-03-01T18:02:54"
"1","0_0","32.2212941","-110.9759451","2023-03-01T18:02:55"
"1","0_0","32.221193","-110.9759116","2023-03-01T18:02:58"
"1","0_0","32.2210059","-110.9758348","2023-03-01T18:03"
"1","0_0","32.2208488","-110.9757832","2023-03-01T18:03:02"
"1","0_0","32.2207202","-110.9757509","2023-03-01T18:03:04"
"1","0_0","32.2206014","-110.9757362","2023-03-01T18:03:06"
"1","0_0","32.2204608","-110.9757386","2023-03-01T18:03:08"
"1","0_0","32.2203109","-110.9757559","2023-03-01T18:03:17"
"1","0_0","32.2196118","-110.975864","2023-03-01T18:03:19"
"1","0_0","32.2195023","-110.97589","2023-03-01T18:03:21"
"1","0_0","32.2193715","-110.9759293","2023-03-01T18:03:24"
"1","0_0","32.2191386","-110.9760189","2023-03-01T18:03:29"
"1","0_0","32.2188417","-110.9761939","2023-03-01T18:03:31"
"1","0_0","32.2187415","-110.9762665","2023-03-01T18:03:33"
"1","0_0","32.2186306","-110.9763632","2023-03-01T18:03:36"
"1","0_0","32.2184371","-110.9765537","2023-03-01T18:03:41"
"1","0_0","32.2182368","-110.9767958","2023-03-01T18:03:44"
"1","0_0","32.2180652","-110.9770066","2023-03-01T18:03:48"
"1","0_0","32.2178781","-110.9772294","2023-03-01T18:03:56"
"1","0_0","32.2175238","-110.9776523","2023-03-01T18:03:56"
"1","0_0","32.2175011","-110.977681","2023-03-01T18:03:57"
"1","0_0","32.2174762","-110.9777145","2023-03-01T18:03:58"
"1","0_0","32.217446","-110.9777568","2023-03-01T18:03:59"
"1","0_0","32.2174124","-110.9778084","2023-03-01T18:03:59"
"1","0_0","32.2173811","-110.977858","2023-03-01T18:04"
"1","0_0","32.21735","-110.9779134","2023-03-01T18:04:01"
"1","0_0","32.217329","-110.9779536","2023-03-01T18:04:01"
"1","0_0","32.2173085","-110.9779971","2023-03-01T18:04:02"
"1","0_0","32.2172881","-110.9780433","2023-03-01T18:04:03"
"1","0_0","32.217271","-110.9780855","2023-03-01T18:04:03"
"1","0_0","32.2172571","-110.9781218","2023-03-01T18:04:04"
"1","0_0","32.2172438","-110.9781575","2023-03-01T18:04:05"
"1","0_0","32.217226","-110.9782088","2023-03-01T18:04:05"
"1","0_0","32.2172105","-110.9782598","2023-03-01T18:04:06"
"1","0_0","32.2171948","-110.9783152","2023-03-01T18:04:07"
"1","0_0","32.2171831","-110.978361","2023-03-01T18:04:07"
"1","0_0","32.217174","-110.9784023","2023-03-01T18:04:08"
"1","0_0","32.2171653","-110.9784487","2023-03-01T18:04:08"
"1","0_0","32.2171625","-110.9784652","2023-03-01T18:04:09"
"1","0_0","32.2171402","-110.9784636","2023-03-01T18:04:10"
"1","0_0","32.2170742","-110.9784622","2023-03-01T18:04:12"
"1","0_0","32.2169577","-110.9784615","2023-03-01T18:04:16"
"1","0_0","32.216728","-110.9784595","2023-03-01T18:04:20"
"1","0_0","32.2165202","-110.9784577","2023-03-01T18:04:21"
"1","0_0","32.2164653","-110.9784572","2023-03-01T18:04:22"
"1","0_0","32.2163791","-110.9784564","2023-03-01T18:04:25"
"1","0_0","32.2162274","-110.9784549","2023-03-01T18:04:27"
"1","0_0","32.2161224","-110.9784539","2023-03-01T18:04:27"
"1","0_0","32.216103","-110.9784537","2023-03-01T18:04:31"
"1","0_0","32.2159117","-110.9784519","2023-03-01T18:04:32"
"1","0_0","32.2158598","-110.9784514","2023-03-01T18:04:34"
"1","0_0","32.2157231","-110.9784501","2023-03-01T18:04:43"
"1","0_0","32.2152679","-110.9784464","2023-03-01T18:04:45"
"1","0_0","32.2151238","-110.9784452","2023-03-01T18:04:50"
"1","0_0","32.2148885","-110.9784433","2023-03-01T18:04:52"
"1","0_0","32.2148621","-110.9785531","2023-03-01T18:05"
"1","0_0","32.2147493","-110.9790216","2023-03-01T18:05:01"
"1","0_0","32.2147405","-110.9790581","2023-03-01T18:05:02"
"1","0_0","32.2147318","-110.9790946","2023-03-01T18:05:03"
"1","0_0","32.2147182","-110.9791514","2023-03-01T18:05:23"
"1","0_0","32.213076","-110.979147","2023-03-01T18:05:36"
"1","0_0","32.2119886","-110.9791287","2023-03-01T18:05:38"
"1","0_0","32.2119898","-110.9790082","2023-03-01T18:05:38"
"1","0_0","32.2119901","-110.9789625","2023-03-01T18:05:43"
"1","0_0","32.2119922","-110.9785999","2023-03-01T18:05:44"
"1","0_0","32.2119927","-110.9785205","2023-03-01T18:05:51"
"1","0_0","32.2119956","-110.9780051","2023-03-01T18:05:52"
"1","0_0","32.2119958","-110.9779782","2023-03-01T18:05:54"
"1","0_0","32.2119966","-110.9778395","2023-03-01T18:05:54"
"1","0_0","32.2119969","-110.9777851","2023-03-01T18:05:55"
"1","0_0","32.2119971","-110.9777486","2023-03-01T18:06"
"1","0_0","32.2119994","-110.977353","2023-03-01T18:06:01"
"1","0_0","32.2119996","-110.9773149","2023-03-01T18:06:02"
"1","0_0","32.212","-110.9772541","2023-03-01T18:06:05"
"1","0_0","32.2120005","-110.9769814","2023-03-01T18:06:06"
"1","0_0","32.2120006","-110.9769211","2023-03-01T18:06:15"
"1","0_0","32.2120058","-110.9762391","2023-03-01T18:06:16"
"1","0_0","32.212006","-110.9762086","2023-03-01T18:06:24"
"1","0_0","32.2120095","-110.975608","2023-03-01T18:06:35"
"1","0_0","32.2114681","-110.9758036","2023-03-01T18:06:50"
"1","0_0","32.210689","-110.9760856","2023-03-01T18:07:01"
"1","0_0","32.2100843","-110.9762996","2023-03-01T18:07:17"
"1","0_0","32.210085","-110.9754155","2023-03-01T18:07:28"
"1","0_0","32.2100858","-110.9748324","2023-03-01T18:07:29"
"1","0_0","32.2100858","-110.9748003","2023-03-01T18:07:30"
"1","0_0","32.2100859","-110.9747394","2023-03-01T18:07:31"
"1","0_0","32.2099656","-110.9747408","2023-03-01T18:07:38"
"1","0_0","32.2094539","-110.9747483","2023-03-01T18:07:43"
"1","0_0","32.2091189","-110.974738","2023-03-01T18:07:43"
"1","0_0","32.2090958","-110.9747374","2023-03-01T18:07:47"
"1","0_0","32.2088192","-110.9747322","2023-03-01T18:07:48"
"1","0_0","32.2087753","-110.9747314","2023-03-01T18:07:55"
"1","0_0","32.208257","-110.9747266","2023-03-01T18:07:57"
"1","0_0","32.2080834","-110.9747276","2023-03-01T18:08:05"
"1","0_0","32.2074971","-110.9747111","2023-03-01T18:08:13"
"1","0_0","32.2069329","-110.9746953","2023-03-01T18:08:13"
"1","0_0","32.2069198","-110.9746908","2023-03-01T18:08:15"
"1","0_0","32.2067823","-110.974647","2023-03-01T18:08:17"
"1","0_0","32.2066695","-110.9746461","2023-03-01T18:08:17"
"1","0_0","32.206656","-110.974646","2023-03-01T18:08:23"
"1","0_0","32.2061704","-110.9746411","2023-03-01T18:08:23"
"2","0_0","32.2228294","-110.9757402","2023-03-01T18:07:39"
"2","0_0","32.2225841","-110.9763907","2023-03-01T18:07:41"
"2","0_0","32.2225217","-110.976556","2023-03-01T18:07:42"
"2","0_0","32.2224953","-110.976508","2023-03-01T18:07:42"
"2","0_0","32.2224681","-110.9764651","2023-03-01T18:07:43"
"2","0_0","32.2224559","-110.9764396","2023-03-01T18:07:43"
"2","0_0","32.222391","-110.9764028","2023-03-01T18:07:45"
"2","0_0","32.2222392","-110.9763413","2023-03-01T18:07:54"
"2","0_0","32.2215775","-110.9760676","2023-03-01T18:07:55"
"2","0_0","32.2215447","-110.9760543","2023-03-01T18:07:56"
"2","0_0","32.2214561","-110.9760182","2023-03-01T18:07:57"
"2","0_0","32.2213539","-110.9759747","2023-03-01T18:07:58"
"2","0_0","32.2212941","-110.9759451","2023-03-01T18:07:59"
"2","0_0","32.221193","-110.9759116","2023-03-01T18:08:02"
"2","0_0","32.2210059","-110.9758348","2023-03-01T18:08:04"
"2","0_0","32.2208488","-110.9757832","2023-03-01T18:08:06"
"2","0_0","32.2207202","-110.9757509","2023-03-01T18:08:08"
"2","0_0","32.2206014","-110.9757362","2023-03-01T18:08:10"
"2","0_0","32.2204608","-110.9757386","2023-03-01T18:08:12"
"2","0_0","32.2203109","-110.9757559","2023-03-01T18:08:21"
"2","0_0","32.2196118","-110.975864","2023-03-01T18:08:23"
"2","0_0","32.2195023","-110.97589","2023-03-01T18:08:25"
"2","0_0","32.2193715","-110.9759293","2023-03-01T18:08:28"
"2","0_0","32.2191386","-110.9760189","2023-03-01T18:08:33"
"2","0_0","32.2188417","-110.9761939","2023-03-01T18:08:35"
"2","0_0","32.2187415","-110.9762665","2023-03-01T18:08:37"
"2","0_0","32.2186306","-110.9763632","2023-03-01T18:08:40"
"2","0_0","32.2184371","-110.9765537","2023-03-01T18:08:45"
"2","0_0","32.2182368","-110.9767958","2023-03-01T18:08:48"
"2","0_0","32.2180652","-110.9770066","2023-03-01T18:08:52"
"2","0_0","32.2178781","-110.9772294","2023-03-01T18:09"
"2","0_0","32.2175238","-110.9776523","2023-03-01T18:09"
"2","0_0","32.2175011","-110.977681","2023-03-01T18:09:01"
"2","0_0","32.2174762","-110.9777145","2023-03-01T18:09:02"
"2","0_0","32.217446","-110.9777568","2023-03-01T18:09:03"
"2","0_0","32.2174124","-110.9778084","2023-03-01T18:09:03"
"2","0_0","32.2173811","-110.977858","2023-03-01T18:09:04"
"2","0_0","32.21735","-110.9779134","2023-03-01T18:09:05"
"2","0_0","32.217329","-110.9779536","2023-03-01T18:09:05"
"2","0_0","32.2173085","-110.9779971","2023-03-01T18:09:06"
"2","0_0","32.2172881","-110.9780433","2023-03-01T18:09:07"
"2","0_0","32.217271","-110.9780855","2023-03-01T18:09:07"
"2","0_0","32.2172571","-110.9781218","2023-03-01T18:09:08"
"2","0_0","32.2172438","-110.9781575","2023-03-01T18:09:09"
"2","0_0","32.217226","-110.9782088","2023-03-01T18:09:09"
"2","0_0","32.2172105","-110.9782598","2023-03-01T18:09:10"
"2","0_0","32.2171948","-110.9783152","2023-03-01T18:09:11"
"2","0_0","32.2171831","-110.978361","2023-03-01T18:09:11"
"2","0_0","32.217174","-110.9784023","2023-03-01T18:09:12"
"2","0_0","32.2171653","-110.9784487","2023-03-01T18:09:12"
"2","0_0","32.2171625","-110.9784652","2023-03-01T18:09:13"
"2","0_0","32.2171402","-110.9784636","2023-03-01T18:09:14"
"2","0_0","32.2170742","-110.9784622","2023-03-01T18:09:16"
"2","0_0","32.2169577","-110.9784615","2023-03-01T18:09:20"
"2","0_0","32.216728","-110.9784595","2023-03-01T18:09:24"
"2","0_0","32.2165202","-110.9784577","2023-03-01T18:09:25"
"2","0_0","32.2164653","-110.9784572","2023-03-01T18:09:26"
"2","0_0","32.2163791","-110.9784564","2023-03-01T18:09:29"
"2","0_0","32.2162274","-110.9784549","2023-03-01T18:09:31"
"2","0_0","32.2161224","-110.9784539","2023-03-01T18:09:31"
"2","0_0","32.216103","-110.9784537","2023-03-01T18:09:35"
"2","0_0","32.2159117","-110.9784519","2023-03-01T18:09:36"
"2","0_0","32.2158598","-110.9784514","2023-03-01T18:09:38"
"2","0_0","32.2157231","-110.9784501","2023-03-01T18:09:47"
"2","0_0","32.2152679","-110.9784464","2023-03-01T18:09:49"
"2","0_0","32.2151238","-110.9784452","2023-03-01T18:09:54"
"2","0_0","32.2148885","-110.9784433","2023-03-01T18:09:56"
"2","0_0","32.2148621","-110.9785531","2023-03-01T18:10:04"
"2","0_0","32.2147493","-110.9790216","2023-03-01T18:10:05"
"2","0_0","32.2147405","-110.9790581","2023-03-01T18:10:06"
"2","0_0","32.2147318","-110.9790946","2023-03-01T18:10:07"
"2","0_0","32.2147182","-110.9791514","2023-03-01T18:10:27"
"2","0_0","32.213076","-110.979147","2023-03-01T18:10:40"
"2","0_0","32.2119886","-110.9791287","2023-03-01T18:10:42"
"2","0_0","32.2119898","-110.9790082","2023-03-01T18:10:42"
"2","0_0","32.2119901","-110.9789625","2023-03-01T18:10:47"
"2","0_0","32.2119922","-110.9785999","2023-03-01T18:10:48"
"2","0_0","32.2119927","-110.9785205","2023-03-01T18:10:55"
"2","0_0","32.2119956","-110.9780051","2023-03-01T18:10:56"
"2","0_0","32.2119958","-110.9779782","2023-03-01T18:10:58"
"2","0_0","32.2119966","-110.9778395","2023-03-01T18:10:58"
"2","0_0","32.2119969","-110.9777851","2023-03-01T18:10:59"
"2","0_0","32.2119971","-110.9777486","2023-03-01T18:11:04"
"2","0_0","32.2119994","-110.977353","2023-03-01T18:11:05"
"2","0_0","32.2119996","-110.9773149","2023-03-01T18:11:06"
"2","0_0","32.212","-110.9772541","2023-03-01T18:11:09"
"2","0_0","32.2120005","-110.9769814","2023-03-01T18:11:10"
"2","0_0","32.2120006","-110.9769211","2023-03-01T18:11:19"
"2","0_0","32.2120058","-110.9762391","2023-03-01T18:11:20"
"2","0_0","32.212006","-110.9762086","2023-03-01T18:11:28"
"2","0_0","32.2120095","-110.975608","2023-03-01T18:11:39"
"2","0_0","32.2114681","-110.9758036","2023-03-01T18:11:54"
"2","0_0","32.210689","-110.9760856","2023-03-01T18:12:05"
"2","0_0","32.2100843","-110.9762996","2023-03-01T18:12:21"
"2","0_0","32.210085","-110.9754155","2023-03-01T18:12:32"
"2","0_0","32.2100858","-110.9748324","2023-03-01T18:12:33"
"2","0_0","32.2100858","-110.9748003","2023-03-01T18:12:34"
"2","0_0","32.2100859","-110.9747394","2023-03-01T18:12:35"
"2","0_0","32.2099656","-110.9747408","2023-03-01T18:12:42"
"2","0_0","32.2094539","-110.9747483","2023-03-01T18:12:47"
"2","0_0","32.2091189","-110.974738","2023-03-01T18:12:47"
"2","0_0","32.2090958","-110.9747374","2023-03-01T18:12:51"
"2","0_0","32.2088192","-110.9747322","2023-03-01T18:12:52"
"2","0_0","32.2087753","-110.9747314","2023-03-01T18:12:59"
"2","0_0","32.208257","-110.9747266","2023-03-01T18:13:01"
"2","0_0","32.2080834","-110.9747276","2023-03-01T18:13:09"
"2","0_0","32.2074971","-110.9747111","2023-03-01T18:13:17"
"2","0_0","32.2069329","-110.9746953","2023-03-01T18:13:17"
"2","0_0","32.2069198","-110.9746908","2023-03-01T18:13:19"
"2","0_0","32.2067823","-110.974647","2023-03-01T18:13:21"
"2","0_0","32.2066695","-110.9746461","2023-03-01T18:13:21"
"2","0_0","32.206656","-110.974646","2023-03-01T18:13:27"
"2","0_0","32.2061704","-110.9746411","2023-03-01T18:13:27"
"3","0_1","32.2228294","-110.9757402","2023-03-01T18:22:27"
"3","0_1","32.2229148","-110.9755138","2023-03-01T18:22:27"
"3","0_1","32.222937","-110.9754549","2023-03-01T18:22:30"
"3","0_1","32.2230079","-110.9752558","2023-03-01T18:22:39"
"3","0_1","32.2232112","-110.9746334","2023-03-01T18:22:40"
"3","0_1","32.2232317","-110.9745705","2023-03-01T18:22:43"
"3","0_1","32.2232985","-110.9743659","2023-03-01T18:22:45"
"3","0_1","32.2233542","-110.9742014","2023-03-01T18:22:47"
"3","0_1","32.2233904","-110.9740853","2023-03-01T18:22:49"
"3","0_1","32.2234367","-110.973922","2023-03-01T18:22:50"
"3","0_1","32.2234392","-110.9739133","2023-03-01T18:22:51"
"3","0_1","32.2234703","-110.9738045","2023-03-01T18:22:52"
"3","0_1","32.2234995","-110.9737141","2023-03-01T18:22:53"
"3","0_1","32.2235109","-110.9736809","2023-03-01T18:22:54"
"3","0_1","32.2235277","-110.9736323","2023-03-01T18:22:54"
"3","0_1","32.2235352","-110.9736128","2023-03-01T18:23"
"3","0_1","32.2236889","-110.9732172","2023-03-01T18:23:02"
"3","0_1","32.223702","-110.973079","2023-03-01T18:23:02"
"3","0_1","32.223698","-110.9730337","2023-03-01T18:23:02"
"3","0_1","32.223693","-110.9730165","2023-03-01T18:23:03"
"3","0_1","32.2236842","-110.972986","2023-03-01T18:23:03"
"3","0_1","32.2236607","-110.9729438","2023-03-01T18:23:04"
"3","0_1","32.223629","-110.9728991","2023-03-01T18:23:06"
"3","0_1","32.2235627","-110.9728212","2023-03-01T18:23:10"
"3","0_1","32.223235","-110.9727328","2023-03-01T18:23:18"
"3","0_1","32.2227115","-110.972591","2023-03-01T18:23:19"
"3","0_1","32.2226151","-110.9725656","2023-03-01T18:23:20"
"3","0_1","32.2225582","-110.972552","2023-03-01T18:23:25"
"3","0_1","32.2222189","-110.9724773","2023-03-01T18:23:27"
"3","0_1","32.222042","-110.9724399","2023-03-01T18:23:28"
"3","0_1","32.2219509","-110.9724227","2023-03-01T18:23:29"
"3","0_1","32.2218916","-110.9724121","2023-03-01T18:23:30"
"3","0_1","32.2218597","-110.9724064","2023-03-01T18:23:31"
"3","0_1","32.2217535","-110.9723833","2023-03-01T18:23:31"
"3","0_1","32.2217358","-110.9723803","2023-03-01T18:23:32"
"3","0_1","32.2216986","-110.9723735","2023-03-01T18:23:32"
"3","0_1","32.2216728","-110.9723697","2023-03-01T18:23:34"
"3","0_1","32.2215359","-110.9723579","2023-03-01T18:23:35"
"3","0_1","32.221454","-110.9723593","2023-03-01T18:23:36"
"3","0_1","32.2213916","-110.9723613","2023-03-01T18:23:36"
"3","0_1","32.2213703","-110.9723619","2023-03-01T18:23:37"
"3","0_1","32.2213122","-110.9723726","2023-03-01T18:23:38"
"3","0_1","32.2212375","-110.9723864","2023-03-01T18:23:39"
"3","0_1","32.2211677","-110.9723992","2023-03-01T18:23:40"
"3","0_1","32.2211373","-110.9724048","2023-03-01T18:23:41"
"3","0_1","32.2210669","-110.972424","2023-03-01T18:23:41"
"3","0_1","32.221012","-110.972437","2023-03-01T18:23:42"
"3","0_1","32.2209623","-110.97245","2023-03-01T18:23:42"
"3","0_1","32.2209353","-110.9724574","2023-03-01T18:23:44"
"3","0_1","32.220846","-110.9724818","2023-03-01T18:23:46"
"3","0_1","32.2206606","-110.9725222","2023-03-01T18:23:49"
"3","0_1","32.220481","-110.9725478","2023-03-01T18:23:50"
"3","0_1","32.2203615","-110.9725573","2023-03-01T18:23:53"
"3","0_1","32.2202056","-110.9725524","2023-03-01T18:23:53"
"3","0_1","32.2201804","-110.9725496","2023-03-01T18:23:58"
"3","0_1","32.2197784","-110.9725114","2023-03-01T18:24:03"
"3","0_1","32.219406","-110.9724627","2023-03-01T18:24:11"
"3","0_1","32.218864","-110.9723917","2023-03-01T18:24:12"
"3","0_1","32.2187732","-110.9723809","2023-03-01T18:24:14"
"3","0_1","32.2186631","-110.9723692","2023-03-01T18:24:19"
"3","0_1","32.2182596","-110.972325","2023-03-01T18:24:35"
"3","0_1","32.2183321","-110.9714585","2023-03-01T18:24:38"
"3","0_1","32.2183451","-110.971303","2023-03-01T18:24:48"
"3","0_1","32.2184066","-110.9707785","2023-03-01T18:24:50"
"3","0_1","32.2184168","-110.9706594","2023-03-01T18:24:50"
"3","0_1","32.2183888","-110.9706539","2023-03-01T18:24:53"
"3","0_1","32.2182023","-110.9706169","2023-03-01T18:25:05"
"3","0_1","32.2173316","-110.9704604","2023-03-01T18:25:06"
"3","0_1","32.2172688","-110.9704491","2023-03-01T18:25:06"
"3","0_1","32.2172155","-110.9704395","2023-03-01T18:25:07"
"3","0_1","32.2171803","-110.9704335","2023-03-01T18:25:09"
"3","0_1","32.2170499","-110.9704093","2023-03-01T18:25:11"
"3","0_1","32.2168982","-110.970381","2023-03-01T18:25:12"
"3","0_1","32.2167952","-110.9703618","2023-03-01T18:25:16"
"3","0_1","32.216541","-110.9703146","2023-03-01T18:25:22"
"3","0_1","32.2160896","-110.9702307","2023-03-01T18:25:24"
"3","0_1","32.215952","-110.9702051","2023-03-01T18:25:28"
"3","0_1","32.2156887","-110.9701563","2023-03-01T18:25:35"
"3","0_1","32.2151253","-110.9700527","2023-03-01T18:25:36"
"3","0_1","32.2150889","-110.9700469","2023-03-01T18:25:38"
"3","0_1","32.2150844","-110.9701696","2023-03-01T18:25:54"
"3","0_1","32.2150539","-110.9710185","2023-03-01T18:26"
"3","0_1","32.214705","-110.9709835","2023-03-01T18:26:04"
"3","0_1","32.2144825","-110.9709222","2023-03-01T18:26:05"
"3","0_1","32.2144563","-110.9709109","2023-03-01T18:26:06"
"3","0_1","32.2143712","-110.9708754","2023-03-01T18:26:11"
"3","0_1","32.2141069","-110.970836","2023-03-01T18:26:13"
"3","0_1","32.2140404","-110.9708369","2023-03-01T18:26:25"
"3","0_1","32.2133286","-110.9708464","2023-03-01T18:26:31"
"3","0_1","32.2133324","-110.9705595","2023-03-01T18:26:35"
"3","0_1","32.2133355","-110.9703209","2023-03-01T18:26:36"
"3","0_1","32.2133362","-110.9702684","2023-03-01T18:26:39"
"3","0_1","32.2133383","-110.9701025","2023-03-01T18:26:41"
"3","0_1","32.2132509","-110.9701009","2023-03-01T18:26:54"
"3","0_1","32.2124903","-110.9700911","2023-03-01T18:27:01"
"3","0_1","32.2121454","-110.9700858","2023-03-01T18:27:01"
"3","0_1","32.2121264","-110.9700843","2023-03-01T18:27:03"
"3","0_1","32.2120325","-110.9700849","2023-03-01T18:27:05"
"3","0_1","32.2119351","-110.970083","2023-03-01T18:27:05"
"3","0_1","32.2119147","-110.970083","2023-03-01T18:27:27"
"3","0_1","32.2107308","-110.9700804","2023-03-01T18:27:39"
"3","0_1","32.2100617","-110.9700588","2023-03-01T18:27:44"
"3","0_1","32.2097752","-110.9700523","2023-03-01T18:27:51"
"3","0_1","32.2094088","-110.9700449","2023-03-01T18:27:52"
"3","0_1","32.2093413","-110.970045","2023-03-01T18:28:14"
"3","0_1","32.208111","-110.9700456","2023-03-01T18:28:28"
"3","0_1","32.2081202","-110.9692727","2023-03-01T18:28:39"
"3","0_1","32.2075428","-110.9692774","2023-03-01T18:28:42"
"3","0_1","32.2073543","-110.9692789","2023-03-01T18:28:50"
"3","0_1","32.2069508","-110.969283","2023-03-01T18:28:52"
"3","0_1","32.2068412","-110.9692852","2023-03-01T18:28:58"
"3","0_1","32.2068519","-110.9686586","2023-03-01T18:28:59"
"3","0_1","32.2068522","-110.968644","2023-03-01T18:29"
"3","0_1","32.2068531","-110.968495","2023-03-01T18:29:02"
"3","0_1","32.206733","-110.968494","2023-03-01T18:29:02"
"4","0_0","32.2228294","-110.9757402","2023-03-01T18:26:30"
"4","0_0","32.2225841","-110.9763907","2023-03-01T18:26:32"
"4","0_0","32.2225217","-110.976556","2023-03-01T18:26:33"
"4","0_0","32.2224953","-110.976508","2023-03-01T18:26:33"
"4","0_0","32.2224681","-110.9764651","2023-03-01T18:26:34"
"4","0_0","32.2224559","-110.9764396","2023-03-01T18:26:34"
"4","0_0","32.222391","-110.9764028","2023-03-01T18:26:36"
"4","0_0","32.2222392","-110.9763413","2023-03-01T18:26:45"
"4","0_0","32.2215775","-110.9760676","2023-03-01T18:26:46"
"4","0_0","32.2215447","-110.9760543","2023-03-01T18:26:47"
"4","0_0","32.2214561","-110.9760182","2023-03-01T18:26:48"
"4","0_0","32.2213539","-110.9759747","2023-03-01T18:26:49"
"4","0_0","32.2212941","-110.9759451","2023-03-01T18:26:50"
"4","0_0","32.221193","-110.9759116","2023-03-01T18:26:53"
"4","0_0","32.2210059","-110.9758348","2023-03-01T18:26:55"
"4","0_0","32.2208488","-110.9757832","2023-03-01T18:26:57"
"4","0_0","32.2207202","-110.9757509","2023-03-01T18:26:59"
"4","0_0","32.2206014","-110.9757362","2023-03-01T18:27:01"
"4","0_0","32.2204608","-110.9757386","2023-03-01T18:27:03"
"4","0_0","32.2203109","-110.9757559","2023-03-01T18:27:12"
"4","0_0","32.2196118","-110.975864","2023-03-01T18:27:14"
"4","0_0","32.2195023","-110.97589","2023-03-01T18:27:16"
"4","0_0","32.2193715","-110.9759293","2023-03-01T18:27:19"
"4","0_0","32.2191386","-110.9760189","2023-03-01T18:27:24"
"4","0_0","32.2188417","-110.9761939","2023-03-01T18:27:26"
"4","0_0","32.2187415","-110.9762665","2023-03-01T18:27:28"
"4","0_0","32.2186306","-110.9763632","2023-03-01T18:27:31"
"4","0_0","32.2184371","-110.9765537","2023-03-01T18:27:36"
"4","0_0","32.2182368","-110.9767958","2023-03-01T18:27:39"
"4","0_0","32.2180652","-110.9770066","2023-03-01T18:27:43"
"4","0_0","32.2178781","-110.9772294","2023-03-01T18:27:51"
"4","0_0","32.2175238","-110.9776523","2023-03-01T18:27:51"
"4","0_0","32.2175011","-110.977681","2023-03-01T18:27:52"
"4","0_0","32.2174762","-110.9777145","2023-03-01T18:27:53"
"4","0_0","32.217446","-110.9777568","2023-03-01T18:27:54"
"4","0_0","32.2174124","-110.9778084","2023-03-01T18:27:54"
"4","0_0","32.2173811","-110.977858","2023-03-01T18:27:55"
"4","0_0","32.21735","-110.9779134","2023-03-01T18:27:56"
"4","0_0","32.217329","-110.9779536","2023-03-01T18:27:56"
"4","0_0","32.2173085","-110.9779971","2023-03-01T18:27:57"
"4","0_0","32.2172881","-110.9780433","2023-03-01T18:27:58"
"4","0_0","32.217271","-110.9780855","2023-03-01T18:27:58"
"4","0_0","32.2172571","-110.9781218","2023-03-01T18:27:59"
"4","0_0","32.2172438","-110.9781575","2023-03-01T18:28"
"4","0_0","32.217226","-110.9782088","2023-03-01T18:28"
"4","0_0","32.2172105","-110.9782598","2023-03-01T18:28:01"
"4","0_0","32.2171948","-110.9783152","2023-03-01T18:28:02"
"4","0_0","32.2171831","-110.978361","2023-03-01T18:28:02"
"4","0_0","32.217174","-110.9784023","2023-03-01T18:28:03"
"4","0_0","32.2171653","-110.9784487","2023-03-01T18:28:03"
"4","0_0","32.2171625","-110.9784652","2023-03-01T18:28:04"
"4","0_0","32.2171402","-110.9784636","2023-03-01T18:28:05"
"4","0_0","32.2170742","-110.9784622","2023-03-01T18:28:07"
"4","0_0","32.2169577","-110.9784615","2023-03-01T18:28:11"
"4","0_0","32.216728","-110.9784595","2023-03-01T18:28:15"
"4","0_0","32.2165202","-110.9784577","2023-03-01T18:28:16"
"4","0_0","32.2164653","-110.9784572","2023-03-01T18:28:17"
"4","0_0","32.2163791","-110.9784564","2023-03-01T18:28:20"
"4","0_0","32.2162274","-110.9784549","2023-03-01T18:28:22"
"4","0_0","32.2161224","-110.9784539","2023-03-01T18:28:22"
"4","0_0","32.216103","-110.9784537","2023-03-01T18:28:26"
"4","0_0","32.2159117","-110.9784519","2023-03-01T18:28:27"
"4","0_0","32.2158598","-110.9784514","2023-03-01T18:28:29"
"4","0_0","32.2157231","-110.9784501","2023-03-01T18:28:38"
"4","0_0","32.2152679","-110.9784464","2023-03-01T18:28:40"
"4","0_0","32.2151238","-110.9784452","2023-03-01T18:28:45"
"4","0_0","32.2148885","-110.9784433","2023-03-01T18:28:47"
"4","0_0","32.2148621","-110.9785531","2023-03-01T18:28:55"
"4","0_0","32.2147493","-110.9790216","2023-03-01T18:28:56"
"4","0_0","32.2147405","-110.9790581","2023-03-01T18:28:57"
"4","0_0","32.2147318","-110.9790946","2023-03-01T18:28:58"
"4","0_0","32.2147182","-110.9791514","2023-03-01T18:29:18"
"4","0_0","32.213076","-110.979147","2023-03-01T18:29:31"
"4","0_0","32.2119886","-110.9791287","2023-03-01T18:29:33"
"4","0_0","32.2119898","-110.9790082","2023-03-01T18:29:33"
"4","0_0","32.2119901","-110.9789625","2023-03-01T18:29:38"
"4","0_0","32.2119922","-110.9785999","2023-03-01T18:29:39"
"4","0_0","32.2119927","-110.9785205","2023-03-01T18:29:46"
"4","0_0","32.2119956","-110.9780051","2023-03-01T18:29:47"
"4","0_0","32.2119958","-110.9779782","2023-03-01T18:29:49"
"4","0_0","32.2119966","-110.9778395","2023-03-01T18:29:49"
"4","0_0","32.2119969","-110.9777851","2023-03-01T18:29:50"
"4","0_0","32.2119971","-110.9777486","2023-03-01T18:29:55"
"4","0_0","32.2119994","-110.977353","2023-03-01T18:29:56"
"4","0_0","32.2119996","-110.9773149","2023-03-01T18:29:57"
"4","0_0","32.212","-110.9772541","2023-03-01T18:30"
"4","0_0","32.2120005","-110.9769814","2023-03-01T18:30:01"
"4","0_0","32.2120006","-110.9769211","2023-03-01T18:30:10"
"4","0_0","32.2120058","-110.9762391","2023-03-01T18:30:11"
"4","0_0","32.212006","-110.9762086","2023-03-01T18:30:19"
"4","0_0","32.2120095","-110.975608","2023-03-01T18:30:30"
"4","0_0","32.2114681","-110.9758036","2023-03-01T18:30:45"
"4","0_0","32.210689","-110.9760856","2023-03-01T18:30:56"
"4","0_0","32.2100843","-110.9762996","2023-03-01T18:31:12"
"4","0_0","32.210085","-110.9754155","2023-03-01T18:31:23"
"4","0_0","32.2100858","-110.9748324","2023-03-01T18:31:24"
"4","0_0","32.2100858","-110.9748003","2023-03-01T18:31:25"
"4","0_0","32.2100859","-110.9747394","2023-03-01T18:31:26"
"4","0_0","32.2099656","-110.9747408","2023-03-01T18:31:33"
"4","0_0","32.2094539","-110.9747483","2023-03-01T18:31:38"
"4","0_0","32.2091189","-110.974738","2023-03-01T18:31:38"
"4","0_0","32.2090958","-110.9747374","2023-03-01T18:31:42"
"4","0_0","32.2088192","-110.9747322","2023-03-01T18:31:43"
"4","0_0","32.2087753","-110.9747314","2023-03-01T18:31:50"
"4","0_0","32.208257","-110.9747266","2023-03-01T18:31:52"
"4","0_0","32.2080834","-110.9747276","2023-03-01T18:32"
"4","0_0","32.2074971","-110.9747111","2023-03-01T18:32:08"
"4","0_0","32.2069329","-110.9746953","2023-03-01T18:32:08"
"4","0_0","32.2069198","-110.9746908","2023-03-01T18:32:10"
"4","0_0","32.2067823","-110.974647","2023-03-01T18:32:12"
"4","0_0","32.2066695","-110.9746461","2023-03-01T18:32:12"
"4","0_0","32.206656","-110.974646","2023-03-01T18:32:18"
"4","0_0","32.2061704","-110.9746411","2023-03-01T18:32:18"
"5","0_2","32.2228294","-110.9757402","2023-03-01T18:54:30"
"5","0_2","32.2229148","-110.9755138","2023-03-01T18:54:30"
"5","0_2","32.222937","-110.9754549","2023-03-01T18:54:33"
"5","0_2","32.2230079","-110.9752558","2023-03-01T18:54:42"
"5","0_2","32.2232112","-110.9746334","2023-03-01T18:54:43"
"5","0_2","32.2232317","-110.9745705","2023-03-01T18:54:46"
"5","0_2","32.2232985","-110.9743659","2023-03-01T18:54:48"
"5","0_2","32.2233542","-110.9742014","2023-03-01T18:54:50"
"5","0_2","32.2233904","-110.9740853","2023-03-01T18:54:52"
"5","0_2","32.2234367","-110.973922","2023-03-01T18:54:53"
"5","0_2","32.2234392","-110.9739133","2023-03-01T18:54:54"
"5","0_2","32.2234703","-110.9738045","2023-03-01T18:54:55"
"5","0_2","32.2234995","-110.9737141","2023-03-01T18:54:56"
"5","0_2","32.2235109","-110.9736809","2023-03-01T18:54:57"
"5","0_2","32.2235277","-110.9736323","2023-03-01T18:54:57"
"5","0_2","32.2235352","-110.9736128","2023-03-01T18:55:03"
"5","0_2","32.2236889","-110.9732172","2023-03-01T18:55:05"
"5","0_2","32.223702","-110.973079","2023-03-01T18:55:05"
"5","0_2","32.223698","-110.9730337","2023-03-01T18:55:05"
"5","0_2","32.223693","-110.9730165","2023-03-01T18:55:06"
"5","0_2","32.2236842","-110.972986","2023-03-01T18:55:06"
"5","0_2","32.2236607","-110.9729438","2023-03-01T18:55:07"
"5","0_2","32.223629","-110.9728991","2023-03-01T18:55:09"
"5","0_2","32.2235627","-110.9728212","2023-03-01T18:55:13"
"5","0_2","32.223235","-110.9727328","2023-03-01T18:55:21"
"5","0_2","32.2227115","-110.972591","2023-03-01T18:55:22"
"5","0_2","32.2226151","-110.9725656","2023-03-01T18:55:23"
"5","0_2","32.2225582","-110.972552","2023-03-01T18:55:28"
"5","0_2","32.2222189","-110.9724773","2023-03-01T18:55:30"
"5","0_2","32.222042","-110.9724399","2023-03-01T18:55:31"
"5","0_2","32.2219509","-110.9724227","2023-03-01T18:55:32"
"5","0_2","32.2218916","-110.9724121","2023-03-01T18:55:33"
"5","0_2","32.2218597","-110.9724064","2023-03-01T18:55:34"
"5","0_2","32.2217535","-110.9723833","2023-03-01T18:55:34"
"5","0_2","32.2217358","-110.9723803","2023-03-01T18:55:35"
"5","0_2","32.2216986","-110.9723735","2023-03-01T18:55:35"
"5","0_2","32.2216728","-110.9723697","2023-03-01T18:55:37"
"5","0_2","32.2215359","-110.9723579","2023-03-01T18:55:38"
"5","0_2","32.221454","-110.9723593","2023-03-01T18:55:39"
"5","0_2","32.2213916","-110.9723613","2023-03-01T18:55:39"
"5","0_2","32.2213703","-110.9723619","2023-03-01T18:55:40"
"5","0_2","32.2213122","-110.9723726","2023-03-01T18:55:41"
"5","0_2","32.2212375","-110.9723864","2023-03-01T18:55:42"
"5","0_2","32.2211677","-110.9723992","2023-03-01T18:55:43"
"5","0_2","32.2211373","-110.9724048","2023-03-01T18:55:44"
"5","0_2","32.2210669","-110.972424","2023-03-01T18:55:44"
"5","0_2","32.221012","-110.972437","2023-03-01T18:55:45"
"5","0_2","32.2209623","-110.97245","2023-03-01T18:55:45"
"5","0_2","32.2209353","-110.9724574","2023-03-01T18:55:47"
"5","0_2","32.220846","-110.9724818","2023-03-01T18:55:49"
"5","0_2","32.2206606","-110.9725222","2023-03-01T18:55:52"
"5","0_2","32.220481","-110.9725478","2023-03-01T18:55:53"
"5","0_2","32.2203615","-110.9725573","2023-03-01T18:55:56"
"5","0_2","32.2202056","-110.9725524","2023-03-01T18:55:56"
"5","0_2","32.2201804","-110.9725496","2023-03-01T18:56:01"
"5","0_2","32.2197784","-110.9725114","2023-03-01T18:56:06"
"5","0_2","32.219406","-110.9724627","2023-03-01T18:56:14"
"5","0_2","32.218864","-110.9723917","2023-03-01T18:56:15"
"5","0_2","32.2187732","-110.9723809","2023-03-01T18:56:17"
"5","0_2","32.2186631","-110.9723692","2023-03-01T18:56:22"
"5","0_2","32.2182596","-110.972325","2023-03-01T18:56:38"
"5","0_2","32.2183321","-110.9714585","2023-03-01T18:56:41"
"5","0_2","32.2183451","-110.971303","2023-03-01T18:56:51"
"5","0_2","32.2184066","-110.9707785","2023-03-01T18:56:53"
"5","0_2","32.2184168","-110.9706594","2023-03-01T18:56:53"
"5","0_2","32.2183888","-110.9706539","2023-03-01T18:56:56"
"5","0_2","32.2182023","-110.9706169","2023-03-01T18:57:08"
"5","0_2","32.2173316","-110.9704604","2023-03-01T18:57:09"
"5","0_2","32.2172688","-110.9704491","2023-03-01T18:57:09"
"5","0_2","32.2172155","-110.9704395","2023-03-01T18:57:10"
"5","0_2","32.2171803","-110.9704335","2023-03-01T18:57:12"
"5","0_2","32.2170499","-110.9704093","2023-03-01T18:57:14"
"5","0_2","32.2168982","-110.970381","2023-03-01T18:57:15"
"5","0_2","32.2167952","-110.9703618","2023-03-01T18:57:19"
"5","0_2","32.216541","-110.9703146","2023-03-01T18:57:25"
"5","0_2","32.2160896","-110.9702307","2023-03-01T18:57:27"
"5","0_2","32.215952","-110.9702051","2023-03-01T18:57:31"
"5","0_2","32.2156887","-110.9701563","2023-03-01T18:57:38"
"5","0_2","32.2151253","-110.9700527","2023-03-01T18:57:39"
"5","0_2","32.2150889","-110.9700469","2023-03-01T18:57:44"
"5","0_2","32.214705","-110.9699758","2023-03-01T18:57:45"
"5","0_2","32.2146388","-110.9699623","2023-03-01T18:57:57"
"5","0_2","32.214645","-110.9693421","2023-03-01T18:58:11"
"5","0_2","32.2146554","-110.9685646","2023-03-01T18:58:20"
"5","0_2","32.2139145","-110.9685616","2023-03-01T18:58:25"
"5","0_2","32.2134396","-110.96856","2023-03-01T18:58:27"
"5","0_2","32.2133483","-110.96856","2023-03-01T18:58:29"
"5","0_2","32.2133485","-110.9684489","2023-03-01T18:58:29"
"5","0_2","32.2133486","-110.968403","2023-03-01T18:58:35"
"5","0_2","32.2133492","-110.968091","2023-03-01T18:58:40"
"5","0_2","32.2133498","-110.9678032","2023-03-01T18:58:42"
"5","0_2","32.213258","-110.9678023","2023-03-01T18:58:47"
"5","0_2","32.2129614","-110.9678005","2023-03-01T18:58:48"
"5","0_2","32.2129484","-110.9677999","2023-03-01T18:58:54"
"5","0_2","32.2125926","-110.9677988","2023-03-01T18:59:03"
"5","0_2","32.2121288","-110.9677878","2023-03-01T18:59:03"
"5","0_2","32.2120937","-110.967787","2023-03-01T18:59:04"
"5","0_2","32.2120444","-110.9677863","2023-03-01T18:59:04"
"5","0_2","32.2120253","-110.9677859","2023-03-01T18:59:05"
"5","0_2","32.2119704","-110.9677858","2023-03-01T18:59:13"
"5","0_2","32.211579","-110.9677852","2023-03-01T18:59:28"
"5","0_2","32.2107422","-110.967783","2023-03-01T18:59:52"
"5","0_2","32.2094233","-110.967744","2023-03-01T19:00:06"
"5","0_2","32.2094269","-110.966975","2023-03-01T19:00:20"
"5","0_2","32.2094305","-110.9662211","2023-03-01T19:00:43"
"5","0_2","32.2081249","-110.9662137","2023-03-01T19:00:55"
"5","0_2","32.208132","-110.9655911","2023-03-01T19:00:55"
"5","0_2","32.2081323","-110.9655614","2023-03-01T19:00:56"
"5","0_2","32.2081334","-110.9654941","2023-03-01T19:00:57"
"5","0_2","32.2081265","-110.9654903","2023-03-01T19:00:57"
"5","0_2","32.2081165","-110.9654789","2023-03-01T19:00:57"
"5","0_2","32.2081102","-110.9654642","2023-03-01T19:00:57"
"5","0_2","32.2081084","-110.9654479","2023-03-01T19:00:57"
"6","1_1","32.2251191","-110.9717455","2023-03-01T18:25:18"
"6","1_1","32.2250755","-110.971743","2023-03-01T18:25:18"
"6","1_1","32.2250617","-110.9717418","2023-03-01T18:25:19"
"6","1_1","32.2249957","-110.971736","2023-03-01T18:25:23"
"6","1_1","32.2246809","-110.9717143","2023-03-01T18:25:27"
"6","1_1","32.2243936","-110.971688","2023-03-01T18:25:27"
"6","1_1","32.2243776","-110.9716839","2023-03-01T18:25:27"
"6","1_1","32.2243711","-110.9716807","2023-03-01T18:25:27"
"6","1_1","32.2243651","-110.9716767","2023-03-01T18:25:28"
"6","1_1","32.2243451","-110.9716603","2023-03-01T18:25:28"
"6","1_1","32.2243391","-110.9716555","2023-03-01T18:25:28"
"6","1_1","32.2243323","-110.9716516","2023-03-01T18:25:28"
"6","1_1","32.2243097","-110.9716446","2023-03-01T18:25:29"
"6","1_1","32.2242322","-110.9716323","2023-03-01T18:25:47"
"6","1_1","32.2229457","-110.9714293","2023-03-01T18:25:48"
"6","1_1","32.2228444","-110.9714133","2023-03-01T18:25:49"
"6","1_1","32.2227805","-110.9714028","2023-03-01T18:26:01"
"6","1_1","32.221949","-110.9712707","2023-03-01T18:26:02"
"6","1_1","32.2218628","-110.9712569","2023-03-01T18:26:02"
"6","1_1","32.2218464","-110.9712554","2023-03-01T18:26:03"
"6","1_1","32.2218143","-110.97125","2023-03-01T18:26:09"
"6","1_1","32.2213199","-110.9711771","2023-03-01T18:26:13"
"6","1_1","32.2210853","-110.9711425","2023-03-01T18:26:13"
"6","1_1","32.2210337","-110.9711354","2023-03-01T18:26:14"
"6","1_1","32.2209873","-110.9711279","2023-03-01T18:26:15"
"6","1_1","32.2209568","-110.971122","2023-03-01T18:26:22"
"6","1_1","32.2204447","-110.9710365","2023-03-01T18:26:27"
"6","1_1","32.2200263","-110.9709587","2023-03-01T18:26:28"
"6","1_1","32.2199647","-110.9709473","2023-03-01T18:26:29"
"6","1_1","32.2198902","-110.9709332","2023-03-01T18:26:32"
"6","1_1","32.2196893","-110.970895","2023-03-01T18:26:32"
"6","1_1","32.2196813","-110.9708935","2023-03-01T18:26:37"
"6","1_1","32.2193096","-110.9708232","2023-03-01T18:26:40"
"6","1_1","32.2190855","-110.9707807","2023-03-01T18:26:44"
"6","1_1","32.2188165","-110.9707319","2023-03-01T18:26:50"
"6","1_1","32.2184168","-110.9706594","2023-03-01T18:26:50"
"6","1_1","32.2183888","-110.9706539","2023-03-01T18:26:53"
"6","1_1","32.2182023","-110.9706169","2023-03-01T18:27:05"
"6","1_1","32.2173316","-110.9704604","2023-03-01T18:27:06"
"6","1_1","32.2172688","-110.9704491","2023-03-01T18:27:06"
"6","1_1","32.2172155","-110.9704395","2023-03-01T18:27:07"
"6","1_1","32.2171803","-110.9704335","2023-03-01T18:27:09"
"6","1_1","32.2170499","-110.9704093","2023-03-01T18:27:11"
"6","1_1","32.2168982","-110.970381","2023-03-01T18:27:12"
"6","1_1","32.2167952","-110.9703618","2023-03-01T18:27:16"
"6","1_1","32.216541","-110.9703146","2023-03-01T18:27:22"
"6","1_1","32.2160896","-110.9702307","2023-03-01T18:27:24"
"6","1_1","32.215952","-110.9702051","2023-03-01T18:27:28"
"6","1_1","32.2156887","-110.9701563","2023-03-01T18:27:35"
"6","1_1","32.2151253","-110.9700527","2023-03-01T18:27:36"
"6","1_1","32.2150889","-110.9700469","2023-03-01T18:27:38"
"6","1_1","32.2150844","-110.9701696","2023-03-01T18:27:54"
"6","1_1","32.2150539","-110.9710185","2023-03-01T18:28"
"6","1_1","32.214705","-110.9709835","2023-03-01T18:28:04"
"6","1_1","32.2144825","-110.9709222","2023-03-01T18:28:05"
"6","1_1","32.2144563","-110.9709109","2023-03-01T18:28:06"
"6","1_1","32.2143712","-110.9708754","2023-03-01T18:28:11"
"6","1_1","32.2141069","-110.970836","2023-03-01T18:28:13"
"6","1_1","32.2140404","-110.9708369","2023-03-01T18:28:26"
"6","1_1","32.2133286","-110.9708464","2023-03-01T18:28:31"
"6","1_1","32.2133324","-110.9705595","2023-03-01T18:28:35"
"6","1_1","32.2133355","-110.9703209","2023-03-01T18:28:36"
"6","1_1","32.2133362","-110.9702684","2023-03-01T18:28:39"
"6","1_1","32.2133383","-110.9701025","2023-03-01T18:28:41"
"6","1_1","32.2132509","-110.9701009","2023-03-01T18:28:55"
"6","1_1","32.2124903","-110.9700911","2023-03-01T18:29:01"
"6","1_1","32.2121454","-110.9700858","2023-03-01T18:29:01"
"6","1_1","32.2121264","-110.9700843","2023-03-01T18:29:03"
"6","1_1","32.2120325","-110.9700849","2023-03-01T18:29:05"
"6","1_1","32.2119351","-110.970083","2023-03-01T18:29:05"
"6","1_1","32.2119147","-110.970083","2023-03-01T18:29:27"
"6","1_1","32.2107308","-110.9700804","2023-03-01T18:29:39"
"6","1_1","32.2100617","-110.9700588","2023-03-01T18:29:44"
"6","1_1","32.2097752","-110.9700523","2023-03-01T18:29:51"
"6","1_1","32.2094088","-110.9700449","2023-03-01T18:29:52"
"6","1_1","32.2093413","-110.970045","2023-03-01T18:30:14"
"6","1_1","32.208111","-110.9700456","2023-03-01T18:30:28"
"6","1_1","32.2081202","-110.9692727","2023-03-01T18:30:39"
"6","1_1","32.2075428","-110.9692774","2023-03-01T18:30:42"
"6","1_1","32.2073543","-110.9692789","2023-03-01T18:30:50"
"6","1_1","32.2069508","-110.969283","2023-03-01T18:30:52"
"6","1_1","32.2068412","-110.9692852","2023-03-01T18:30:59"
"6","1_1","32.2068519","-110.9686586","2023-03-01T18:30:59"
"6","1_1","32.2068522","-110.968644","2023-03-01T18:31"
"6","1_1","32.2068531","-110.968495","2023-03-01T18:31:02"
"6","1_1","32.206733","-110.968494","2023-03-01T18:31:02"
"7","1_1","32.2251191","-110.9717455","2023-03-01T18:57:12"
"7","1_1","32.2250755","-110.971743","2023-03-01T18:57:12"
"7","1_1","32.2250617","-110.9717418","2023-03-01T18:57:13"
"7","1_1","32.2249957","-110.971736","2023-03-01T18:57:17"
"7","1_1","32.2246809","-110.9717143","2023-03-01T18:57:21"
"7","1_1","32.2243936","-110.971688","2023-03-01T18:57:21"
"7","1_1","32.2243776","-110.9716839","2023-03-01T18:57:21"
"7","1_1","32.2243711","-110.9716807","2023-03-01T18:57:21"
"7","1_1","32.2243651","-110.9716767","2023-03-01T18:57:22"
"7","1_1","32.2243451","-110.9716603","2023-03-01T18:57:22"
"7","1_1","32.2243391","-110.9716555","2023-03-01T18:57:22"
"7","1_1","32.2243323","-110.9716516","2023-03-01T18:57:22"
"7","1_1","32.2243097","-110.9716446","2023-03-01T18:57:23"
"7","1_1","32.2242322","-110.9716323","2023-03-01T18:57:41"
"7","1_1","32.2229457","-110.9714293","2023-03-01T18:57:42"
"7","1_1","32.2228444","-110.9714133","2023-03-01T18:57:43"
"7","1_1","32.2227805","-110.9714028","2023-03-01T18:57:55"
"7","1_1","32.221949","-110.9712707","2023-03-01T18:57:56"
"7","1_1","32.2218628","-110.9712569","2023-03-01T18:57:56"
"7","1_1","32.2218464","-110.9712554","2023-03-01T18:57:57"
"7","1_1","32.2218143","-110.97125","2023-03-01T18:58:03"
"7","1_1","32.2213199","-110.9711771","2023-03-01T18:58:07"
"7","1_1","32.2210853","-110.9711425","2023-03-01T18:58:07"
"7","1_1","32.2210337","-110.9711354","2023-03-01T18:58:08"
"7","1_1","32.2209873","-110.9711279","2023-03-01T18:58:09"
"7","1_1","32.2209568","-110.971122","2023-03-01T18:58:16"
"7","1_1","32.2204447","-110.9710365","2023-03-01T18:58:21"
"7","1_1","32.2200263","-110.9709587","2023-03-01T18:58:22"
"7","1_1","32.2199647","-110.9709473","2023-03-01T18:58:23"
"7","1_1","32.2198902","-110.9709332","2023-03-01T18:58:26"
"7","1_1","32.2196893","-110.970895","2023-03-01T18:58:26"
"7","1_1","32.2196813","-110.9708935","2023-03-01T18:58:31"
"7","1_1","32.2193096","-110.9708232","2023-03-01T18:58:34"
"7","1_1","32.2190855","-110.9707807","2023-03-01T18:58:38"
"7","1_1","32.2188165","-110.9707319","2023-03-01T18:58:44"
"7","1_1","32.2184168","-110.9706594","2023-03-01T18:58:44"
"7","1_1","32.2183888","-110.9706539","2023-03-01T18:58:47"
"7","1_1","32.2182023","-110.9706169","2023-03-01T18:58:59"
"7","1_1","32.2173316","-110.9704604","2023-03-01T18:59"
"7","1_1","32.2172688","-110.9704491","2023-03-01T18:59"
"7","1_1","32.2172155","-110.9704395","2023-03-01T18:59:01"
"7","1_1","32.2171803","-110.9704335","2023-03-01T18:59:03"
"7","1_1","32.2170499","-110.9704093","2023-03-01T18:59:05"
"7","1_1","32.2168982","-110.970381","2023-03-01T18:59:06"
"7","1_1","32.2167952","-110.9703618","2023-03-01T18:59:10"
"7","1_1","32.216541","-110.9703146","2023-03-01T18:59:16"
"7","1_1","32.2160896","-110.9702307","2023-03-01T18:59:18"
"7","1_1","32.215952","-110.9702051","2023-03-01T18:59:22"
"7","1_1","32.2156887","-110.9701563","2023-03-01T18:59:29"
"7","1_1","32.2151253","-110.9700527","2023-03-01T18:59:30"
"7","1_1","32.2150889","-110.9700469","2023-03-01T18:59:32"
"7","1_1","32.2150844","-110.9701696","2023-03-01T18:59:48"
"7","1_1","32.2150539","-110.9710185","2023-03-01T18:59:54"
"7","1_1","32.214705","-110.9709835","2023-03-01T18:59:58"
"7","1_1","32.2144825","-110.9709222","2023-03-01T18:59:59"
"7","1_1","32.2144563","-110.9709109","2023-03-01T19:00"
"7","1_1","32.2143712","-110.9708754","2023-03-01T19:00:05"
"7","1_1","32.2141069","-110.970836","2023-03-01T19:00:07"
"7","1_1","32.2140404","-110.9708369","2023-03-01T19:00:20"
"7","1_1","32.2133286","-110.9708464","2023-03-01T19:00:25"
"7","1_1","32.2133324","-110.9705595","2023-03-01T19:00:29"
"7","1_1","32.2133355","-110.9703209","2023-03-01T19:00:30"
"7","1_1","32.2133362","-110.9702684","2023-03-01T19:00:33"
"7","1_1","32.2133383","-110.9701025","2023-03-01T19:00:35"
"7","1_1","32.2132509","-110.9701009","2023-03-01T19:00:49"
"7","1_1","32.2124903","-110.9700911","2023-03-01T19:00:55"
"7","1_1","32.2121454","-110.9700858","2023-03-01T19:00:55"
"7","1_1","32.2121264","-110.9700843","2023-03-01T19:00:57"
"7","1_1","32.2120325","-110.9700849","2023-03-01T19:00:59"
"7","1_1","32.2119351","-110.970083","2023-03-01T19:00:59"
"7","1_1","32.2119147","-110.970083","2023-03-01T19:01:21"
"7","1_1","32.2107308","-110.9700804","2023-03-01T19:01:33"
"7","1_1","32.2100617","-110.9700588","2023-03-01T19:01:38"
"7","1_1","32.2097752","-110.9700523","2023-03-01T19:01:45"
"7","1_1","32.2094088","-110.9700449","2023-03-01T19:01:46"
"7","1_1","32.2093413","-110.970045","2023-03-01T19:02:08"
"7","1_1","32.208111","-110.9700456","2023-03-01T19:02:22"
"7","1_1","32.2081202","-110.9692727","2023-03-01T19:02:33"
"7","1_1","32.2075428","-110.9692774","2023-03-01T19:02:36"
"7","1_1","32.2073543","-110.9692789","2023-03-01T19:02:44"
"7","1_1","32.2069508","-110.969283","2023-03-01T19:02:46"
"7","1_1","32.2068412","-110.9692852","2023-03-01T19:02:53"
"7","1_1","32.2068519","-110.9686586","2023-03-01T19:02:53"
"7","1_1","32.2068522","-110.968644","2023-03-01T19:02:54"
"7","1_1","32.2068531","-110.968495","2023-03-01T19:02:56"
"7","1_1","32.206733","-110.968494","2023-03-01T19:02:56"
"8","1_1","32.2251191","-110.9717455","2023-03-01T18:32:33"
"8","1_1","32.2250755","-110.971743","2023-03-01T18:32:33"
"8","1_1","32.2250617","-110.9717418","2023-03-01T18:32:34"
"8","1_1","32.2249957","-110.971736","2023-03-01T18:32:38"
"8","1_1","32.2246809","-110.9717143","2023-03-01T18:32:42"
"8","1_1","32.2243936","-110.971688","2023-03-01T18:32:42"
"8","1_1","32.2243776","-110.9716839","2023-03-01T18:32:42"
"8","1_1","32.2243711","-110.9716807","2023-03-01T18:32:42"
"8","1_1","32.2243651","-110.9716767","2023-03-01T18:32:43"
"8","1_1","32.2243451","-110.9716603","2023-03-01T18:32:43"
"8","1_1","32.2243391","-110.9716555","2023-03-01T18:32:43"
"8","1_1","32.2243323","-110.9716516","2023-03-01T18:32:43"
"8","1_1","32.2243097","-110.9716446","2023-03-01T18:32:44"
"8","1_1","32.2242322","-110.9716323","2023-03-01T18:33:02"
"8","1_1","32.2229457","-110.9714293","2023-03-01T18:33:03"
"8","1_1","32.2228444","-110.9714133","2023-03-01T18:33:04"
"8","1_1","32.2227805","-110.9714028","2023-03-01T18:33:16"
"8","1_1","32.221949","-110.9712707","2023-03-01T18:33:17"
"8","1_1","32.2218628","-110.9712569","2023-03-01T18:33:17"
"8","1_1","32.2218464","-110.9712554","2023-03-01T18:33:18"
"8","1_1","32.2218143","-110.97125","2023-03-01T18:33:24"
"8","1_1","32.2213199","-110.9711771","2023-03-01T18:33:28"
"8","1_1","32.2210853","-110.9711425","2023-03-01T18:33:28"
"8","1_1","32.2210337","-110.9711354","2023-03-01T18:33:29"
"8","1_1","32.2209873","-110.9711279","2023-03-01T18:33:30"
"8","1_1","32.2209568","-110.971122","2023-03-01T18:33:37"
"8","1_1","32.2204447","-110.9710365","2023-03-01T18:33:42"
"8","1_1","32.2200263","-110.9709587","2023-03-01T18:33:43"
"8","1_1","32.2199647","-110.9709473","2023-03-01T18:33:44"
"8","1_1","32.2198902","-110.9709332","2023-03-01T18:33:47"
"8","1_1","32.2196893","-110.970895","2023-03-01T18:33:47"
"8","1_1","32.2196813","-110.9708935","2023-03-01T18:33:52"
"8","1_1","32.2193096","-110.9708232","2023-03-01T18:33:55"
"8","1_1","32.2190855","-110.9707807","2023-03-01T18:33:59"
"8","1_1","32.2188165","-110.9707319","2023-03-01T18:34:05"
"8","1_1","32.2184168","-110.9706594","2023-03-01T18:34:05"
"8","1_1","32.2183888","-110.9706539","2023-03-01T18:34:08"
"8","1_1","32.2182023","-110.9706169","2023-03-01T18:34:20"
"8","1_1","32.2173316","-110.9704604","2023-03-01T18:34:21"
"8","1_1","32.2172688","-110.9704491","2023-03-01T18:34:21"
"8","1_1","32.2172155","-110.9704395","2023-03-01T18:34:22"
"8","1_1","32.2171803","-110.9704335","2023-03-01T18:34:24"
"8","1_1","32.2170499","-110.9704093","2023-03-01T18:34:26"
"8","1_1","32.2168982","-110.970381","2023-03-01T18:34:27"
"8","1_1","32.2167952","-110.9703618","2023-03-01T18:34:31"
"8","1_1","32.216541","-110.9703146","2023-03-01T18:34:37"
"8","1_1","32.2160896","-110.9702307","2023-03-01T18:34:39"
"8","1_1","32.215952","-110.9702051","2023-03-01T18:34:43"
"8","1_1","32.2156887","-110.9701563","2023-03-01T18:34:50"
"8","1_1","32.2151253","-110.9700527","2023-03-01T18:34:51"
"8","1_1","32.2150889","-110.9700469","2023-03-01T18:34:53"
"8","1_1","32.2150844","-110.9701696","2023-03-01T18:35:09"
"8","1_1","32.2150539","-110.9710185","2023-03-01T18:35:15"
"8","1_1","32.214705","-110.9709835","2023-03-01T18:35:19"
"8","1_1","32.2144825","-110.9709222","2023-03-01T18:35:20"
"8","1_1","32.2144563","-110.9709109","2023-03-01T18:35:21"
"8","1_1","32.2143712","-110.9708754","2023-03-01T18:35:26"
"8","1_1","32.2141069","-110.970836","2023-03-01T18:35:28"
"8","1_1","32.2140404","-110.9708369","2023-03-01T18:35:41"
"8","1_1","32.2133286","-110.9708464","2023-03-01T18:35:46"
"8","1_1","32.2133324","-110.9705595","2023-03-01T18:35:50"
"8","1_1","32.2133355","-110.9703209","2023-03-01T18:35:51"
"8","1_1","32.2133362","-110.9702684","2023-03-01T18:35:54"
"8","1_1","32.2133383","-110.9701025","2023-03-01T18:35:56"
"8","1_1","32.2132509","-110.9701009","2023-03-01T18:36:10"
"8","1_1","32.2124903","-110.9700911","2023-03-01T18:36:16"
"8","1_1","32.2121454","-110.9700858","2023-03-01T18:36:16"
"8","1_1","32.2121264","-110.9700843","2023-03-01T18:36:18"
"8","1_1","32.2120325","-110.9700849","2023-03-01T18:36:20"
"8","1_1","32.2119351","-110.970083","2023-03-01T18:36:20"
"8","1_1","32.2119147","-110.970083","2023-03-01T18:36:42"
"8","1_1","32.2107308","-110.9700804","2023-03-01T18:36:54"
"8","1_1","32.2100617","-110.9700588","2023-03-01T18:36:59"
"8","1_1","32.2097752","-110.9700523","2023-03-01T18:37:06"
"8","1_1","32.2094088","-110.9700449","2023-03-01T18:37:07"
"8","1_1","32.2093413","-110.970045","2023-03-01T18:37:29"
"8","1_1","32.208111","-110.9700456","2023-03-01T18:37:43"
"8","1_1","32.2081202","-110.9692727","2023-03-01T18:37:54"
"8","1_1","32.2075428","-110.9692774","2023-03-01T18:37:57"
"8","1_1","32.2073543","-110.9692789","2023-03-01T18:38:05"
"8","1_1","32.2069508","-110.969283","2023-03-01T18:38:07"
"8","1_1","32.2068412","-110.9692852","2023-03-01T18:38:14"
"8","1_1","32.2068519","-110.9686586","2023-03-01T18:38:14"
"8","1_1","32.2068522","-110.968644","2023-03-01T18:38:15"
"8","1_1","32.2068531","-110.968495","2023-03-01T18:38:17"
"8","1_1","32.206733","-110.968494","2023-03-01T18:38:17"
"9","1_1","32.2251191","-110.9717455","2023-03-01T18:47:41"
"9","1_1","32.2250755","-110.971743","2023-03-01T18:47:41"
"9","1_1","32.2250617","-110.9717418","2023-03-01T18:47:42"
"9","1_1","32.2249957","-110.971736","2023-03-01T18:47:46"
"9","1_1","32.2246809","-110.9717143","2023-03-01T18:47:50"
"9","1_1","32.2243936","-110.971688","2023-03-01T18:47:50"
"9","1_1","32.2243776","-110.9716839","2023-03-01T18:47:50"
"9","1_1","32.2243711","-110.9716807","2023-03-01T18:47:50"
"9","1_1","32.2243651","-110.9716767","2023-03-01T18:47:51"
"9","1_1","32.2243451","-110.9716603","2023-03-01T18:47:51"
"9","1_1","32.2243391","-110.9716555","2023-03-01T18:47:51"
"9","1_1","32.2243323","-110.9716516","2023-03-01T18:47:51"
"9","1_1","32.2243097","-110.9716446","2023-03-01T18:47:52"
"9","1_1","32.2242322","-110.9716323","2023-03-01T18:48:10"
"9","1_1","32.2229457","-110.9714293","2023-03-01T18:48:11"
"9","1_1","32.2228444","-110.9714133","2023-03-01T18:48:12"
"9","1_1","32.2227805","-110.9714028","2023-03-01T18:48:24"
"9","1_1","32.221949","-110.9712707","2023-03-01T18:48:25"
"9","1_1","32.2218628","-110.9712569","2023-03-01T18:48:25"
"9","1_1","32.2218464","-110.9712554","2023-03-01T18:48:26"
"9","1_1","32.2218143","-110.97125","2023-03-01T18:48:32"
"9","1_1","32.2213199","-110.9711771","2023-03-01T18:48:36"
"9","1_1","32.2210853","-110.9711425","2023-03-01T18:48:36"
"9","1_1","32.2210337","-110.9711354","2023-03-01T18:48:37"
"9","1_1","32.2209873","-110.9711279","2023-03-01T18:48:38"
"9","1_1","32.2209568","-110.971122","2023-03-01T18:48:45"
"9","1_1","32.2204447","-110.9710365","2023-03-01T18:48:50"
"9","1_1","32.2200263","-110.9709587","2023-03-01T18:48:51"
"9","1_1","32.2199647","-110.9709473","2023-03-01T18:48:52"
"9","1_1","32.2198902","-110.9709332","2023-03-01T18:48:55"
"9","1_1","32.2196893","-110.970895","2023-03-01T18:48:55"
"9","1_1","32.2196813","-110.9708935","2023-03-01T18:49"
"9","1_1","32.2193096","-110.9708232","2023-03-01T18:49:03"
"9","1_1","32.2190855","-110.9707807","2023-03-01T18:49:07"
"9","1_1","32.2188165","-110.9707319","2023-03-01T18:49:13"
"9","1_1","32.2184168","-110.9706594","2023-03-01T18:49:13"
"9","1_1","32.2183888","-110.9706539","2023-03-01T18:49:16"
"9","1_1","32.2182023","-110.9706169","2023-03-01T18:49:28"
"9","1_1","32.2173316","-110.9704604","2023-03-01T18:49:29"
"9","1_1","32.2172688","-110.9704491","2023-03-01T18:49:29"
"9","1_1","32.2172155","-110.9704395","2023-03-01T18:49:30"
"9","1_1","32.2171803","-110.9704335","2023-03-01T18:49:32"
"9","1_1","32.2170499","-110.9704093","2023-03-01T18:49:34"
"9","1_1","32.2168982","-110.970381","2023-03-01T18:49:35"
"9","1_1","32.2167952","-110.9703618","2023-03-01T18:49:39"
"9","1_1","32.216541","-110.9703146","2023-03-01T18:49:45"
"9","1_1","32.2160896","-110.9702307","2023-03-01T18:49:47"
"9","1_1","32.215952","-110.9702051","2023-03-01T18:49:51"
"9","1_1","32.2156887","-110.9701563","2023-03-01T18:49:58"
"9","1_1","32.2151253","-110.9700527","2023-03-01T18:49:59"
"9","1_1","32.2150889","-110.9700469","2023-03-01T18:50:01"
"9","1_1","32.2150844","-110.9701696","2023-03-01T18:50:17"
"9","1_1","32.2150539","-110.9710185","2023-03-01T18:50:23"
"9","1_1","32.214705","-110.9709835","2023-03-01T18:50:27"
"9","1_1","32.2144825","-110.9709222","2023-03-01T18:50:28"
"9","1_1","32.2144563","-110.9709109","2023-03-01T18:50:29"
"9","1_1","32.2143712","-110.9708754","2023-03-01T18:50:34"
"9","1_1","32.2141069","-110.970836","2023-03-01T18:50:36"
"9","1_1","32.2140404","-110.9708369","2023-03-01T18:50:49"
"9","1_1","32.2133286","-110.9708464","2023-03-01T18:50:54"
"9","1_1","32.2133324","-110.9705595","2023-03-01T18:50:58"
"9","1_1","32.2133355","-110.9703209","2023-03-01T18:50:59"
"9","1_1","32.2133362","-110.9702684","2023-03-01T18:51:02"
"9","1_1","32.2133383","-110.9701025","2023-03-01T18:51:04"
"9","1_1","32.2132509","-110.9701009","2023-03-01T18:51:18"
"9","1_1","32.2124903","-110.9700911","2023-03-01T18:51:24"
"9","1_1","32.2121454","-110.9700858","2023-03-01T18:51:24"
"9","1_1","32.2121264","-110.9700843","2023-03-01T18:51:26"
"9","1_1","32.2120325","-110.9700849","2023-03-01T18:51:28"
"9","1_1","32.2119351","-110.970083","2023-03-01T18:51:28"
"9","1_1","32.2119147","-110.970083","2023-03-01T18:51:50"
"9","1_1","32.2107308","-110.9700804","2023-03-01T18:52:02"
"9","1_1","32.2100617","-110.9700588","2023-03-01T18:52:07"
"9","1_1","32.2097752","-110.9700523","2023-03-01T18:52:14"
"9","1_1","32.2094088","-110.9700449","2023-03-01T18:52:15"
"9","1_1","32.2093413","-110.970045","2023-03-01T18:52:37"
"9","1_1","32.208111","-110.9700456","2023-03-01T18:52:51"
"9","1_1","32.2081202","-110.9692727","2023-03-01T18:53:02"
"9","1_1","32.2075428","-110.9692774","2023-03-01T18:53:05"
"9","1_1","32.2073543","-110.9692789","2023-03-01T18:53:13"
"9","1_1","32.2069508","-110.969283","2023-03-01T18:53:15"
"9","1_1","32.2068412","-110.9692852","2023-03-01T18:53:22"
"9","1_1","32.2068519","-110.9686586","2023-03-01T18:53:22"
"9","1_1","32.2068522","-110.968644","2023-03-01T18:53:23"
"9","1_1","32.2068531","-110.968495","2023-03-01T18:53:25"
"9","1_1","32.206733","-110.968494","2023-03-01T18:53:25"
"10","1_1","32.2251191","-110.9717455","2023-03-01T18:15:46"
"10","1_1","32.2250755","-110.971743","2023-03-01T18:15:46"
"10","1_1","32.2250617","-110.9717418","2023-03-01T18:15:47"
"10","1_1","32.2249957","-110.971736","2023-03-01T18:15:51"
"10","1_1","32.2246809","-110.9717143","2023-03-01T18:15:55"
"10","1_1","32.2243936","-110.971688","2023-03-01T18:15:55"
"10","1_1","32.2243776","-110.9716839","2023-03-01T18:15:55"
"10","1_1","32.2243711","-110.9716807","2023-03-01T18:15:55"
"10","1_1","32.2243651","-110.9716767","2023-03-01T18:15:56"
"10","1_1","32.2243451","-110.9716603","2023-03-01T18:15:56"
"10","1_1","32.2243391","-110.9716555","2023-03-01T18:15:56"
"10","1_1","32.2243323","-110.9716516","2023-03-01T18:15:56"
"10","1_1","32.2243097","-110.9716446","2023-03-01T18:15:57"
"10","1_1","32.2242322","-110.9716323","2023-03-01T18:16:15"
"10","1_1","32.2229457","-110.9714293","2023-03-01T18:16:16"
"10","1_1","32.2228444","-110.9714133","2023-03-01T18:16:17"
"10","1_1","32.2227805","-110.9714028","2023-03-01T18:16:29"
"10","1_1","32.221949","-110.9712707","2023-03-01T18:16:30"
"10","1_1","32.2218628","-110.9712569","2023-03-01T18:16:30"
"10","1_1","32.2218464","-110.9712554","2023-03-01T18:16:31"
"10","1_1","32.2218143","-110.97125","2023-03-01T18:16:37"
"10","1_1","32.2213199","-110.9711771","2023-03-01T18:16:41"
"10","1_1","32.2210853","-110.9711425","2023-03-01T18:16:41"
"10","1_1","32.2210337","-110.9711354","2023-03-01T18:16:42"
"10","1_1","32.2209873","-110.9711279","2023-03-01T18:16:43"
"10","1_1","32.2209568","-110.971122","2023-03-01T18:16:50"
"10","1_1","32.2204447","-110.9710365","2023-03-01T18:16:55"
"10","1_1","32.2200263","-110.9709587","2023-03-01T18:16:56"
"10","1_1","32.2199647","-110.9709473","2023-03-01T18:16:57"
"10","1_1","32.2198902","-110.9709332","2023-03-01T18:17"
"10","1_1","32.2196893","-110.970895","2023-03-01T18:17"
"10","1_1","32.2196813","-110.9708935","2023-03-01T18:17:05"
"10","1_1","32.2193096","-110.9708232","2023-03-01T18:17:08"
"10","1_1","32.2190855","-110.9707807","2023-03-01T18:17:12"
"10","1_1","32.2188165","-110.9707319","2023-03-01T18:17:18"
"10","1_1","32.2184168","-110.9706594","2023-03-01T18:17:18"
"10","1_1","32.2183888","-110.9706539","2023-03-01T18:17:21"
"10","1_1","32.2182023","-110.9706169","2023-03-01T18:17:33"
"10","1_1","32.2173316","-110.9704604","2023-03-01T18:17:34"
"10","1_1","32.2172688","-110.9704491","2023-03-01T18:17:34"
"10","1_1","32.2172155","-110.9704395","2023-03-01T18:17:35"
"10","1_1","32.2171803","-110.9704335","2023-03-01T18:17:37"
"10","1_1","32.2170499","-110.9704093","2023-03-01T18:17:39"
"10","1_1","32.2168982","-110.970381","2023-03-01T18:17:40"
"10","1_1","32.2167952","-110.9703618","2023-03-01T18:17:44"
"10","1_1","32.216541","-110.9703146","2023-03-01T18:17:50"
"10","1_1","32.2160896","-110.9702307","2023-03-01T18:17:52"
"10","1_1","32.215952","-110.9702051","2023-03-01T18:17:56"
"10","1_1","32.2156887","-110.9701563","2023-03-01T18:18:03"
"10","1_1","32.2151253","-110.9700527","2023-03-01T18:18:04"
"10","1_1","32.2150889","-110.9700469","2023-03-01T18:18:06"
"10","1_1","32.2150844","-110.9701696","2023-03-01T18:18:22"
"10","1_1","32.2150539","-110.9710185","2023-03-01T18:18:28"
"10","1_1","32.214705","-110.9709835","2023-03-01T18:18:32"
"10","1_1","32.2144825","-110.9709222","2023-03-01T18:18:33"
"10","1_1","32.2144563","-110.9709109","2023-03-01T18:18:34"
"10","1_1","32.2143712","-110.9708754","2023-03-01T18:18:39"
"10","1_1","32.2141069","-110.970836","2023-03-01T18:18:41"
"10","1_1","32.2140404","-110.9708369","2023-03-01T18:18:54"
"10","1_1","32.2133286","-110.9708464","2023-03-01T18:18:59"
"10","1_1","32.2133324","-110.9705595","2023-03-01T18:19:03"
"10","1_1","32.2133355","-110.9703209","2023-03-01T18:19:04"
"10","1_1","32.2133362","-110.9702684","2023-03-01T18:19:07"
"10","1_1","32.2133383","-110.9701025","2023-03-01T18:19:09"
"10","1_1","32.2132509","-110.9701009","2023-03-01T18:19:23"
"10","1_1","32.2124903","-110.9700911","2023-03-01T18:19:29"
"10","1_1","32.2121454","-110.9700858","2023-03-01T18:19:29"
"10","1_1","32.2121264","-110.9700843","2023-03-01T18:19:31"
"10","1_1","32.2120325","-110.9700849","2023-03-01T18:19:33"
"10","1_1","32.2119351","-110.970083","2023-03-01T18:19:33"
"10","1_1","32.2119147","-110.970083","2023-03-01T18:19:55"
"10","1_1","32.2107308","-110.9700804","2023-03-01T18:20:07"
"10","1_1","32.2100617","-110.9700588","2023-03-01T18:20:12"
"10","1_1","32.2097752","-110.9700523","2023-03-01T18:20:19"
"10","1_1","32.2094088","-110.9700449","2023-03-01T18:20:20"
"10","1_1","32.2093413","-110.970045","2023-03-01T18:20:42"
"10","1_1","32.208111","-110.9700456","2023-03-01T18:20:56"
"10","1_1","32.2081202","-110.9692727","2023-03-01T18:21:07"
"10","1_1","32.2075428","-110.9692774","2023-03-01T18:21:10"
"10","1_1","32.2073543","-110.9692789","2023-03-01T18:21:18"
"10","1_1","32.2069508","-110.969283","2023-03-01T18:21:20"
"10","1_1","32.2068412","-110.9692852","2023-03-01T18:21:27"
"10","1_1","32.2068519","-110.9686586","2023-03-01T18:21:27"
"10","1_1","32.2068522","-110.968644","2023-03-01T18:21:28"
"10","1_1","32.2068531","-110.968495","2023-03-01T18:21:30"
"10","1_1","32.206733","-110.968494","2023-03-01T18:21:30"
"11","1_1","32.2251191","-110.9717455","2023-03-01T18:58:48"
"11","1_1","32.2250755","-110.971743","2023-03-01T18:58:48"
"11","1_1","32.2250617","-110.9717418","2023-03-01T18:58:49"
"11","1_1","32.2249957","-110.971736","2023-03-01T18:58:53"
"11","1_1","32.2246809","-110.9717143","2023-03-01T18:58:57"
"11","1_1","32.2243936","-110.971688","2023-03-01T18:58:57"
"11","1_1","32.2243776","-110.9716839","2023-03-01T18:58:57"
"11","1_1","32.2243711","-110.9716807","2023-03-01T18:58:57"
"11","1_1","32.2243651","-110.9716767","2023-03-01T18:58:58"
"11","1_1","32.2243451","-110.9716603","2023-03-01T18:58:58"
"11","1_1","32.2243391","-110.9716555","2023-03-01T18:58:58"
"11","1_1","32.2243323","-110.9716516","2023-03-01T18:58:58"
"11","1_1","32.2243097","-110.9716446","2023-03-01T18:58:59"
"11","1_1","32.2242322","-110.9716323","2023-03-01T18:59:17"
"11","1_1","32.2229457","-110.9714293","2023-03-01T18:59:18"
"11","1_1","32.2228444","-110.9714133","2023-03-01T18:59:19"
"11","1_1","32.2227805","-110.9714028","2023-03-01T18:59:31"
"11","1_1","32.221949","-110.9712707","2023-03-01T18:59:32"
"11","1_1","32.2218628","-110.9712569","2023-03-01T18:59:32"
"11","1_1","32.2218464","-110.9712554","2023-03-01T18:59:33"
"11","1_1","32.2218143","-110.97125","2023-03-01T18:59:39"
"11","1_1","32.2213199","-110.9711771","2023-03-01T18:59:43"
"11","1_1","32.2210853","-110.9711425","2023-03-01T18:59:43"
"11","1_1","32.2210337","-110.9711354","2023-03-01T18:59:44"
"11","1_1","32.2209873","-110.9711279","2023-03-01T18:59:45"
"11","1_1","32.2209568","-110.971122","2023-03-01T18:59:52"
"11","1_1","32.2204447","-110.9710365","2023-03-01T18:59:57"
"11","1_1","32.2200263","-110.9709587","2023-03-01T18:59:58"
"11","1_1","32.2199647","-110.9709473","2023-03-01T18:59:59"
"11","1_1","32.2198902","-110.9709332","2023-03-01T19:00:02"
"11","1_1","32.2196893","-110.970895","2023-03-01T19:00:02"
"11","1_1","32.2196813","-110.9708935","2023-03-01T19:00:07"
"11","1_1","32.2193096","-110.9708232","2023-03-01T19:00:10"
"11","1_1","32.2190855","-110.9707807","2023-03-01T19:00:14"
"11","1_1","32.2188165","-110.9707319","2023-03-01T19:00:20"
"11","1_1","32.2184168","-110.9706594","2023-03-01T19:00:20"
"11","1_1","32.2183888","-110.9706539","2023-03-01T19:00:23"
"11","1_1","32.2182023","-110.9706169","2023-03-01T19:00:35"
"11","1_1","32.2173316","-110.9704604","2023-03-01T19:00:36"
"11","1_1","32.2172688","-110.9704491","2023-03-01T19:00:36"
"11","1_1","32.2172155","-110.9704395","2023-03-01T19:00:37"
"11","1_1","32.2171803","-110.9704335","2023-03-01T19:00:39"
"11","1_1","32.2170499","-110.9704093","2023-03-01T19:00:41"
"11","1_1","32.2168982","-110.970381","2023-03-01T19:00:42"
"11","1_1","32.2167952","-110.9703618","2023-03-01T19:00:46"
"11","1_1","32.216541","-110.9703146","2023-03-01T19:00:52"
"11","1_1","32.2160896","-110.9702307","2023-03-01T19:00:54"
"11","1_1","32.215952","-110.9702051","2023-03-01T19:00:58"
"11","1_1","32.2156887","-110.9701563","2023-03-01T19:01:05"
"11","1_1","32.2151253","-110.9700527","2023-03-01T19:01:06"
"11","1_1","32.2150889","-110.9700469","2023-03-01T19:01:08"
"11","1_1","32.2150844","-110.9701696","2023-03-01T19:01:24"
"11","1_1","32.2150539","-110.9710185","2023-03-01T19:01:30"
"11","1_1","32.214705","-110.9709835","2023-03-01T19:01:34"
"11","1_1","32.2144825","-110.9709222","2023-03-01T19:01:35"
"11","1_1","32.2144563","-110.9709109","2023-03-01T19:01:36"
"11","1_1","32.2143712","-110.9708754","2023-03-01T19:01:41"
"11","1_1","32.2141069","-110.970836","2023-03-01T19:01:43"
"11","1_1","32.2140404","-110.9708369","2023-03-01T19:01:56"
"11","1_1","32.2133286","-110.9708464","2023-03-01T19:02:01"
"11","1_1","32.2133324","-110.9705595","2023-03-01T19:02:05"
"11","1_1","32.2133355","-110.9703209","2023-03-01T19:02:06"
"11","1_1","32.2133362","-110.9702684","2023-03-01T19:02:09"
"11","1_1","32.2133383","-110.9701025","2023-03-01T19:02:11"
"11","1_1","32.2132509","-110.9701009","2023-03-01T19:02:25"
"11","1_1","32.2124903","-110.9700911","2023-03-01T19:02:31"
"11","1_1","32.2121454","-110.9700858","2023-03-01T19:02:31"
"11","1_1","32.2121264","-110.9700843","2023-03-01T19:02:33"
"11","1_1","32.2120325","-110.9700849","2023-03-01T19:02:35"
"11","1_1","32.2119351","-110.970083","2023-03-01T19:02:35"
"11","1_1","32.2119147","-110.970083","2023-03-01T19:02:57"
"11","1_1","32.2107308","-110.9700804","2023-03-01T19:03:09"
"11","1_1","32.2100617","-110.9700588","2023-03-01T19:03:14"
"11","1_1","32.2097752","-110.9700523","2023-03-01T19:03:21"
"11","1_1","32.2094088","-110.9700449","2023-03-01T19:03:22"
"11","1_1","32.2093413","-110.970045","2023-03-01T19:03:44"
"11","1_1","32.208111","-110.9700456","2023-03-01T19:03:58"
"11","1_1","32.2081202","-110.9692727","2023-03-01T19:04:09"
"11","1_1","32.2075428","-110.9692774","2023-03-01T19:04:12"
"11","1_1","32.2073543","-110.9692789","2023-03-01T19:04:20"
"11","1_1","32.2069508","-110.969283","2023-03-01T19:04:22"
"11","1_1","32.2068412","-110.9692852","2023-03-01T19:04:29"
"11","1_1","32.2068519","-110.9686586","2023-03-01T19:04:29"
"11","1_1","32.2068522","-110.968644","2023-03-01T19:04:30"
"11","1_1","32.2068531","-110.968495","2023-03-01T19:04:32"
"11","1_1","32.206733","-110.968494","2023-03-01T19:04:32"
"12","2_2","32.2250308","-110.9686563","2023-03-01T18:09:38"
"12","2_2","32.2254915","-110.9686615","2023-03-01T18:09:45"
"12","2_2","32.2260369","-110.9686674","2023-03-01T18:09:48"
"12","2_2","32.2262536","-110.9686703","2023-03-01T18:09:48"
"12","2_2","32.2262711","-110.9686707","2023-03-01T18:09:49"
"12","2_2","32.2263234","-110.9686722","2023-03-01T18:09:50"
"12","2_2","32.226408","-110.9686747","2023-03-01T18:09:52"
"12","2_2","32.2264094","-110.9685887","2023-03-01T18:09:52"
"12","2_2","32.2264096","-110.9685649","2023-03-01T18:09:52"
"12","2_2","32.2264084","-110.9685432","2023-03-01T18:09:53"
"12","2_2","32.2264063","-110.9685147","2023-03-01T18:09:54"
"12","2_2","32.2264038","-110.9684805","2023-03-01T18:09:54"
"12","2_2","32.2264012","-110.9684467","2023-03-01T18:09:55"
"12","2_2","32.2263975","-110.9683964","2023-03-01T18:09:55"
"12","2_2","32.2263964","-110.9683744","2023-03-01T18:09:56"
"12","2_2","32.2263961","-110.9683514","2023-03-01T18:09:59"
"12","2_2","32.2263958","-110.9681887","2023-03-01T18:10:04"
"12","2_2","32.2263953","-110.9679039","2023-03-01T18:10:05"
"12","2_2","32.2263954","-110.9678388","2023-03-01T18:10:08"
"12","2_2","32.2263956","-110.9677084","2023-03-01T18:10:13"
"12","2_2","32.2263961","-110.9674287","2023-03-01T18:10:13"
"12","2_2","32.2263973","-110.9674084","2023-03-01T18:10:13"
"12","2_2","32.2263995","-110.9673891","2023-03-01T18:10:17"
"12","2_2","32.2264171","-110.9672189","2023-03-01T18:10:17"
"12","2_2","32.2264187","-110.9671998","2023-03-01T18:10:17"
"12","2_2","32.2264196","-110.967181","2023-03-01T18:10:18"
"12","2_2","32.2264203","-110.9671334","2023-03-01T18:10:20"
"12","2_2","32.2263174","-110.9671314","2023-03-01T18:10:21"
"12","2_2","32.2262868","-110.9671265","2023-03-01T18:10:22"
"12","2_2","32.2262355","-110.9671074","2023-03-01T18:10:22"
"12","2_2","32.2262297","-110.9671053","2023-03-01T18:10:22"
"12","2_2","32.2262212","-110.9671022","2023-03-01T18:10:22"
"12","2_2","32.2261884","-110.9670955","2023-03-01T18:10:23"
"12","2_2","32.2261487","-110.9670922","2023-03-01T18:10:24"
"12","2_2","32.2261098","-110.9670915","2023-03-01T18:10:25"
"12","2_2","32.226049","-110.9670905","2023-03-01T18:10:28"
"12","2_2","32.2258598","-110.9670872","2023-03-01T18:10:29"
"12","2_2","32.2258254","-110.9670866","2023-03-01T18:10:33"
"12","2_2","32.2256113","-110.9670828","2023-03-01T18:10:33"
"12","2_2","32.2255904","-110.9670815","2023-03-01T18:10:33"
"12","2_2","32.2255851","-110.9670812","2023-03-01T18:10:34"
"12","2_2","32.2255329","-110.9670756","2023-03-01T18:10:35"
"12","2_2","32.225509","-110.9670741","2023-03-01T18:10:38"
"12","2_2","32.225322","-110.9670697","2023-03-01T18:10:40"
"12","2_2","32.2252293","-110.9670675","2023-03-01T18:10:40"
"12","2_2","32.2252112","-110.9670631","2023-03-01T18:10:41"
"12","2_2","32.2251967","-110.9670541","2023-03-01T18:10:41"
"12","2_2","32.2251805","-110.967038","2023-03-01T18:10:41"
"12","2_2","32.2251653","-110.9670189","2023-03-01T18:10:42"
"12","2_2","32.2251492","-110.9669957","2023-03-01T18:10:43"
"12","2_2","32.2251194","-110.9669313","2023-03-01T18:10:44"
"12","2_2","32.2250965","-110.9669636","2023-03-01T18:10:45"
"12","2_2","32.2250744","-110.9669913","2023-03-01T18:10:46"
"12","2_2","32.2250325","-110.9670197","2023-03-01T18:10:46"
"12","2_2","32.2250079","-110.9670364","2023-03-01T18:10:48"
"12","2_2","32.2248951","-110.9670732","2023-03-01T18:10:50"
"12","2_2","32.2247766","-110.9670769","2023-03-01T18:10:53"
"12","2_2","32.2246643","-110.967003","2023-03-01T18:11:10"
"12","2_2","32.2240624","-110.966291","2023-03-01T18:11:13"
"12","2_2","32.2239354","-110.9661408","2023-03-01T18:11:14"
"12","2_2","32.2239129","-110.9661131","2023-03-01T18:11:15"
"12","2_2","32.2238965","-110.9660904","2023-03-01T18:11:15"
"12","2_2","32.2238793","-110.9660611","2023-03-01T18:11:16"
"12","2_2","32.2238678","-110.9660367","2023-03-01T18:11:16"
"12","2_2","32.2238585","-110.9660106","2023-03-01T18:11:17"
"12","2_2","32.223851","-110.9659766","2023-03-01T18:11:17"
"12","2_2","32.2238473","-110.9659442","2023-03-01T18:11:18"
"12","2_2","32.223846","-110.9659156","2023-03-01T18:11:18"
"12","2_2","32.2238457","-110.9658886","2023-03-01T18:11:22"
"12","2_2","32.2238447","-110.9657058","2023-03-01T18:11:22"
"12","2_2","32.2238454","-110.9656901","2023-03-01T18:11:22"
"12","2_2","32.2238455","-110.9656867","2023-03-01T18:11:22"
"12","2_2","32.2238482","-110.9656678","2023-03-01T18:11:23"
"12","2_2","32.2238521","-110.965651","2023-03-01T18:11:23"
"12","2_2","32.2238533","-110.9656417","2023-03-01T18:11:24"
"12","2_2","32.2238047","-110.9656473","2023-03-01T18:11:24"
"12","2_2","32.22376","-110.9656543","2023-03-01T18:11:26"
"12","2_2","32.2236657","-110.9656722","2023-03-01T18:11:29"
"12","2_2","32.2234274","-110.9657359","2023-03-01T18:11:38"
"12","2_2","32.2227648","-110.9659173","2023-03-01T18:11:44"
"12","2_2","32.222347","-110.9660359","2023-03-01T18:11:45"
"12","2_2","32.2222794","-110.9660681","2023-03-01T18:11:46"
"12","2_2","32.2222305","-110.9661055","2023-03-01T18:11:47"
"12","2_2","32.2221914","-110.9661513","2023-03-01T18:11:48"
"12","2_2","32.22216","-110.9662102","2023-03-01T18:11:48"
"12","2_2","32.2221457","-110.9662006","2023-03-01T18:11:48"
"12","2_2","32.2221266","-110.9661889","2023-03-01T18:11:49"
"12","2_2","32.2221222","-110.9661469","2023-03-01T18:11:50"
"12","2_2","32.2221084","-110.9660796","2023-03-01T18:11:50"
"12","2_2","32.2220868","-110.9660326","2023-03-01T18:11:51"
"12","2_2","32.2220231","-110.9659285","2023-03-01T18:11:52"
"12","2_2","32.2220097","-110.9659066","2023-03-01T18:11:54"
"12","2_2","32.2219053","-110.9657832","2023-03-01T18:11:57"
"12","2_2","32.2217054","-110.9655445","2023-03-01T18:11:59"
"12","2_2","32.2216041","-110.9654235","2023-03-01T18:11:59"
"12","2_2","32.2215833","-110.9653982","2023-03-01T18:11:59"
"12","2_2","32.2215595","-110.9653702","2023-03-01T18:12"
"12","2_2","32.2215312","-110.9653364","2023-03-01T18:12"
"12","2_2","32.221496","-110.9652988","2023-03-01T18:12:01"
"12","2_2","32.2214479","-110.9652474","2023-03-01T18:12:01"
"12","2_2","32.2214321","-110.9652305","2023-03-01T18:12:02"
"12","2_2","32.2214219","-110.9651784","2023-03-01T18:12:03"
"12","2_2","32.2214265","-110.9651193","2023-03-01T18:12:03"
"12","2_2","32.2214317","-110.965092","2023-03-01T18:12:04"
"12","2_2","32.2214367","-110.965067","2023-03-01T18:12:05"
"12","2_2","32.2214639","-110.9649893","2023-03-01T18:12:06"
"12","2_2","32.2215013","-110.9649034","2023-03-01T18:12:07"
"12","2_2","32.2215277","-110.9648179","2023-03-01T18:12:08"
"12","2_2","32.2215483","-110.9647597","2023-03-01T18:12:09"
"12","2_2","32.2215479","-110.9647186","2023-03-01T18:12:09"
"12","2_2","32.2215467","-110.9647094","2023-03-01T18:12:09"
"12","2_2","32.2215428","-110.9646784","2023-03-01T18:12:10"
"12","2_2","32.2215285","-110.9646431","2023-03-01T18:12:11"
"12","2_2","32.221491","-110.9645783","2023-03-01T18:12:16"
"12","2_2","32.2212516","-110.9643005","2023-03-01T18:12:28"
"12","2_2","32.2206487","-110.9636704","2023-03-01T18:12:33"
"12","2_2","32.2203813","-110.9634121","2023-03-01T18:12:38"
"12","2_2","32.2201334","-110.9631779","2023-03-01T18:12:39"
"12","2_2","32.2200304","-110.9630807","2023-03-01T18:12:42"
"12","2_2","32.2199649","-110.9631947","2023-03-01T18:12:43"
"12","2_2","32.2199356","-110.9632457","2023-03-01T18:12:46"
"12","2_2","32.2199138","-110.9634259","2023-03-01T18:12:56"
"12","2_2","32.2198957","-110.963988","2023-03-01T18:12:58"
"12","2_2","32.2198312","-110.9639877","2023-03-01T18:13:04"
"12","2_2","32.219468","-110.9639857","2023-03-01T18:13:19"
"12","2_2","32.2186711","-110.9639815","2023-03-01T18:13:20"
"12","2_2","32.2186034","-110.9639811","2023-03-01T18:13:22"
"12","2_2","32.2184919","-110.9639813","2023-03-01T18:13:24"
"12","2_2","32.2183838","-110.9639814","2023-03-01T18:13:43"
"12","2_2","32.2173541","-110.9639681","2023-03-01T18:13:43"
"12","2_2","32.2173208","-110.9639685","2023-03-01T18:13:43"
"12","2_2","32.2173205","-110.9639749","2023-03-01T18:13:44"
"12","2_2","32.2173167","-110.9639859","2023-03-01T18:13:44"
"12","2_2","32.2173099","-110.9639946","2023-03-01T18:13:44"
"12","2_2","32.2173011","-110.9640002","2023-03-01T18:13:44"
"12","2_2","32.2172944","-110.9640013","2023-03-01T18:13:58"
"12","2_2","32.2172852","-110.9647431","2023-03-01T18:13:59"
"12","2_2","32.2171971","-110.9647409","2023-03-01T18:14:20"
"12","2_2","32.2160674","-110.9647481","2023-03-01T18:14:22"
"12","2_2","32.2159774","-110.9647464","2023-03-01T18:14:23"
"12","2_2","32.2158835","-110.9647417","2023-03-01T18:14:44"
"12","2_2","32.2147615","-110.9647354","2023-03-01T18:14:45"
"12","2_2","32.2146722","-110.9647459","2023-03-01T18:14:47"
"12","2_2","32.2145778","-110.9647486","2023-03-01T18:15:07"
"12","2_2","32.2134676","-110.9647325","2023-03-01T18:15:09"
"12","2_2","32.2133544","-110.9647322","2023-03-01T18:15:11"
"12","2_2","32.2132695","-110.9647338","2023-03-01T18:15:31"
"12","2_2","32.212141","-110.9647156","2023-03-01T18:15:33"
"12","2_2","32.2120756","-110.9647127","2023-03-01T18:15:35"
"12","2_2","32.2119634","-110.9647113","2023-03-01T18:15:55"
"12","2_2","32.2108321","-110.9646928","2023-03-01T18:15:57"
"12","2_2","32.2107504","-110.9646986","2023-03-01T18:16:21"
"12","2_2","32.2094377","-110.964686","2023-03-01T18:16:22"
"12","2_2","32.209373","-110.9646846","2023-03-01T18:16:42"
"12","2_2","32.2082676","-110.9647012","2023-03-01T18:16:44"
"12","2_2","32.2081655","-110.9647185","2023-03-01T18:16:55"
"12","2_2","32.2081358","-110.9653124","2023-03-01T18:16:55"
"12","2_2","32.2081354","-110.965336","2023-03-01T18:16:56"
"12","2_2","32.2081345","-110.9654046","2023-03-01T18:16:56"
"12","2_2","32.2081282","-110.9654076","2023-03-01T18:16:57"
"12","2_2","32.2081179","-110.9654182","2023-03-01T18:16:57"
"12","2_2","32.2081111","-110.9654321","2023-03-01T18:16:57"
"12","2_2","32.2081084","-110.9654479","2023-03-01T18:16:57"
"13","2_2","32.2250308","-110.9686563","2023-03-01T18:37:12"
"13","2_2","32.2254915","-110.9686615","2023-03-01T18:37:19"
"13","2_2","32.2260369","-110.9686674","2023-03-01T18:37:22"
"13","2_2","32.2262536","-110.9686703","2023-03-01T18:37:22"
"13","2_2","32.2262711","-110.9686707","2023-03-01T18:37:23"
"13","2_2","32.2263234","-110.9686722","2023-03-01T18:37:24"
"13","2_2","32.226408","-110.9686747","2023-03-01T18:37:26"
"13","2_2","32.2264094","-110.9685887","2023-03-01T18:37:26"
"13","2_2","32.2264096","-110.9685649","2023-03-01T18:37:26"
"13","2_2","32.2264084","-110.9685432","2023-03-01T18:37:27"
"13","2_2","32.2264063","-110.9685147","2023-03-01T18:37:28"
"13","2_2","32.2264038","-110.9684805","2023-03-01T18:37:28"
"13","2_2","32.2264012","-110.9684467","2023-03-01T18:37:29"
"13","2_2","32.2263975","-110.9683964","2023-03-01T18:37:29"
"13","2_2","32.2263964","-110.9683744","2023-03-01T18:37:30"
"13","2_2","32.2263961","-110.9683514","2023-03-01T18:37:33"
"13","2_2","32.2263958","-110.9681887","2023-03-01T18:37:38"
"13","2_2","32.2263953","-110.9679039","2023-03-01T18:37:39"
"13","2_2","32.2263954","-110.9678388","2023-03-01T18:37:42"
"13","2_2","32.2263956","-110.9677084","2023-03-01T18:37:47"
"13","2_2","32.2263961","-110.9674287","2023-03-01T18:37:47"
"13","2_2","32.2263973","-110.9674084","2023-03-01T18:37:47"
"13","2_2","32.2263995","-110.9673891","2023-03-01T18:37:51"
"13","2_2","32.2264171","-110.9672189","2023-03-01T18:37:51"
"13","2_2","32.2264187","-110.9671998","2023-03-01T18:37:51"
"13","2_2","32.2264196","-110.967181","2023-03-01T18:37:52"
"13","2_2","32.2264203","-110.9671334","2023-03-01T18:37:54"
"13","2_2","32.2263174","-110.9671314","2023-03-01T18:37:55"
"13","2_2","32.2262868","-110.9671265","2023-03-01T18:37:56"
"13","2_2","32.2262355","-110.9671074","2023-03-01T18:37:56"
"13","2_2","32.2262297","-110.9671053","2023-03-01T18:37:56"
"13","2_2","32.2262212","-110.9671022","2023-03-01T18:37:56"
"13","2_2","32.2261884","-110.9670955","2023-03-01T18:37:57"
"13","2_2","32.2261487","-110.9670922","2023-03-01T18:37:58"
"13","2_2","32.2261098","-110.9670915","2023-03-01T18:37:59"
"13","2_2","32.226049","-110.9670905","2023-03-01T18:38:02"
"13","2_2","32.2258598","-110.9670872","2023-03-01T18:38:03"
"13","2_2","32.2258254","-110.9670866","2023-03-01T18:38:07"
"13","2_2","32.2256113","-110.9670828","2023-03-01T18:38:07"
"13","2_2","32.2255904","-110.9670815","2023-03-01T18:38:07"
"13","2_2","32.2255851","-110.9670812","2023-03-01T18:38:08"
"13","2_2","32.2255329","-110.9670756","2023-03-01T18:38:09"
"13","2_2","32.225509","-110.9670741","2023-03-01T18:38:12"
"13","2_2","32.225322","-110.9670697","2023-03-01T18:38:14"
"13","2_2","32.2252293","-110.9670675","2023-03-01T18:38:14"
"13","2_2","32.2252112","-110.9670631","2023-03-01T18:38:15"
"13","2_2","32.2251967","-110.9670541","2023-03-01T18:38:15"
"13","2_2","32.2251805","-110.967038","2023-03-01T18:38:15"
"13","2_2","32.2251653","-110.9670189","2023-03-01T18:38:16"
"13","2_2","32.2251492","-110.9669957","2023-03-01T18:38:17"
"13","2_2","32.2251194","-110.9669313","2023-03-01T18:38:18"
"13","2_2","32.2250965","-110.9669636","2023-03-01T18:38:19"
"13","2_2","32.2250744","-110.9669913","2023-03-01T18:38:20"
"13","2_2","32.2250325","-110.9670197","2023-03-01T18:38:20"
"13","2_2","32.2250079","-110.9670364","2023-03-01T18:38:22"
"13","2_2","32.2248951","-110.9670732","2023-03-01T18:38:24"
"13","2_2","32.2247766","-110.9670769","2023-03-01T18:38:27"
"13","2_2","32.2246643","-110.967003","2023-03-01T18:38:44"
"13","2_2","32.2240624","-110.966291","2023-03-01T18:38:47"
"13","2_2","32.2239354","-110.9661408","2023-03-01T18:38:48"
"13","2_2","32.2239129","-110.9661131","2023-03-01T18:38:49"
"13","2_2","32.2238965","-110.9660904","2023-03-01T18:38:49"
"13","2_2","32.2238793","-110.9660611","2023-03-01T18:38:50"
"13","2_2","32.2238678","-110.9660367","2023-03-01T18:38:50"
"13","2_2","32.2238585","-110.9660106","2023-03-01T18:38:51"
"13","2_2","32.223851","-110.9659766","2023-03-01T18:38:51"
"13","2_2","32.2238473","-110.9659442","2023-03-01T18:38:52"
"13","2_2","32.223846","-110.9659156","2023-03-01T18:38:52"
"13","2_2","32.2238457","-110.9658886","2023-03-01T18:38:56"
"13","2_2","32.2238447","-110.9657058","2023-03-01T18:38:56"
"13","2_2","32.2238454","-110.9656901","2023-03-01T18:38:56"
"13","2_2","32.2238455","-110.9656867","2023-03-01T18:38:56"
"13","2_2","32.2238482","-110.9656678","2023-03-01T18:38:57"
"13","2_2","32.2238521","-110.965651","2023-03-01T18:38:57"
"13","2_2","32.2238533","-110.9656417","2023-03-01T18:38:58"
"13","2_2","32.2238047","-110.9656473","2023-03-01T18:38:58"
"13","2_2","32.22376","-110.9656543","2023-03-01T18:39"
"13","2_2","32.2236657","-110.9656722","2023-03-01T18:39:03"
"13","2_2","32.2234274","-110.9657359","2023-03-01T18:39:12"
"13","2_2","32.2227648","-110.9659173","2023-03-01T18:39:18"
"13","2_2","32.222347","-110.9660359","2023-03-01T18:39:19"
"13","2_2","32.2222794","-110.9660681","2023-03-01T18:39:20"
"13","2_2","32.2222305","-110.9661055","2023-03-01T18:39:21"
"13","2_2","32.2221914","-110.9661513","2023-03-01T18:39:22"
"13","2_2","32.22216","-110.9662102","2023-03-01T18:39:22"
"13","2_2","32.2221457","-110.9662006","2023-03-01T18:39:22"
"13","2_2","32.2221266","-110.9661889","2023-03-01T18:39:23"
"13","2_2","32.2221222","-110.9661469","2023-03-01T18:39:24"
"13","2_2","32.2221084","-110.9660796","2023-03-01T18:39:24"
"13","2_2","32.2220868","-110.9660326","2023-03-01T18:39:25"
"13","2_2","32.2220231","-110.9659285","2023-03-01T18:39:26"
"13","2_2","32.2220097","-110.9659066","2023-03-01T18:39:28"
"13","2_2","32.2219053","-110.9657832","2023-03-01T18:39:31"
"13","2_2","32.2217054","-110.9655445","2023-03-01T18:39:33"
"13","2_2","32.2216041","-110.9654235","2023-03-01T18:39:33"
"13","2_2","32.2215833","-110.9653982","2023-03-01T18:39:33"
"13","2_2","32.2215595","-110.9653702","2023-03-01T18:39:34"
"13","2_2","32.2215312","-110.9653364","2023-03-01T18:39:34"
"13","2_2","32.221496","-110.9652988","2023-03-01T18:39:35"
"13","2_2","32.2214479","-110.9652474","2023-03-01T18:39:35"
"13","2_2","32.2214321","-110.9652305","2023-03-01T18:39:36"
"13","2_2","32.2214219","-110.9651784","2023-03-01T18:39:37"
"13","2_2","32.2214265","-110.9651193","2023-03-01T18:39:37"
"13","2_2","32.2214317","-110.965092","2023-03-01T18:39:38"
"13","2_2","32.2214367","-110.965067","2023-03-01T18:39:39"
"13","2_2","32.2214639","-110.9649893","2023-03-01T18:39:40"
"13","2_2","32.2215013","-110.9649034","2023-03-01T18:39:41"
"13","2_2","32.2215277","-110.9648179","2023-03-01T18:39:42"
"13","2_2","32.2215483","-110.9647597","2023-03-01T18:39:43"
"13","2_2","32.2215479","-110.9647186","2023-03-01T18:39:43"
"13","2_2","32.2215467","-110.9647094","2023-03-01T18:39:43"
"13","2_2","32.2215428","-110.9646784","2023-03-01T18:39:44"
"13","2_2","32.2215285","-110.9646431","2023-03-01T18:39:45"
"13","2_2","32.221491","-110.9645783","2023-03-01T18:39:50"
"13","2_2","32.2212516","-110.9643005","2023-03-01T18:40:02"
"13","2_2","32.2206487","-110.9636704","2023-03-01T18:40:07"
"13","2_2","32.2203813","-110.9634121","2023-03-01T18:40:12"
"13","2_2","32.2201334","-110.9631779","2023-03-01T18:40:13"
"13","2_2","32.2200304","-110.9630807","2023-03-01T18:40:16"
"13","2_2","32.2199649","-110.9631947","2023-03-01T18:40:17"
"13","2_2","32.2199356","-110.9632457","2023-03-01T18:40:20"
"13","2_2","32.2199138","-110.9634259","2023-03-01T18:40:30"
"13","2_2","32.2198957","-110.963988","2023-03-01T18:40:32"
"13","2_2","32.2198312","-110.9639877","2023-03-01T18:40:38"
"13","2_2","32.219468","-110.9639857","2023-03-01T18:40:53"
"13","2_2","32.2186711","-110.9639815","2023-03-01T18:40:54"
"13","2_2","32.2186034","-110.9639811","2023-03-01T18:40:56"
"13","2_2","32.2184919","-110.9639813","2023-03-01T18:40:58"
"13","2_2","32.2183838","-110.9639814","2023-03-01T18:41:17"
"13","2_2","32.2173541","-110.9639681","2023-03-01T18:41:17"
"13","2_2","32.2173208","-110.9639685","2023-03-01T18:41:17"
"13","2_2","32.2173205","-110.9639749","2023-03-01T18:41:18"
"13","2_2","32.2173167","-110.9639859","2023-03-01T18:41:18"
"13","2_2","32.2173099","-110.9639946","2023-03-01T18:41:18"
"13","2_2","32.2173011","-110.9640002","2023-03-01T18:41:18"
"13","2_2","32.2172944","-110.9640013","2023-03-01T18:41:32"
"13","2_2","32.2172852","-110.9647431","2023-03-01T18:41:33"
"13","2_2","32.2171971","-110.9647409","2023-03-01T18:41:54"
"13","2_2","32.2160674","-110.9647481","2023-03-01T18:41:56"
"13","2_2","32.2159774","-110.9647464","2023-03-01T18:41:57"
"13","2_2","32.2158835","-110.9647417","2023-03-01T18:42:18"
"13","2_2","32.2147615","-110.9647354","2023-03-01T18:42:19"
"13","2_2","32.2146722","-110.9647459","2023-03-01T18:42:21"
"13","2_2","32.2145778","-110.9647486","2023-03-01T18:42:41"
"13","2_2","32.2134676","-110.9647325","2023-03-01T18:42:43"
"13","2_2","32.2133544","-110.9647322","2023-03-01T18:42:45"
"13","2_2","32.2132695","-110.9647338","2023-03-01T18:43:05"
"13","2_2","32.212141","-110.9647156","2023-03-01T18:43:07"
"13","2_2","32.2120756","-110.9647127","2023-03-01T18:43:09"
"13","2_2","32.2119634","-110.9647113","2023-03-01T18:43:29"
"13","2_2","32.2108321","-110.9646928","2023-03-01T18:43:31"
"13","2_2","32.2107504","-110.9646986","2023-03-01T18:43:55"
"13","2_2","32.2094377","-110.964686","2023-03-01T18:43:56"
"13","2_2","32.209373","-110.9646846","2023-03-01T18:44:16"
"13","2_2","32.2082676","-110.9647012","2023-03-01T18:44:18"
"13","2_2","32.2081655","-110.9647185","2023-03-01T18:44:29"
"13","2_2","32.2081358","-110.9653124","2023-03-01T18:44:29"
"13","2_2","32.2081354","-110.965336","2023-03-01T18:44:30"
"13","2_2","32.2081345","-110.9654046","2023-03-01T18:44:30"
"13","2_2","32.2081282","-110.9654076","2023-03-01T18:44:31"
"13","2_2","32.2081179","-110.9654182","2023-03-01T18:44:31"
"13","2_2","32.2081111","-110.9654321","2023-03-01T18:44:31"
"13","2_2","32.2081084","-110.9654479","2023-03-01T18:44:31"
"14","2_2","32.2250308","-110.9686563","2023-03-01T18:42:43"
"14","2_2","32.2254915","-110.9686615","2023-03-01T18:42:50"
"14","2_2","32.2260369","-110.9686674","2023-03-01T18:42:53"
"14","2_2","32.2262536","-110.9686703","2023-03-01T18:42:53"
"14","2_2","32.2262711","-110.9686707","2023-03-01T18:42:54"
"14","2_2","32.2263234","-110.9686722","2023-03-01T18:42:55"
"14","2_2","32.226408","-110.9686747","2023-03-01T18:42:57"
"14","2_2","32.2264094","-110.9685887","2023-03-01T18:42:57"
"14","2_2","32.2264096","-110.9685649","2023-03-01T18:42:57"
"14","2_2","32.2264084","-110.9685432","2023-03-01T18:42:58"
"14","2_2","32.2264063","-110.9685147","2023-03-01T18:42:59"
"14","2_2","32.2264038","-110.9684805","2023-03-01T18:42:59"
"14","2_2","32.2264012","-110.9684467","2023-03-01T18:43"
"14","2_2","32.2263975","-110.9683964","2023-03-01T18:43"
"14","2_2","32.2263964","-110.9683744","2023-03-01T18:43:01"
"14","2_2","32.2263961","-110.9683514","2023-03-01T18:43:04"
"14","2_2","32.2263958","-110.9681887","2023-03-01T18:43:09"
"14","2_2","32.2263953","-110.9679039","2023-03-01T18:43:10"
"14","2_2","32.2263954","-110.9678388","2023-03-01T18:43:13"
"14","2_2","32.2263956","-110.9677084","2023-03-01T18:43:18"
"14","2_2","32.2263961","-110.9674287","2023-03-01T18:43:18"
"14","2_2","32.2263973","-110.9674084","2023-03-01T18:43:18"
"14","2_2","32.2263995","-110.9673891","2023-03-01T18:43:22"
"14","2_2","32.2264171","-110.9672189","2023-03-01T18:43:22"
"14","2_2","32.2264187","-110.9671998","2023-03-01T18:43:22"
"14","2_2","32.2264196","-110.967181","2023-03-01T18:43:23"
"14","2_2","32.2264203","-110.9671334","2023-03-01T18:43:25"
"14","2_2","32.2263174","-110.9671314","2023-03-01T18:43:26"
"14","2_2","32.2262868","-110.9671265","2023-03-01T18:43:27"
"14","2_2","32.2262355","-110.9671074","2023-03-01T18:43:27"
"14","2_2","32.2262297","-110.9671053","2023-03-01T18:43:27"
"14","2_2","32.2262212","-110.9671022","2023-03-01T18:43:27"
"14","2_2","32.2261884","-110.9670955","2023-03-01T18:43:28"
"14","2_2","32.2261487","-110.9670922","2023-03-01T18:43:29"
"14","2_2","32.2261098","-110.9670915","2023-03-01T18:43:30"
"14","2_2","32.226049","-110.9670905","2023-03-01T18:43:33"
"14","2_2","32.2258598","-110.9670872","2023-03-01T18:43:34"
"14","2_2","32.2258254","-110.9670866","2023-03-01T18:43:38"
"14","2_2","32.2256113","-110.9670828","2023-03-01T18:43:38"
"14","2_2","32.2255904","-110.9670815","2023-03-01T18:43:38"
"14","2_2","32.2255851","-110.9670812","2023-03-01T18:43:39"
"14","2_2","32.2255329","-110.9670756","2023-03-01T18:43:40"
"14","2_2","32.225509","-110.9670741","2023-03-01T18:43:43"
"14","2_2","32.225322","-110.9670697","2023-03-01T18:43:45"
"14","2_2","32.2252293","-110.9670675","2023-03-01T18:43:45"
"14","2_2","32.2252112","-110.9670631","2023-03-01T18:43:46"
"14","2_2","32.2251967","-110.9670541","2023-03-01T18:43:46"
"14","2_2","32.2251805","-110.967038","2023-03-01T18:43:46"
"14","2_2","32.2251653","-110.9670189","2023-03-01T18:43:47"
"14","2_2","32.2251492","-110.9669957","2023-03-01T18:43:48"
"14","2_2","32.2251194","-110.9669313","2023-03-01T18:43:49"
"14","2_2","32.2250965","-110.9669636","2023-03-01T18:43:50"
"14","2_2","32.2250744","-110.9669913","2023-03-01T18:43:51"
"14","2_2","32.2250325","-110.9670197","2023-03-01T18:43:51"
"14","2_2","32.2250079","-110.9670364","2023-03-01T18:43:53"
"14","2_2","32.2248951","-110.9670732","2023-03-01T18:43:55"
"14","2_2","32.2247766","-110.9670769","2023-03-01T18:43:58"
"14","2_2","32.2246643","-110.967003","2023-03-01T18:44:15"
"14","2_2","32.2240624","-110.966291","2023-03-01T18:44:18"
"14","2_2","32.2239354","-110.9661408","2023-03-01T18:44:19"
"14","2_2","32.2239129","-110.9661131","2023-03-01T18:44:20"
"14","2_2","32.2238965","-110.9660904","2023-03-01T18:44:20"
"14","2_2","32.2238793","-110.9660611","2023-03-01T18:44:21"
"14","2_2","32.2238678","-110.9660367","2023-03-01T18:44:21"
"14","2_2","32.2238585","-110.9660106","2023-03-01T18:44:22"
"14","2_2","32.223851","-110.9659766","2023-03-01T18:44:22"
"14","2_2","32.2238473","-110.9659442","2023-03-01T18:44:23"
"14","2_2","32.223846","-110.9659156","2023-03-01T18:44:23"
"14","2_2","32.2238457","-110.9658886","2023-03-01T18:44:27"
"14","2_2","32.2238447","-110.9657058","2023-03-01T18:44:27"
"14","2_2","32.2238454","-110.9656901","2023-03-01T18:44:27"
"14","2_2","32.2238455","-110.9656867","2023-03-01T18:44:27"
"14","2_2","32.2238482","-110.9656678","2023-03-01T18:44:28"
"14","2_2","32.2238521","-110.965651","2023-03-01T18:44:28"
"14","2_2","32.2238533","-110.9656417","2023-03-01T18:44:29"
"14","2_2","32.2238047","-110.9656473","2023-03-01T18:44:29"
"14","2_2","32.22376","-110.9656543","2023-03-01T18:44:31"
"14","2_2","32.2236657","-110.9656722","2023-03-01T18:44:34"
"14","2_2","32.2234274","-110.9657359","2023-03-01T18:44:43"
"14","2_2","32.2227648","-110.9659173","2023-03-01T18:44:49"
"14","2_2","32.222347","-110.9660359","2023-03-01T18:44:50"
"14","2_2","32.2222794","-110.9660681","2023-03-01T18:44:51"
"14","2_2","32.2222305","-110.9661055","2023-03-01T18:44:52"
"14","2_2","32.2221914","-110.9661513","2023-03-01T18:44:53"
"14","2_2","32.22216","-110.9662102","2023-03-01T18:44:53"
"14","2_2","32.2221457","-110.9662006","2023-03-01T18:44:53"
"14","2_2","32.2221266","-110.9661889","2023-03-01T18:44:54"
"14","2_2","32.2221222","-110.9661469","2023-03-01T18:44:55"
"14","2_2","32.2221084","-110.9660796","2023-03-01T18:44:55"
"14","2_2","32.2220868","-110.9660326","2023-03-01T18:44:56"
"14","2_2","32.2220231","-110.9659285","2023-03-01T18:44:57"
"14","2_2","32.2220097","-110.9659066","2023-03-01T18:44:59"
"14","2_2","32.2219053","-110.9657832","2023-03-01T18:45:02"
"14","2_2","32.2217054","-110.9655445","2023-03-01T18:45:04"
"14","2_2","32.2216041","-110.9654235","2023-03-01T18:45:04"
"14","2_2","32.2215833","-110.9653982","2023-03-01T18:45:04"
"14","2_2","32.2215595","-110.9653702","2023-03-01T18:45:05"
"14","2_2","32.2215312","-110.9653364","2023-03-01T18:45:05"
"14","2_2","32.221496","-110.9652988","2023-03-01T18:45:06"
"14","2_2","32.2214479","-110.9652474","2023-03-01T18:45:06"
"14","2_2","32.2214321","-110.9652305","2023-03-01T18:45:07"
"14","2_2","32.2214219","-110.9651784","2023-03-01T18:45:08"
"14","2_2","32.2214265","-110.9651193","2023-03-01T18:45:08"
"14","2_2","32.2214317","-110.965092","2023-03-01T18:45:09"
"14","2_2","32.2214367","-110.965067","2023-03-01T18:45:10"
"14","2_2","32.2214639","-110.9649893","2023-03-01T18:45:11"
"14","2_2","32.2215013","-110.9649034","2023-03-01T18:45:12"
"14","2_2","32.2215277","-110.9648179","2023-03-01T18:45:13"
"14","2_2","32.2215483","-110.9647597","2023-03-01T18:45:14"
"14","2_2","32.2215479","-110.9647186","2023-03-01T18:45:14"
"14","2_2","32.2215467","-110.9647094","2023-03-01T18:45:14"
"14","2_2","32.2215428","-110.9646784","2023-03-01T18:45:15"
"14","2_2","32.2215285","-110.9646431","2023-03-01T18:45:16"
"14","2_2","32.221491","-110.9645783","2023-03-01T18:45:21"
"14","2_2","32.2212516","-110.9643005","2023-03-01T18:45:33"
"14","2_2","32.2206487","-110.9636704","2023-03-01T18:45:38"
"14","2_2","32.2203813","-110.9634121","2023-03-01T18:45:43"
"14","2_2","32.2201334","-110.9631779","2023-03-01T18:45:44"
"14","2_2","32.2200304","-110.9630807","2023-03-01T18:45:47"
"14","2_2","32.2199649","-110.9631947","2023-03-01T18:45:48"
"14","2_2","32.2199356","-110.9632457","2023-03-01T18:45:51"
"14","2_2","32.2199138","-110.9634259","2023-03-01T18:46:01"
"14","2_2","32.2198957","-110.963988","2023-03-01T18:46:03"
"14","2_2","32.2198312","-110.9639877","2023-03-01T18:46:09"
"14","2_2","32.219468","-110.9639857","2023-03-01T18:46:24"
"14","2_2","32.2186711","-110.9639815","2023-03-01T18:46:25"
"14","2_2","32.2186034","-110.9639811","2023-03-01T18:46:27"
"14","2_2","32.2184919","-110.9639813","2023-03-01T18:46:29"
"14","2_2","32.2183838","-110.9639814","2023-03-01T18:46:48"
"14","2_2","32.2173541","-110.9639681","2023-03-01T18:46:48"
"14","2_2","32.2173208","-110.9639685","2023-03-01T18:46:48"
"14","2_2","32.2173205","-110.9639749","2023-03-01T18:46:49"
"14","2_2","32.2173167","-110.9639859","2023-03-01T18:46:49"
"14","2_2","32.2173099","-110.9639946","2023-03-01T18:46:49"
"14","2_2","32.2173011","-110.9640002","2023-03-01T18:46:49"
"14","2_2","32.2172944","-110.9640013","2023-03-01T18:47:03"
"14","2_2","32.2172852","-110.9647431","2023-03-01T18:47:04"
"14","2_2","32.2171971","-110.9647409","2023-03-01T18:47:25"
"14","2_2","32.2160674","-110.9647481","2023-03-01T18:47:27"
"14","2_2","32.2159774","-110.9647464","2023-03-01T18:47:28"
"14","2_2","32.2158835","-110.9647417","2023-03-01T18:47:49"
"14","2_2","32.2147615","-110.9647354","2023-03-01T18:47:50"
"14","2_2","32.2146722","-110.9647459","2023-03-01T18:47:52"
"14","2_2","32.2145778","-110.9647486","2023-03-01T18:48:12"
"14","2_2","32.2134676","-110.9647325","2023-03-01T18:48:14"
"14","2_2","32.2133544","-110.9647322","2023-03-01T18:48:16"
"14","2_2","32.2132695","-110.9647338","2023-03-01T18:48:36"
"14","2_2","32.212141","-110.9647156","2023-03-01T18:48:38"
"14","2_2","32.2120756","-110.9647127","2023-03-01T18:48:40"
"14","2_2","32.2119634","-110.9647113","2023-03-01T18:49"
"14","2_2","32.2108321","-110.9646928","2023-03-01T18:49:02"
"14","2_2","32.2107504","-110.9646986","2023-03-01T18:49:26"
"14","2_2","32.2094377","-110.964686","2023-03-01T18:49:27"
"14","2_2","32.209373","-110.9646846","2023-03-01T18:49:47"
"14","2_2","32.2082676","-110.9647012","2023-03-01T18:49:49"
"14","2_2","32.2081655","-110.9647185","2023-03-01T18:50"
"14","2_2","32.2081358","-110.9653124","2023-03-01T18:50"
"14","2_2","32.2081354","-110.965336","2023-03-01T18:50:01"
"14","2_2","32.2081345","-110.9654046","2023-03-01T18:50:01"
"14","2_2","32.2081282","-110.9654076","2023-03-01T18:50:02"
"14","2_2","32.2081179","-110.9654182","2023-03-01T18:50:02"
"14","2_2","32.2081111","-110.9654321","2023-03-01T18:50:02"
"14","2_2","32.2081084","-110.9654479","2023-03-01T18:50:02"
"15","2_2","32.2250308","-110.9686563","2023-03-01T18:59:09"
"15","2_2","32.2254915","-110.9686615","2023-03-01T18:59:16"
"15","2_2","32.2260369","-110.9686674","2023-03-01T18:59:19"
"15","2_2","32.2262536","-110.9686703","2023-03-01T18:59:19"
"15","2_2","32.2262711","-110.9686707","2023-03-01T18:59:20"
"15","2_2","32.2263234","-110.9686722","2023-03-01T18:59:21"
"15","2_2","32.226408","-110.9686747","2023-03-01T18:59:23"
"15","2_2","32.2264094","-110.9685887","2023-03-01T18:59:23"
"15","2_2","32.2264096","-110.9685649","2023-03-01T18:59:23"
"15","2_2","32.2264084","-110.9685432","2023-03-01T18:59:24"
"15","2_2","32.2264063","-110.9685147","2023-03-01T18:59:25"
"15","2_2","32.2264038","-110.9684805","2023-03-01T18:59:25"
"15","2_2","32.2264012","-110.9684467","2023-03-01T18:59:26"
"15","2_2","32.2263975","-110.9683964","2023-03-01T18:59:26"
"15","2_2","32.2263964","-110.9683744","2023-03-01T18:59:27"
"15","2_2","32.2263961","-110.9683514","2023-03-01T18:59:30"
"15","2_2","32.2263958","-110.9681887","2023-03-01T18:59:35"
"15","2_2","32.2263953","-110.9679039","2023-03-01T18:59:36"
"15","2_2","32.2263954","-110.9678388","2023-03-01T18:59:39"
"15","2_2","32.2263956","-110.9677084","2023-03-01T18:59:44"
"15","2_2","32.2263961","-110.9674287","2023-03-01T18:59:44"
"15","2_2","32.2263973","-110.9674084","2023-03-01T18:59:44"
"15","2_2","32.2263995","-110.9673891","2023-03-01T18:59:48"
"15","2_2","32.2264171","-110.9672189","2023-03-01T18:59:48"
"15","2_2","32.2264187","-110.9671998","2023-03-01T18:59:48"
"15","2_2","32.2264196","-110.967181","2023-03-01T18:59:49"
"15","2_2","32.2264203","-110.9671334","2023-03-01T18:59:51"
"15","2_2","32.2263174","-110.9671314","2023-03-01T18:59:52"
"15","2_2","32.2262868","-110.9671265","2023-03-01T18:59:53"
"15","2_2","32.2262355","-110.9671074","2023-03-01T18:59:53"
"15","2_2","32.2262297","-110.9671053","2023-03-01T18:59:53"
"15","2_2","32.2262212","-110.9671022","2023-03-01T18:59:53"
"15","2_2","32.2261884","-110.9670955","2023-03-01T18:59:54"
"15","2_2","32.2261487","-110.9670922","2023-03-01T18:59:55"
"15","2_2","32.2261098","-110.9670915","2023-03-01T18:59:56"
"15","2_2","32.226049","-110.9670905","2023-03-01T18:59:59"
"15","2_2","32.2258598","-110.9670872","2023-03-01T19:00"
"15","2_2","32.2258254","-110.9670866","2023-03-01T19:00:04"
"15","2_2","32.2256113","-110.9670828","2023-03-01T19:00:04"
"15","2_2","32.2255904","-110.9670815","2023-03-01T19:00:04"
"15","2_2","32.2255851","-110.9670812","2023-03-01T19:00:05"
"15","2_2","32.2255329","-110.9670756","2023-03-01T19:00:06"
"15","2_2","32.225509","-110.9670741","2023-03-01T19:00:09"
"15","2_2","32.225322","-110.9670697","2023-03-01T19:00:11"
"15","2_2","32.2252293","-110.9670675","2023-03-01T19:00:11"
"15","2_2","32.2252112","-110.9670631","2023-03-01T19:00:12"
"15","2_2","32.2251967","-110.9670541","2023-03-01T19:00:12"
"15","2_2","32.2251805","-110.967038","2023-03-01T19:00:12"
"15","2_2","32.2251653","-110.9670189","2023-03-01T19:00:13"
"15","2_2","32.2251492","-110.9669957","2023-03-01T19:00:14"
"15","2_2","32.2251194","-110.9669313","2023-03-01T19:00:15"
"15","2_2","32.2250965","-110.9669636","2023-03-01T19:00:16"
"15","2_2","32.2250744","-110.9669913","2023-03-01T19:00:17"
"15","2_2","32.2250325","-110.9670197","2023-03-01T19:00:17"
"15","2_2","32.2250079","-110.9670364","2023-03-01T19:00:19"
"15","2_2","32.2248951","-110.9670732","2023-03-01T19:00:21"
"15","2_2","32.2247766","-110.9670769","2023-03-01T19:00:24"
"15","2_2","32.2246643","-110.967003","2023-03-01T19:00:41"
"15","2_2","32.2240624","-110.966291","2023-03-01T19:00:44"
"15","2_2","32.2239354","-110.9661408","2023-03-01T19:00:45"
"15","2_2","32.2239129","-110.9661131","2023-03-01T19:00:46"
"15","2_2","32.2238965","-110.9660904","2023-03-01T19:00:46"
"15","2_2","32.2238793","-110.9660611","2023-03-01T19:00:47"
"15","2_2","32.2238678","-110.9660367","2023-03-01T19:00:47"
"15","2_2","32.2238585","-110.9660106","2023-03-01T19:00:48"
"15","2_2","32.223851","-110.9659766","2023-03-01T19:00:48"
"15","2_2","32.2238473","-110.9659442","2023-03-01T19:00:49"
"15","2_2","32.223846","-110.9659156","2023-03-01T19:00:49"
"15","2_2","32.2238457","-110.9658886","2023-03-01T19:00:53"
"15","2_2","32.2238447","-110.9657058","2023-03-01T19:00:53"
"15","2_2","32.2238454","-110.9656901","2023-03-01T19:00:53"
"15","2_2","32.2238455","-110.9656867","2023-03-01T19:00:53"
"15","2_2","32.2238482","-110.9656678","2023-03-01T19:00:54"
"15","2_2","32.2238521","-110.965651","2023-03-01T19:00:54"
"15","2_2","32.2238533","-110.9656417","2023-03-01T19:00:55"
"15","2_2","32.2238047","-110.9656473","2023-03-01T19:00:55"
"15","2_2","32.22376","-110.9656543","2023-03-01T19:00:57"
"15","2_2","32.2236657","-110.9656722","2023-03-01T19:01"
"15","2_2","32.2234274","-110.9657359","2023-03-01T19:01:09"
"15","2_2","32.2227648","-110.9659173","2023-03-01T19:01:15"
"15","2_2","32.222347","-110.9660359","2023-03-01T19:01:16"
"15","2_2","32.2222794","-110.9660681","2023-03-01T19:01:17"
"15","2_2","32.2222305","-110.9661055","2023-03-01T19:01:18"
"15","2_2","32.2221914","-110.9661513","2023-03-01T19:01:19"
"15","2_2","32.22216","-110.9662102","2023-03-01T19:01:19"
"15","2_2","32.2221457","-110.9662006","2023-03-01T19:01:19"
"15","2_2","32.2221266","-110.9661889","2023-03-01T19:01:20"
"15","2_2","32.2221222","-110.9661469","2023-03-01T19:01:21"
"15","2_2","32.2221084","-110.9660796","2023-03-01T19:01:21"
"15","2_2","32.2220868","-110.9660326","2023-03-01T19:01:22"
"15","2_2","32.2220231","-110.9659285","2023-03-01T19:01:23"
"15","2_2","32.2220097","-110.9659066","2023-03-01T19:01:25"
"15","2_2","32.2219053","-110.9657832","2023-03-01T19:01:28"
"15","2_2","32.2217054","-110.9655445","2023-03-01T19:01:30"
"15","2_2","32.2216041","-110.9654235","2023-03-01T19:01:30"
"15","2_2","32.2215833","-110.9653982","2023-03-01T19:01:30"
"15","2_2","32.2215595","-110.9653702","2023-03-01T19:01:31"
"15","2_2","32.2215312","-110.9653364","2023-03-01T19:01:31"
"15","2_2","32.221496","-110.9652988","2023-03-01T19:01:32"
"15","2_2","32.2214479","-110.9652474","2023-03-01T19:01:32"
"15","2_2","32.2214321","-110.9652305","2023-03-01T19:01:33"
"15","2_2","32.2214219","-110.9651784","2023-03-01T19:01:34"
"15","2_2","32.2214265","-110.9651193","2023-03-01T19:01:34"
"15","2_2","32.2214317","-110.965092","2023-03-01T19:01:35"
"15","2_2","32.2214367","-110.965067","2023-03-01T19:01:36"
"15","2_2","32.2214639","-110.9649893","2023-03-01T19:01:37"
"15","2_2","32.2215013","-110.9649034","2023-03-01T19:01:38"
"15","2_2","32.2215277","-110.9648179","2023-03-01T19:01:39"
"15","2_2","32.2215483","-110.9647597","2023-03-01T19:01:40"
"15","2_2","32.2215479","-110.9647186","2023-03-01T19:01:40"
"15","2_2","32.2215467","-110.9647094","2023-03-01T19:01:40"
"15","2_2","32.2215428","-110.9646784","2023-03-01T19:01:41"
"15","2_2","32.2215285","-110.9646431","2023-03-01T19:01:42"
"15","2_2","32.221491","-110.9645783","2023-03-01T19:01:47"
"15","2_2","32.2212516","-110.9643005","2023-03-01T19:01:59"
"15","2_2","32.2206487","-110.9636704","2023-03-01T19:02:04"
"15","2_2","32.2203813","-110.9634121","2023-03-01T19:02:09"
"15","2_2","32.2201334","-110.9631779","2023-03-01T19:02:10"
"15","2_2","32.2200304","-110.9630807","2023-03-01T19:02:13"
"15","2_2","32.2199649","-110.9631947","2023-03-01T19:02:14"
"15","2_2","32.2199356","-110.9632457","2023-03-01T19:02:17"
"15","2_2","32.2199138","-110.9634259","2023-03-01T19:02:27"
"15","2_2","32.2198957","-110.963988","2023-03-01T19:02:29"
"15","2_2","32.2198312","-110.9639877","2023-03-01T19:02:35"
"15","2_2","32.219468","-110.9639857","2023-03-01T19:02:50"
"15","2_2","32.2186711","-110.9639815","2023-03-01T19:02:51"
"15","2_2","32.2186034","-110.9639811","2023-03-01T19:02:53"
"15","2_2","32.2184919","-110.9639813","2023-03-01T19:02:55"
"15","2_2","32.2183838","-110.9639814","2023-03-01T19:03:14"
"15","2_2","32.2173541","-110.9639681","2023-03-01T19:03:14"
"15","2_2","32.2173208","-110.9639685","2023-03-01T19:03:14"
"15","2_2","32.2173205","-110.9639749","2023-03-01T19:03:15"
"15","2_2","32.2173167","-110.9639859","2023-03-01T19:03:15"
"15","2_2","32.2173099","-110.9639946","2023-03-01T19:03:15"
"15","2_2","32.2173011","-110.9640002","2023-03-01T19:03:15"
"15","2_2","32.2172944","-110.9640013","2023-03-01T19:03:29"
"15","2_2","32.2172852","-110.9647431","2023-03-01T19:03:30"
"15","2_2","32.2171971","-110.9647409","2023-03-01T19:03:51"
"15","2_2","32.2160674","-110.9647481","2023-03-01T19:03:53"
"15","2_2","32.2159774","-110.9647464","2023-03-01T19:03:54"
"15","2_2","32.2158835","-110.9647417","2023-03-01T19:04:15"
"15","2_2","32.2147615","-110.9647354","2023-03-01T19:04:16"
"15","2_2","32.2146722","-110.9647459","2023-03-01T19:04:18"
"15","2_2","32.2145778","-110.9647486","2023-03-01T19:04:38"
"15","2_2","32.2134676","-110.9647325","2023-03-01T19:04:40"
"15","2_2","32.2133544","-110.9647322","2023-03-01T19:04:42"
"15","2_2","32.2132695","-110.9647338","2023-03-01T19:05:02"
"15","2_2","32.212141","-110.9647156","2023-03-01T19:05:04"
"15","2_2","32.2120756","-110.9647127","2023-03-01T19:05:06"
"15","2_2","32.2119634","-110.9647113","2023-03-01T19:05:26"
"15","2_2","32.2108321","-110.9646928","2023-03-01T19:05:28"
"15","2_2","32.2107504","-110.9646986","2023-03-01T19:05:52"
"15","2_2","32.2094377","-110.964686","2023-03-01T19:05:53"
"15","2_2","32.209373","-110.9646846","2023-03-01T19:06:13"
"15","2_2","32.2082676","-110.9647012","2023-03-01T19:06:15"
"15","2_2","32.2081655","-110.9647185","2023-03-01T19:06:26"
"15","2_2","32.2081358","-110.9653124","2023-03-01T19:06:26"
"15","2_2","32.2081354","-110.965336","2023-03-01T19:06:27"
"15","2_2","32.2081345","-110.9654046","2023-03-01T19:06:27"
"15","2_2","32.2081282","-110.9654076","2023-03-01T19:06:28"
"15","2_2","32.2081179","-110.9654182","2023-03-01T19:06:28"
"15","2_2","32.2081111","-110.9654321","2023-03-01T19:06:28"
"15","2_2","32.2081084","-110.9654479","2023-03-01T19:06:28"
"16","2_2","32.2250308","-110.9686563","2023-03-01T18:49:07"
"16","2_2","32.2254915","-110.9686615","2023-03-01T18:49:14"
"16","2_2","32.2260369","-110.9686674","2023-03-01T18:49:17"
"16","2_2","32.2262536","-110.9686703","2023-03-01T18:49:17"
"16","2_2","32.2262711","-110.9686707","2023-03-01T18:49:18"
"16","2_2","32.2263234","-110.9686722","2023-03-01T18:49:19"
"16","2_2","32.226408","-110.9686747","2023-03-01T18:49:21"
"16","2_2","32.2264094","-110.9685887","2023-03-01T18:49:21"
"16","2_2","32.2264096","-110.9685649","2023-03-01T18:49:21"
"16","2_2","32.2264084","-110.9685432","2023-03-01T18:49:22"
"16","2_2","32.2264063","-110.9685147","2023-03-01T18:49:23"
"16","2_2","32.2264038","-110.9684805","2023-03-01T18:49:23"
"16","2_2","32.2264012","-110.9684467","2023-03-01T18:49:24"
"16","2_2","32.2263975","-110.9683964","2023-03-01T18:49:24"
"16","2_2","32.2263964","-110.9683744","2023-03-01T18:49:25"
"16","2_2","32.2263961","-110.9683514","2023-03-01T18:49:28"
"16","2_2","32.2263958","-110.9681887","2023-03-01T18:49:33"
"16","2_2","32.2263953","-110.9679039","2023-03-01T18:49:34"
"16","2_2","32.2263954","-110.9678388","2023-03-01T18:49:37"
"16","2_2","32.2263956","-110.9677084","2023-03-01T18:49:42"
"16","2_2","32.2263961","-110.9674287","2023-03-01T18:49:42"
"16","2_2","32.2263973","-110.9674084","2023-03-01T18:49:42"
"16","2_2","32.2263995","-110.9673891","2023-03-01T18:49:46"
"16","2_2","32.2264171","-110.9672189","2023-03-01T18:49:46"
"16","2_2","32.2264187","-110.9671998","2023-03-01T18:49:46"
"16","2_2","32.2264196","-110.967181","2023-03-01T18:49:47"
"16","2_2","32.2264203","-110.9671334","2023-03-01T18:49:49"
"16","2_2","32.2263174","-110.9671314","2023-03-01T18:49:50"
"16","2_2","32.2262868","-110.9671265","2023-03-01T18:49:51"
"16","2_2","32.2262355","-110.9671074","2023-03-01T18:49:51"
"16","2_2","32.2262297","-110.9671053","2023-03-01T18:49:51"
"16","2_2","32.2262212","-110.9671022","2023-03-01T18:49:51"
"16","2_2","32.2261884","-110.9670955","2023-03-01T18:49:52"
"16","2_2","32.2261487","-110.9670922","2023-03-01T18:49:53"
"16","2_2","32.2261098","-110.9670915","2023-03-01T18:49:54"
"16","2_2","32.226049","-110.9670905","2023-03-01T18:49:57"
"16","2_2","32.2258598","-110.9670872","2023-03-01T18:49:58"
"16","2_2","32.2258254","-110.9670866","2023-03-01T18:50:02"
"16","2_2","32.2256113","-110.9670828","2023-03-01T18:50:02"
"16","2_2","32.2255904","-110.9670815","2023-03-01T18:50:02"
"16","2_2","32.2255851","-110.9670812","2023-03-01T18:50:03"
"16","2_2","32.2255329","-110.9670756","2023-03-01T18:50:04"
"16","2_2","32.225509","-110.9670741","2023-03-01T18:50:07"
"16","2_2","32.225322","-110.9670697","2023-03-01T18:50:09"
"16","2_2","32.2252293","-110.9670675","2023-03-01T18:50:09"
"16","2_2","32.2252112","-110.9670631","2023-03-01T18:50:10"
"16","2_2","32.2251967","-110.9670541","2023-03-01T18:50:10"
"16","2_2","32.2251805","-110.967038","2023-03-01T18:50:10"
"16","2_2","32.2251653","-110.9670189","2023-03-01T18:50:11"
"16","2_2","32.2251492","-110.9669957","2023-03-01T18:50:12"
"16","2_2","32.2251194","-110.9669313","2023-03-01T18:50:13"
"16","2_2","32.2250965","-110.9669636","2023-03-01T18:50:14"
"16","2_2","32.2250744","-110.9669913","2023-03-01T18:50:15"
"16","2_2","32.2250325","-110.9670197","2023-03-01T18:50:15"
"16","2_2","32.2250079","-110.9670364","2023-03-01T18:50:17"
"16","2_2","32.2248951","-110.9670732","2023-03-01T18:50:19"
"16","2_2","32.2247766","-110.9670769","2023-03-01T18:50:22"
"16","2_2","32.2246643","-110.967003","2023-03-01T18:50:39"
"16","2_2","32.2240624","-110.966291","2023-03-01T18:50:42"
"16","2_2","32.2239354","-110.9661408","2023-03-01T18:50:43"
"16","2_2","32.2239129","-110.9661131","2023-03-01T18:50:44"
"16","2_2","32.2238965","-110.9660904","2023-03-01T18:50:44"
"16","2_2","32.2238793","-110.9660611","2023-03-01T18:50:45"
"16","2_2","32.2238678","-110.9660367","2023-03-01T18:50:45"
"16","2_2","32.2238585","-110.9660106","2023-03-01T18:50:46"
"16","2_2","32.223851","-110.9659766","2023-03-01T18:50:46"
"16","2_2","32.2238473","-110.9659442","2023-03-01T18:50:47"
"16","2_2","32.223846","-110.9659156","2023-03-01T18:50:47"
"16","2_2","32.2238457","-110.9658886","2023-03-01T18:50:51"
"16","2_2","32.2238447","-110.9657058","2023-03-01T18:50:51"
"16","2_2","32.2238454","-110.9656901","2023-03-01T18:50:51"
"16","2_2","32.2238455","-110.9656867","2023-03-01T18:50:51"
"16","2_2","32.2238482","-110.9656678","2023-03-01T18:50:52"
"16","2_2","32.2238521","-110.965651","2023-03-01T18:50:52"
"16","2_2","32.2238533","-110.9656417","2023-03-01T18:50:53"
"16","2_2","32.2238047","-110.9656473","2023-03-01T18:50:53"
"16","2_2","32.22376","-110.9656543","2023-03-01T18:50:55"
"16","2_2","32.2236657","-110.9656722","2023-03-01T18:50:58"
"16","2_2","32.2234274","-110.9657359","2023-03-01T18:51:07"
"16","2_2","32.2227648","-110.9659173","2023-03-01T18:51:13"
"16","2_2","32.222347","-110.9660359","2023-03-01T18:51:14"
"16","2_2","32.2222794","-110.9660681","2023-03-01T18:51:15"
"16","2_2","32.2222305","-110.9661055","2023-03-01T18:51:16"
"16","2_2","32.2221914","-110.9661513","2023-03-01T18:51:17"
"16","2_2","32.22216","-110.9662102","2023-03-01T18:51:17"
"16","2_2","32.2221457","-110.9662006","2023-03-01T18:51:17"
"16","2_2","32.2221266","-110.9661889","2023-03-01T18:51:18"
"16","2_2","32.2221222","-110.9661469","2023-03-01T18:51:19"
"16","2_2","32.2221084","-110.9660796","2023-03-01T18:51:19"
"16","2_2","32.2220868","-110.9660326","2023-03-01T18:51:20"
"16","2_2","32.2220231","-110.9659285","2023-03-01T18:51:21"
"16","2_2","32.2220097","-110.9659066","2023-03-01T18:51:23"
"16","2_2","32.2219053","-110.9657832","2023-03-01T18:51:26"
"16","2_2","32.2217054","-110.9655445","2023-03-01T18:51:28"
"16","2_2","32.2216041","-110.9654235","2023-03-01T18:51:28"
"16","2_2","32.2215833","-110.9653982","2023-03-01T18:51:28"
"16","2_2","32.2215595","-110.9653702","2023-03-01T18:51:29"
"16","2_2","32.2215312","-110.9653364","2023-03-01T18:51:29"
"16","2_2","32.221496","-110.9652988","2023-03-01T18:51:30"
"16","2_2","32.2214479","-110.9652474","2023-03-01T18:51:30"
"16","2_2","32.2214321","-110.9652305","2023-03-01T18:51:31"
"16","2_2","32.2214219","-110.9651784","2023-03-01T18:51:32"
"16","2_2","32.2214265","-110.9651193","2023-03-01T18:51:32"
"16","2_2","32.2214317","-110.965092","2023-03-01T18:51:33"
"16","2_2","32.2214367","-110.965067","2023-03-01T18:51:34"
"16","2_2","32.2214639","-110.9649893","2023-03-01T18:51:35"
"16","2_2","32.2215013","-110.9649034","2023-03-01T18:51:36"
"16","2_2","32.2215277","-110.9648179","2023-03-01T18:51:37"
"16","2_2","32.2215483","-110.9647597","2023-03-01T18:51:38"
"16","2_2","32.2215479","-110.9647186","2023-03-01T18:51:38"
"16","2_2","32.2215467","-110.9647094","2023-03-01T18:51:38"
"16","2_2","32.2215428","-110.9646784","2023-03-01T18:51:39"
"16","2_2","32.2215285","-110.9646431","2023-03-01T18:51:40"
"16","2_2","32.221491","-110.9645783","2023-03-01T18:51:45"
"16","2_2","32.2212516","-110.9643005","2023-03-01T18:51:57"
"16","2_2","32.2206487","-110.9636704","2023-03-01T18:52:02"
"16","2_2","32.2203813","-110.9634121","2023-03-01T18:52:07"
"16","2_2","32.2201334","-110.9631779","2023-03-01T18:52:08"
"16","2_2","32.2200304","-110.9630807","2023-03-01T18:52:11"
"16","2_2","32.2199649","-110.9631947","2023-03-01T18:52:12"
"16","2_2","32.2199356","-110.9632457","2023-03-01T18:52:15"
"16","2_2","32.2199138","-110.9634259","2023-03-01T18:52:25"
"16","2_2","32.2198957","-110.963988","2023-03-01T18:52:27"
"16","2_2","32.2198312","-110.9639877","2023-03-01T18:52:33"
"16","2_2","32.219468","-110.9639857","2023-03-01T18:52:48"
"16","2_2","32.2186711","-110.9639815","2023-03-01T18:52:49"
"16","2_2","32.2186034","-110.9639811","2023-03-01T18:52:51"
"16","2_2","32.2184919","-110.9639813","2023-03-01T18:52:53"
"16","2_2","32.2183838","-110.9639814","2023-03-01T18:53:12"
"16","2_2","32.2173541","-110.9639681","2023-03-01T18:53:12"
"16","2_2","32.2173208","-110.9639685","2023-03-01T18:53:12"
"16","2_2","32.2173205","-110.9639749","2023-03-01T18:53:13"
"16","2_2","32.2173167","-110.9639859","2023-03-01T18:53:13"
"16","2_2","32.2173099","-110.9639946","2023-03-01T18:53:13"
"16","2_2","32.2173011","-110.9640002","2023-03-01T18:53:13"
"16","2_2","32.2172944","-110.9640013","2023-03-01T18:53:27"
"16","2_2","32.2172852","-110.9647431","2023-03-01T18:53:28"
"16","2_2","32.2171971","-110.9647409","2023-03-01T18:53:49"
"16","2_2","32.2160674","-110.9647481","2023-03-01T18:53:51"
"16","2_2","32.2159774","-110.9647464","2023-03-01T18:53:52"
"16","2_2","32.2158835","-110.9647417","2023-03-01T18:54:13"
"16","2_2","32.2147615","-110.9647354","2023-03-01T18:54:14"
"16","2_2","32.2146722","-110.9647459","2023-03-01T18:54:16"
"16","2_2","32.2145778","-110.9647486","2023-03-01T18:54:36"
"16","2_2","32.2134676","-110.9647325","2023-03-01T18:54:38"
"16","2_2","32.2133544","-110.9647322","2023-03-01T18:54:40"
"16","2_2","32.2132695","-110.9647338","2023-03-01T18:55"
"16","2_2","32.212141","-110.9647156","2023-03-01T18:55:02"
"16","2_2","32.2120756","-110.9647127","2023-03-01T18:55:04"
"16","2_2","32.2119634","-110.9647113","2023-03-01T18:55:24"
"16","2_2","32.2108321","-110.9646928","2023-03-01T18:55:26"
"16","2_2","32.2107504","-110.9646986","2023-03-01T18:55:50"
"16","2_2","32.2094377","-110.964686","2023-03-01T18:55:51"
"16","2_2","32.209373","-110.9646846","2023-03-01T18:56:11"
"16","2_2","32.2082676","-110.9647012","2023-03-01T18:56:13"
"16","2_2","32.2081655","-110.9647185","2023-03-01T18:56:24"
"16","2_2","32.2081358","-110.9653124","2023-03-01T18:56:24"
"16","2_2","32.2081354","-110.965336","2023-03-01T18:56:25"
"16","2_2","32.2081345","-110.9654046","2023-03-01T18:56:25"
"16","2_2","32.2081282","-110.9654076","2023-03-01T18:56:26"
"16","2_2","32.2081179","-110.9654182","2023-03-01T18:56:26"
"16","2_2","32.2081111","-110.9654321","2023-03-01T18:56:26"
"16","2_2","32.2081084","-110.9654479","2023-03-01T18:56:26"
"17","2_2","32.2250308","-110.9686563","2023-03-01T18:28:05"
"17","2_2","32.2254915","-110.9686615","2023-03-01T18:28:12"
"17","2_2","32.2260369","-110.9686674","2023-03-01T18:28:15"
"17","2_2","32.2262536","-110.9686703","2023-03-01T18:28:15"
"17","2_2","32.2262711","-110.9686707","2023-03-01T18:28:16"
"17","2_2","32.2263234","-110.9686722","2023-03-01T18:28:17"
"17","2_2","32.226408","-110.9686747","2023-03-01T18:28:19"
"17","2_2","32.2264094","-110.9685887","2023-03-01T18:28:19"
"17","2_2","32.2264096","-110.9685649","2023-03-01T18:28:19"
"17","2_2","32.2264084","-110.9685432","2023-03-01T18:28:20"
"17","2_2","32.2264063","-110.9685147","2023-03-01T18:28:21"
"17","2_2","32.2264038","-110.9684805","2023-03-01T18:28:21"
"17","2_2","32.2264012","-110.9684467","2023-03-01T18:28:22"
"17","2_2","32.2263975","-110.9683964","2023-03-01T18:28:22"
"17","2_2","32.2263964","-110.9683744","2023-03-01T18:28:23"
"17","2_2","32.2263961","-110.9683514","2023-03-01T18:28:26"
"17","2_2","32.2263958","-110.9681887","2023-03-01T18:28:31"
"17","2_2","32.2263953","-110.9679039","2023-03-01T18:28:32"
"17","2_2","32.2263954","-110.9678388","2023-03-01T18:28:35"
"17","2_2","32.2263956","-110.9677084","2023-03-01T18:28:40"
"17","2_2","32.2263961","-110.9674287","2023-03-01T18:28:40"
"17","2_2","32.2263973","-110.9674084","2023-03-01T18:28:40"
"17","2_2","32.2263995","-110.9673891","2023-03-01T18:28:44"
"17","2_2","32.2264171","-110.9672189","2023-03-01T18:28:44"
"17","2_2","32.2264187","-110.9671998","2023-03-01T18:28:44"
"17","2_2","32.2264196","-110.967181","2023-03-01T18:28:45"
"17","2_2","32.2264203","-110.9671334","2023-03-01T18:28:47"
"17","2_2","32.2263174","-110.9671314","2023-03-01T18:28:48"
"17","2_2","32.2262868","-110.9671265","2023-03-01T18:28:49"
"17","2_2","32.2262355","-110.9671074","2023-03-01T18:28:49"
"17","2_2","32.2262297","-110.9671053","2023-03-01T18:28:49"
"17","2_2","32.2262212","-110.9671022","2023-03-01T18:28:49"
"17","2_2","32.2261884","-110.9670955","2023-03-01T18:28:50"
"17","2_2","32.2261487","-110.9670922","2023-03-01T18:28:51"
"17","2_2","32.2261098","-110.9670915","2023-03-01T18:28:52"
"17","2_2","32.226049","-110.9670905","2023-03-01T18:28:55"
"17","2_2","32.2258598","-110.9670872","2023-03-01T18:28:56"
"17","2_2","32.2258254","-110.9670866","2023-03-01T18:29"
"17","2_2","32.2256113","-110.9670828","2023-03-01T18:29"
"17","2_2","32.2255904","-110.9670815","2023-03-01T18:29"
"17","2_2","32.2255851","-110.9670812","2023-03-01T18:29:01"
"17","2_2","32.2255329","-110.9670756","2023-03-01T18:29:02"
"17","2_2","32.225509","-110.9670741","2023-03-01T18:29:05"
"17","2_2","32.225322","-110.9670697","2023-03-01T18:29:07"
"17","2_2","32.2252293","-110.9670675","2023-03-01T18:29:07"
"17","2_2","32.2252112","-110.9670631","2023-03-01T18:29:08"
"17","2_2","32.2251967","-110.9670541","2023-03-01T18:29:08"
"17","2_2","32.2251805","-110.967038","2023-03-01T18:29:08"
"17","2_2","32.2251653","-110.9670189","2023-03-01T18:29:09"
"17","2_2","32.2251492","-110.9669957","2023-03-01T18:29:10"
"17","2_2","32.2251194","-110.9669313","2023-03-01T18:29:11"
"17","2_2","32.2250965","-110.9669636","2023-03-01T18:29:12"
"17","2_2","32.2250744","-110.9669913","2023-03-01T18:29:13"
"17","2_2","32.2250325","-110.9670197","2023-03-01T18:29:13"
"17","2_2","32.2250079","-110.9670364","2023-03-01T18:29:15"
"17","2_2","32.2248951","-110.9670732","2023-03-01T18:29:17"
"17","2_2","32.2247766","-110.9670769","2023-03-01T18:29:20"
"17","2_2","32.2246643","-110.967003","2023-03-01T18:29:37"
"17","2_2","32.2240624","-110.966291","2023-03-01T18:29:40"
"17","2_2","32.2239354","-110.9661408","2023-03-01T18:29:41"
"17","2_2","32.2239129","-110.9661131","2023-03-01T18:29:42"
"17","2_2","32.2238965","-110.9660904","2023-03-01T18:29:42"
"17","2_2","32.2238793","-110.9660611","2023-03-01T18:29:43"
"17","2_2","32.2238678","-110.9660367","2023-03-01T18:29:43"
"17","2_2","32.2238585","-110.9660106","2023-03-01T18:29:44"
"17","2_2","32.223851","-110.9659766","2023-03-01T18:29:44"
"17","2_2","32.2238473","-110.9659442","2023-03-01T18:29:45"
"17","2_2","32.223846","-110.9659156","2023-03-01T18:29:45"
"17","2_2","32.2238457","-110.9658886","2023-03-01T18:29:49"
"17","2_2","32.2238447","-110.9657058","2023-03-01T18:29:49"
"17","2_2","32.2238454","-110.9656901","2023-03-01T18:29:49"
"17","2_2","32.2238455","-110.9656867","2023-03-01T18:29:49"
"17","2_2","32.2238482","-110.9656678","2023-03-01T18:29:50"
"17","2_2","32.2238521","-110.965651","2023-03-01T18:29:50"
"17","2_2","32.2238533","-110.9656417","2023-03-01T18:29:51"
"17","2_2","32.2238047","-110.9656473","2023-03-01T18:29:51"
"17","2_2","32.22376","-110.9656543","2023-03-01T18:29:53"
"17","2_2","32.2236657","-110.9656722","2023-03-01T18:29:56"
"17","2_2","32.2234274","-110.9657359","2023-03-01T18:30:05"
"17","2_2","32.2227648","-110.9659173","2023-03-01T18:30:11"
"17","2_2","32.222347","-110.9660359","2023-03-01T18:30:12"
"17","2_2","32.2222794","-110.9660681","2023-03-01T18:30:13"
"17","2_2","32.2222305","-110.9661055","2023-03-01T18:30:14"
"17","2_2","32.2221914","-110.9661513","2023-03-01T18:30:15"
"17","2_2","32.22216","-110.9662102","2023-03-01T18:30:15"
"17","2_2","32.2221457","-110.9662006","2023-03-01T18:30:15"
"17","2_2","32.2221266","-110.9661889","2023-03-01T18:30:16"
"17","2_2","32.2221222","-110.9661469","2023-03-01T18:30:17"
"17","2_2","32.2221084","-110.9660796","2023-03-01T18:30:17"
"17","2_2","32.2220868","-110.9660326","2023-03-01T18:30:18"
"17","2_2","32.2220231","-110.9659285","2023-03-01T18:30:19"
"17","2_2","32.2220097","-110.9659066","2023-03-01T18:30:21"
"17","2_2","32.2219053","-110.9657832","2023-03-01T18:30:24"
"17","2_2","32.2217054","-110.9655445","2023-03-01T18:30:26"
"17","2_2","32.2216041","-110.9654235","2023-03-01T18:30:26"
"17","2_2","32.2215833","-110.9653982","2023-03-01T18:30:26"
"17","2_2","32.2215595","-110.9653702","2023-03-01T18:30:27"
"17","2_2","32.2215312","-110.9653364","2023-03-01T18:30:27"
"17","2_2","32.221496","-110.9652988","2023-03-01T18:30:28"
"17","2_2","32.2214479","-110.9652474","2023-03-01T18:30:28"
"17","2_2","32.2214321","-110.9652305","2023-03-01T18:30:29"
"17","2_2","32.2214219","-110.9651784","2023-03-01T18:30:30"
"17","2_2","32.2214265","-110.9651193","2023-03-01T18:30:30"
"17","2_2","32.2214317","-110.965092","2023-03-01T18:30:31"
"17","2_2","32.2214367","-110.965067","2023-03-01T18:30:32"
"17","2_2","32.2214639","-110.9649893","2023-03-01T18:30:33"
"17","2_2","32.2215013","-110.9649034","2023-03-01T18:30:34"
"17","2_2","32.2215277","-110.9648179","2023-03-01T18:30:35"
"17","2_2","32.2215483","-110.9647597","2023-03-01T18:30:36"
"17","2_2","32.2215479","-110.9647186","2023-03-01T18:30:36"
"17","2_2","32.2215467","-110.9647094","2023-03-01T18:30:36"
"17","2_2","32.2215428","-110.9646784","2023-03-01T18:30:37"
"17","2_2","32.2215285","-110.9646431","2023-03-01T18:30:38"
"17","2_2","32.221491","-110.9645783","2023-03-01T18:30:43"
"17","2_2","32.2212516","-110.9643005","2023-03-01T18:30:55"
"17","2_2","32.2206487","-110.9636704","2023-03-01T18:31"
"17","2_2","32.2203813","-110.9634121","2023-03-01T18:31:05"
"17","2_2","32.2201334","-110.9631779","2023-03-01T18:31:06"
"17","2_2","32.2200304","-110.9630807","2023-03-01T18:31:09"
"17","2_2","32.2199649","-110.9631947","2023-03-01T18:31:10"
"17","2_2","32.2199356","-110.9632457","2023-03-01T18:31:13"
"17","2_2","32.2199138","-110.9634259","2023-03-01T18:31:23"
"17","2_2","32.2198957","-110.963988","2023-03-01T18:31:25"
"17","2_2","32.2198312","-110.9639877","2023-03-01T18:31:31"
"17","2_2","32.219468","-110.9639857","2023-03-01T18:31:46"
"17","2_2","32.2186711","-110.9639815","2023-03-01T18:31:47"
"17","2_2","32.2186034","-110.9639811","2023-03-01T18:31:49"
"17","2_2","32.2184919","-110.9639813","2023-03-01T18:31:51"
"17","2_2","32.2183838","-110.9639814","2023-03-01T18:32:10"
"17","2_2","32.2173541","-110.9639681","2023-03-01T18:32:10"
"17","2_2","32.2173208","-110.9639685","2023-03-01T18:32:10"
"17","2_2","32.2173205","-110.9639749","2023-03-01T18:32:11"
"17","2_2","32.2173167","-110.9639859","2023-03-01T18:32:11"
"17","2_2","32.2173099","-110.9639946","2023-03-01T18:32:11"
"17","2_2","32.2173011","-110.9640002","2023-03-01T18:32:11"
"17","2_2","32.2172944","-110.9640013","2023-03-01T18:32:25"
"17","2_2","32.2172852","-110.9647431","2023-03-01T18:32:26"
"17","2_2","32.2171971","-110.9647409","2023-03-01T18:32:47"
"17","2_2","32.2160674","-110.9647481","2023-03-01T18:32:49"
"17","2_2","32.2159774","-110.9647464","2023-03-01T18:32:50"
"17","2_2","32.2158835","-110.9647417","2023-03-01T18:33:11"
"17","2_2","32.2147615","-110.9647354","2023-03-01T18:33:12"
"17","2_2","32.2146722","-110.9647459","2023-03-01T18:33:14"
"17","2_2","32.2145778","-110.9647486","2023-03-01T18:33:34"
"17","2_2","32.2134676","-110.9647325","2023-03-01T18:33:36"
"17","2_2","32.2133544","-110.9647322","2023-03-01T18:33:38"
"17","2_2","32.2132695","-110.9647338","2023-03-01T18:33:58"
"17","2_2","32.212141","-110.9647156","2023-03-01T18:34"
"17","2_2","32.2120756","-110.9647127","2023-03-01T18:34:02"
"17","2_2","32.2119634","-110.9647113","2023-03-01T18:34:22"
"17","2_2","32.2108321","-110.9646928","2023-03-01T18:34:24"
"17","2_2","32.2107504","-110.9646986","2023-03-01T18:34:48"
"17","2_2","32.2094377","-110.964686","2023-03-01T18:34:49"
"17","2_2","32.209373","-110.9646846","2023-03-01T18:35:09"
"17","2_2","32.2082676","-110.9647012","2023-03-01T18:35:11"
"17","2_2","32.2081655","-110.9647185","2023-03-01T18:35:22"
"17","2_2","32.2081358","-110.9653124","2023-03-01T18:35:22"
"17","2_2","32.2081354","-110.965336","2023-03-01T18:35:23"
"17","2_2","32.2081345","-110.9654046","2023-03-01T18:35:23"
"17","2_2","32.2081282","-110.9654076","2023-03-01T18:35:24"
"17","2_2","32.2081179","-110.9654182","2023-03-01T18:35:24"
"17","2_2","32.2081111","-110.9654321","2023-03-01T18:35:24"
"17","2_2","32.2081084","-110.9654479","2023-03-01T18:35:24"
"18","3_3","32.2251308","-110.965479","2023-03-01T18:01:35"
"18","3_3","32.22513","-110.9649585","2023-03-01T18:01:37"
"18","3_3","32.2251298","-110.9648112","2023-03-01T18:01:39"
"18","3_3","32.2250306","-110.9648109","2023-03-01T18:01:46"
"18","3_3","32.2246621","-110.9648099","2023-03-01T18:02:01"
"18","3_3","32.2238435","-110.9648077","2023-03-01T18:02:01"
"18","3_3","32.2238435","-110.9648254","2023-03-01T18:02:07"
"18","3_3","32.2238447","-110.9651822","2023-03-01T18:02:08"
"18","3_3","32.2238454","-110.9652055","2023-03-01T18:02:08"
"18","3_3","32.2238468","-110.96523","2023-03-01T18:02:10"
"18","3_3","32.2238524","-110.9653241","2023-03-01T18:02:11"
"18","3_3","32.2238543","-110.9653669","2023-03-01T18:02:12"
"18","3_3","32.2238545","-110.965411","2023-03-01T18:02:12"
"18","3_3","32.2238542","-110.9654429","2023-03-01T18:02:13"
"18","3_3","32.2238538","-110.9654769","2023-03-01T18:02:13"
"18","3_3","32.2238537","-110.9654812","2023-03-01T18:02:14"
"18","3_3","32.2238516","-110.9655351","2023-03-01T18:02:15"
"18","3_3","32.2237965","-110.9655458","2023-03-01T18:02:15"
"18","3_3","32.2237735","-110.9655507","2023-03-01T18:02:15"
"18","3_3","32.2237356","-110.9655592","2023-03-01T18:02:16"
"18","3_3","32.2236977","-110.9655678","2023-03-01T18:02:16"
"18","3_3","32.2236636","-110.9655763","2023-03-01T18:02:21"
"18","3_3","32.2233787","-110.9656547","2023-03-01T18:02:30"
"18","3_3","32.2227116","-110.9658349","2023-03-01T18:02:35"
"18","3_3","32.2223813","-110.9659321","2023-03-01T18:02:36"
"18","3_3","32.2222702","-110.9659587","2023-03-01T18:02:37"
"18","3_3","32.2222075","-110.9659652","2023-03-01T18:02:38"
"18","3_3","32.2221462","-110.9659535","2023-03-01T18:02:39"
"18","3_3","32.2221016","-110.9659384","2023-03-01T18:02:40"
"18","3_3","32.2220097","-110.9659066","2023-03-01T18:02:42"
"18","3_3","32.2219053","-110.9657832","2023-03-01T18:02:45"
"18","3_3","32.2217054","-110.9655445","2023-03-01T18:02:47"
"18","3_3","32.2216041","-110.9654235","2023-03-01T18:02:47"
"18","3_3","32.2215833","-110.9653982","2023-03-01T18:02:48"
"18","3_3","32.2215595","-110.9653702","2023-03-01T18:02:48"
"18","3_3","32.2215312","-110.9653364","2023-03-01T18:02:49"
"18","3_3","32.221496","-110.9652988","2023-03-01T18:02:49"
"18","3_3","32.2214479","-110.9652474","2023-03-01T18:02:50"
"18","3_3","32.2214321","-110.9652305","2023-03-01T18:02:50"
"18","3_3","32.2214219","-110.9651784","2023-03-01T18:02:51"
"18","3_3","32.2214265","-110.9651193","2023-03-01T18:02:52"
"18","3_3","32.2214317","-110.965092","2023-03-01T18:02:52"
"18","3_3","32.2214367","-110.965067","2023-03-01T18:02:53"
"18","3_3","32.2214639","-110.9649893","2023-03-01T18:02:54"
"18","3_3","32.2215013","-110.9649034","2023-03-01T18:02:56"
"18","3_3","32.2215277","-110.9648179","2023-03-01T18:02:56"
"18","3_3","32.2215483","-110.9647597","2023-03-01T18:02:57"
"18","3_3","32.2215479","-110.9647186","2023-03-01T18:02:57"
"18","3_3","32.2215467","-110.9647094","2023-03-01T18:02:57"
"18","3_3","32.2215428","-110.9646784","2023-03-01T18:02:58"
"18","3_3","32.2215285","-110.9646431","2023-03-01T18:02:59"
"18","3_3","32.221491","-110.9645783","2023-03-01T18:03:04"
"18","3_3","32.2212516","-110.9643005","2023-03-01T18:03:16"
"18","3_3","32.2206487","-110.9636704","2023-03-01T18:03:21"
"18","3_3","32.2203813","-110.9634121","2023-03-01T18:03:26"
"18","3_3","32.2201334","-110.9631779","2023-03-01T18:03:28"
"18","3_3","32.2200304","-110.9630807","2023-03-01T18:03:35"
"18","3_3","32.2196295","-110.9626748","2023-03-01T18:03:36"
"18","3_3","32.2195908","-110.9626356","2023-03-01T18:03:44"
"18","3_3","32.2192186","-110.9622172","2023-03-01T18:03:58"
"18","3_3","32.2185421","-110.9614504","2023-03-01T18:04"
"18","3_3","32.2184405","-110.9613462","2023-03-01T18:04:03"
"18","3_3","32.2182701","-110.9611899","2023-03-01T18:04:06"
"18","3_3","32.2180863","-110.9610746","2023-03-01T18:04:09"
"18","3_3","32.2179116","-110.9609834","2023-03-01T18:04:11"
"18","3_3","32.21773","-110.9609244","2023-03-01T18:04:14"
"18","3_3","32.2175598","-110.9608895","2023-03-01T18:04:16"
"18","3_3","32.2173851","-110.9608707","2023-03-01T18:04:18"
"18","3_3","32.2172467","-110.960868","2023-03-01T18:04:21"
"18","3_3","32.2170159","-110.9608655","2023-03-01T18:04:28"
"18","3_3","32.2165264","-110.9608601","2023-03-01T18:04:28"
"18","3_3","32.2165137","-110.96086","2023-03-01T18:04:30"
"18","3_3","32.2163571","-110.960852","2023-03-01T18:04:33"
"18","3_3","32.2161756","-110.9608251","2023-03-01T18:04:34"
"18","3_3","32.2160559","-110.9607954","2023-03-01T18:04:35"
"18","3_3","32.2160099","-110.9607849","2023-03-01T18:04:37"
"18","3_3","32.2158352","-110.9607205","2023-03-01T18:04:40"
"18","3_3","32.2156945","-110.9606383","2023-03-01T18:04:40"
"18","3_3","32.2156514","-110.9606132","2023-03-01T18:04:43"
"18","3_3","32.2154721","-110.9604711","2023-03-01T18:04:45"
"18","3_3","32.2154047","-110.9604067","2023-03-01T18:04:46"
"18","3_3","32.2153178","-110.9603236","2023-03-01T18:04:48"
"18","3_3","32.2152131","-110.9602085","2023-03-01T18:04:51"
"18","3_3","32.2151226","-110.9600875","2023-03-01T18:04:52"
"18","3_3","32.2150319","-110.9599856","2023-03-01T18:04:54"
"18","3_3","32.2149524","-110.9599221","2023-03-01T18:04:56"
"18","3_3","32.2148318","-110.9598491","2023-03-01T18:04:58"
"18","3_3","32.2147042","-110.9598033","2023-03-01T18:04:58"
"18","3_3","32.2146578","-110.9598015","2023-03-01T18:05:04"
"18","3_3","32.2142176","-110.9597871","2023-03-01T18:05:05"
"18","3_3","32.2141846","-110.959786","2023-03-01T18:05:06"
"18","3_3","32.2141056","-110.9597834","2023-03-01T18:05:06"
"18","3_3","32.2140704","-110.9597834","2023-03-01T18:05:16"
"18","3_3","32.2133896","-110.9597836","2023-03-01T18:05:23"
"18","3_3","32.2128258","-110.9597676","2023-03-01T18:05:24"
"18","3_3","32.2127654","-110.9597665","2023-03-01T18:05:27"
"18","3_3","32.2125506","-110.9597686","2023-03-01T18:05:33"
"18","3_3","32.212094","-110.9597749","2023-03-01T18:05:36"
"18","3_3","32.212093","-110.9595841","2023-03-01T18:05:56"
"18","3_3","32.2120851","-110.9580997","2023-03-01T18:05:57"
"18","3_3","32.2120848","-110.9580392","2023-03-01T18:06"
"18","3_3","32.2120838","-110.9578468","2023-03-01T18:06:05"
"18","3_3","32.2120818","-110.9574619","2023-03-01T18:06:06"
"18","3_3","32.2120812","-110.9573529","2023-03-01T18:06:10"
"18","3_3","32.21208","-110.9571169","2023-03-01T18:06:14"
"18","3_3","32.2120968","-110.9568155","2023-03-01T18:06:17"
"18","3_3","32.2120961","-110.9565491","2023-03-01T18:06:17"
"18","3_3","32.212096","-110.9565364","2023-03-01T18:06:19"
"18","3_3","32.2120957","-110.9564127","2023-03-01T18:06:20"
"18","3_3","32.2120052","-110.9564097","2023-03-01T18:06:20"
"18","3_3","32.211998","-110.9564095","2023-03-01T18:06:22"
"18","3_3","32.2118596","-110.956406","2023-03-01T18:06:23"
"18","3_3","32.2117541","-110.9564004","2023-03-01T18:06:25"
"18","3_3","32.2116495","-110.9563903","2023-03-01T18:06:26"
"18","3_3","32.2115721","-110.9563806","2023-03-01T18:06:26"
"18","3_3","32.2115344","-110.9563768","2023-03-01T18:06:27"
"18","3_3","32.2114232","-110.9563577","2023-03-01T18:06:29"
"18","3_3","32.2112967","-110.9563386","2023-03-01T18:06:30"
"18","3_3","32.2112092","-110.9563217","2023-03-01T18:06:31"
"18","3_3","32.2111398","-110.9563015","2023-03-01T18:06:32"
"18","3_3","32.2110298","-110.9562474","2023-03-01T18:06:35"
"18","3_3","32.2108068","-110.956244","2023-03-01T18:06:38"
"18","3_3","32.2105524","-110.9562425","2023-03-01T18:06:45"
"18","3_3","32.2100173","-110.9562393","2023-03-01T18:06:51"
"18","3_3","32.2094751","-110.9562368","2023-03-01T18:07:03"
"18","3_3","32.2084921","-110.9562263","2023-03-01T18:07:05"
"18","3_3","32.2083628","-110.9562256","2023-03-01T18:07:07"
"18","3_3","32.2081953","-110.956224","2023-03-01T18:07:18"
"18","3_3","32.2072341","-110.9562147","2023-03-01T18:07:19"
"18","3_3","32.2071602","-110.9562143","2023-03-01T18:07:21"
"18","3_3","32.2070003","-110.9562128","2023-03-01T18:07:23"
"18","3_3","32.2068881","-110.956212","2023-03-01T18:07:24"
"18","3_3","32.2068884","-110.9560566","2023-03-01T18:07:24"
"19","3_3","32.2251308","-110.965479","2023-03-01T18:04:40"
"19","3_3","32.22513","-110.9649585","2023-03-01T18:04:42"
"19","3_3","32.2251298","-110.9648112","2023-03-01T18:04:44"
"19","3_3","32.2250306","-110.9648109","2023-03-01T18:04:51"
"19","3_3","32.2246621","-110.9648099","2023-03-01T18:05:06"
"19","3_3","32.2238435","-110.9648077","2023-03-01T18:05:06"
"19","3_3","32.2238435","-110.9648254","2023-03-01T18:05:12"
"19","3_3","32.2238447","-110.9651822","2023-03-01T18:05:13"
"19","3_3","32.2238454","-110.9652055","2023-03-01T18:05:13"
"19","3_3","32.2238468","-110.96523","2023-03-01T18:05:15"
"19","3_3","32.2238524","-110.9653241","2023-03-01T18:05:16"
"19","3_3","32.2238543","-110.9653669","2023-03-01T18:05:17"
"19","3_3","32.2238545","-110.965411","2023-03-01T18:05:17"
"19","3_3","32.2238542","-110.9654429","2023-03-01T18:05:18"
"19","3_3","32.2238538","-110.9654769","2023-03-01T18:05:18"
"19","3_3","32.2238537","-110.9654812","2023-03-01T18:05:19"
"19","3_3","32.2238516","-110.9655351","2023-03-01T18:05:20"
"19","3_3","32.2237965","-110.9655458","2023-03-01T18:05:20"
"19","3_3","32.2237735","-110.9655507","2023-03-01T18:05:20"
"19","3_3","32.2237356","-110.9655592","2023-03-01T18:05:21"
"19","3_3","32.2236977","-110.9655678","2023-03-01T18:05:21"
"19","3_3","32.2236636","-110.9655763","2023-03-01T18:05:26"
"19","3_3","32.2233787","-110.9656547","2023-03-01T18:05:35"
"19","3_3","32.2227116","-110.9658349","2023-03-01T18:05:40"
"19","3_3","32.2223813","-110.9659321","2023-03-01T18:05:41"
"19","3_3","32.2222702","-110.9659587","2023-03-01T18:05:42"
"19","3_3","32.2222075","-110.9659652","2023-03-01T18:05:43"
"19","3_3","32.2221462","-110.9659535","2023-03-01T18:05:44"
"19","3_3","32.2221016","-110.9659384","2023-03-01T18:05:45"
"19","3_3","32.2220097","-110.9659066","2023-03-01T18:05:47"
"19","3_3","32.2219053","-110.9657832","2023-03-01T18:05:50"
"19","3_3","32.2217054","-110.9655445","2023-03-01T18:05:52"
"19","3_3","32.2216041","-110.9654235","2023-03-01T18:05:52"
"19","3_3","32.2215833","-110.9653982","2023-03-01T18:05:53"
"19","3_3","32.2215595","-110.9653702","2023-03-01T18:05:53"
"19","3_3","32.2215312","-110.9653364","2023-03-01T18:05:54"
"19","3_3","32.221496","-110.9652988","2023-03-01T18:05:54"
"19","3_3","32.2214479","-110.9652474","2023-03-01T18:05:55"
"19","3_3","32.2214321","-110.9652305","2023-03-01T18:05:55"
"19","3_3","32.2214219","-110.9651784","2023-03-01T18:05:56"
"19","3_3","32.2214265","-110.9651193","2023-03-01T18:05:57"
"19","3_3","32.2214317","-110.965092","2023-03-01T18:05:57"
"19","3_3","32.2214367","-110.965067","2023-03-01T18:05:58"
"19","3_3","32.2214639","-110.9649893","2023-03-01T18:05:59"
"19","3_3","32.2215013","-110.9649034","2023-03-01T18:06:01"
"19","3_3","32.2215277","-110.9648179","2023-03-01T18:06:01"
"19","3_3","32.2215483","-110.9647597","2023-03-01T18:06:02"
"19","3_3","32.2215479","-110.9647186","2023-03-01T18:06:02"
"19","3_3","32.2215467","-110.9647094","2023-03-01T18:06:02"
"19","3_3","32.2215428","-110.9646784","2023-03-01T18:06:03"
"19","3_3","32.2215285","-110.9646431","2023-03-01T18:06:04"
"19","3_3","32.221491","-110.9645783","2023-03-01T18:06:09"
"19","3_3","32.2212516","-110.9643005","2023-03-01T18:06:21"
"19","3_3","32.2206487","-110.9636704","2023-03-01T18:06:26"
"19","3_3","32.2203813","-110.9634121","2023-03-01T18:06:31"
"19","3_3","32.2201334","-110.9631779","2023-03-01T18:06:33"
"19","3_3","32.2200304","-110.9630807","2023-03-01T18:06:40"
"19","3_3","32.2196295","-110.9626748","2023-03-01T18:06:41"
"19","3_3","32.2195908","-110.9626356","2023-03-01T18:06:49"
"19","3_3","32.2192186","-110.9622172","2023-03-01T18:07:03"
"19","3_3","32.2185421","-110.9614504","2023-03-01T18:07:05"
"19","3_3","32.2184405","-110.9613462","2023-03-01T18:07:08"
"19","3_3","32.2182701","-110.9611899","2023-03-01T18:07:11"
"19","3_3","32.2180863","-110.9610746","2023-03-01T18:07:14"
"19","3_3","32.2179116","-110.9609834","2023-03-01T18:07:16"
"19","3_3","32.21773","-110.9609244","2023-03-01T18:07:19"
"19","3_3","32.2175598","-110.9608895","2023-03-01T18:07:21"
"19","3_3","32.2173851","-110.9608707","2023-03-01T18:07:23"
"19","3_3","32.2172467","-110.960868","2023-03-01T18:07:26"
"19","3_3","32.2170159","-110.9608655","2023-03-01T18:07:33"
"19","3_3","32.2165264","-110.9608601","2023-03-01T18:07:33"
"19","3_3","32.2165137","-110.96086","2023-03-01T18:07:35"
"19","3_3","32.2163571","-110.960852","2023-03-01T18:07:38"
"19","3_3","32.2161756","-110.9608251","2023-03-01T18:07:39"
"19","3_3","32.2160559","-110.9607954","2023-03-01T18:07:40"
"19","3_3","32.2160099","-110.9607849","2023-03-01T18:07:42"
"19","3_3","32.2158352","-110.9607205","2023-03-01T18:07:45"
"19","3_3","32.2156945","-110.9606383","2023-03-01T18:07:45"
"19","3_3","32.2156514","-110.9606132","2023-03-01T18:07:48"
"19","3_3","32.2154721","-110.9604711","2023-03-01T18:07:50"
"19","3_3","32.2154047","-110.9604067","2023-03-01T18:07:51"
"19","3_3","32.2153178","-110.9603236","2023-03-01T18:07:53"
"19","3_3","32.2152131","-110.9602085","2023-03-01T18:07:56"
"19","3_3","32.2151226","-110.9600875","2023-03-01T18:07:57"
"19","3_3","32.2150319","-110.9599856","2023-03-01T18:07:59"
"19","3_3","32.2149524","-110.9599221","2023-03-01T18:08:01"
"19","3_3","32.2148318","-110.9598491","2023-03-01T18:08:03"
"19","3_3","32.2147042","-110.9598033","2023-03-01T18:08:03"
"19","3_3","32.2146578","-110.9598015","2023-03-01T18:08:09"
"19","3_3","32.2142176","-110.9597871","2023-03-01T18:08:10"
"19","3_3","32.2141846","-110.959786","2023-03-01T18:08:11"
"19","3_3","32.2141056","-110.9597834","2023-03-01T18:08:11"
"19","3_3","32.2140704","-110.9597834","2023-03-01T18:08:21"
"19","3_3","32.2133896","-110.9597836","2023-03-01T18:08:28"
"19","3_3","32.2128258","-110.9597676","2023-03-01T18:08:29"
"19","3_3","32.2127654","-110.9597665","2023-03-01T18:08:32"
"19","3_3","32.2125506","-110.9597686","2023-03-01T18:08:38"
"19","3_3","32.212094","-110.9597749","2023-03-01T18:08:41"
"19","3_3","32.212093","-110.9595841","2023-03-01T18:09:01"
"19","3_3","32.2120851","-110.9580997","2023-03-01T18:09:02"
"19","3_3","32.2120848","-110.9580392","2023-03-01T18:09:05"
"19","3_3","32.2120838","-110.9578468","2023-03-01T18:09:10"
"19","3_3","32.2120818","-110.9574619","2023-03-01T18:09:11"
"19","3_3","32.2120812","-110.9573529","2023-03-01T18:09:15"
"19","3_3","32.21208","-110.9571169","2023-03-01T18:09:19"
"19","3_3","32.2120968","-110.9568155","2023-03-01T18:09:22"
"19","3_3","32.2120961","-110.9565491","2023-03-01T18:09:22"
"19","3_3","32.212096","-110.9565364","2023-03-01T18:09:24"
"19","3_3","32.2120957","-110.9564127","2023-03-01T18:09:25"
"19","3_3","32.2120052","-110.9564097","2023-03-01T18:09:25"
"19","3_3","32.211998","-110.9564095","2023-03-01T18:09:27"
"19","3_3","32.2118596","-110.956406","2023-03-01T18:09:28"
"19","3_3","32.2117541","-110.9564004","2023-03-01T18:09:30"
"19","3_3","32.2116495","-110.9563903","2023-03-01T18:09:31"
"19","3_3","32.2115721","-110.9563806","2023-03-01T18:09:31"
"19","3_3","32.2115344","-110.9563768","2023-03-01T18:09:32"
"19","3_3","32.2114232","-110.9563577","2023-03-01T18:09:34"
"19","3_3","32.2112967","-110.9563386","2023-03-01T18:09:35"
"19","3_3","32.2112092","-110.9563217","2023-03-01T18:09:36"
"19","3_3","32.2111398","-110.9563015","2023-03-01T18:09:37"
"19","3_3","32.2110298","-110.9562474","2023-03-01T18:09:40"
"19","3_3","32.2108068","-110.956244","2023-03-01T18:09:43"
"19","3_3","32.2105524","-110.9562425","2023-03-01T18:09:50"
"19","3_3","32.2100173","-110.9562393","2023-03-01T18:09:56"
"19","3_3","32.2094751","-110.9562368","2023-03-01T18:10:08"
"19","3_3","32.2084921","-110.9562263","2023-03-01T18:10:10"
"19","3_3","32.2083628","-110.9562256","2023-03-01T18:10:12"
"19","3_3","32.2081953","-110.956224","2023-03-01T18:10:23"
"19","3_3","32.2072341","-110.9562147","2023-03-01T18:10:24"
"19","3_3","32.2071602","-110.9562143","2023-03-01T18:10:26"
"19","3_3","32.2070003","-110.9562128","2023-03-01T18:10:28"
"19","3_3","32.2068881","-110.956212","2023-03-01T18:10:29"
"19","3_3","32.2068884","-110.9560566","2023-03-01T18:10:29"
"20","3_3","32.2251308","-110.965479","2023-03-01T18:36:50"
"20","3_3","32.22513","-110.9649585","2023-03-01T18:36:52"
"20","3_3","32.2251298","-110.9648112","2023-03-01T18:36:54"
"20","3_3","32.2250306","-110.9648109","2023-03-01T18:37:01"
"20","3_3","32.2246621","-110.9648099","2023-03-01T18:37:16"
"20","3_3","32.2238435","-110.9648077","2023-03-01T18:37:16"
"20","3_3","32.2238435","-110.9648254","2023-03-01T18:37:22"
"20","3_3","32.2238447","-110.9651822","2023-03-01T18:37:23"
"20","3_3","32.2238454","-110.9652055","2023-03-01T18:37:23"
"20","3_3","32.2238468","-110.96523","2023-03-01T18:37:25"
"20","3_3","32.2238524","-110.9653241","2023-03-01T18:37:26"
"20","3_3","32.2238543","-110.9653669","2023-03-01T18:37:27"
"20","3_3","32.2238545","-110.965411","2023-03-01T18:37:27"
"20","3_3","32.2238542","-110.9654429","2023-03-01T18:37:28"
"20","3_3","32.2238538","-110.9654769","2023-03-01T18:37:28"
"20","3_3","32.2238537","-110.9654812","2023-03-01T18:37:29"
"20","3_3","32.2238516","-110.9655351","2023-03-01T18:37:30"
"20","3_3","32.2237965","-110.9655458","2023-03-01T18:37:30"
"20","3_3","32.2237735","-110.9655507","2023-03-01T18:37:30"
"20","3_3","32.2237356","-110.9655592","2023-03-01T18:37:31"
"20","3_3","32.2236977","-110.9655678","2023-03-01T18:37:31"
"20","3_3","32.2236636","-110.9655763","2023-03-01T18:37:36"
"20","3_3","32.2233787","-110.9656547","2023-03-01T18:37:45"
"20","3_3","32.2227116","-110.9658349","2023-03-01T18:37:50"
"20","3_3","32.2223813","-110.9659321","2023-03-01T18:37:51"
"20","3_3","32.2222702","-110.9659587","2023-03-01T18:37:52"
"20","3_3","32.2222075","-110.9659652","2023-03-01T18:37:53"
"20","3_3","32.2221462","-110.9659535","2023-03-01T18:37:54"
"20","3_3","32.2221016","-110.9659384","2023-03-01T18:37:55"
"20","3_3","32.2220097","-110.9659066","2023-03-01T18:37:57"
"20","3_3","32.2219053","-110.9657832","2023-03-01T18:38"
"20","3_3","32.2217054","-110.9655445","2023-03-01T18:38:02"
"20","3_3","32.2216041","-110.9654235","2023-03-01T18:38:02"
"20","3_3","32.2215833","-110.9653982","2023-03-01T18:38:03"
"20","3_3","32.2215595","-110.9653702","2023-03-01T18:38:03"
"20","3_3","32.2215312","-110.9653364","2023-03-01T18:38:04"
"20","3_3","32.221496","-110.9652988","2023-03-01T18:38:04"
"20","3_3","32.2214479","-110.9652474","2023-03-01T18:38:05"
"20","3_3","32.2214321","-110.9652305","2023-03-01T18:38:05"
"20","3_3","32.2214219","-110.9651784","2023-03-01T18:38:06"
"20","3_3","32.2214265","-110.9651193","2023-03-01T18:38:07"
"20","3_3","32.2214317","-110.965092","2023-03-01T18:38:07"
"20","3_3","32.2214367","-110.965067","2023-03-01T18:38:08"
"20","3_3","32.2214639","-110.9649893","2023-03-01T18:38:09"
"20","3_3","32.2215013","-110.9649034","2023-03-01T18:38:11"
"20","3_3","32.2215277","-110.9648179","2023-03-01T18:38:11"
"20","3_3","32.2215483","-110.9647597","2023-03-01T18:38:12"
"20","3_3","32.2215479","-110.9647186","2023-03-01T18:38:12"
"20","3_3","32.2215467","-110.9647094","2023-03-01T18:38:12"
"20","3_3","32.2215428","-110.9646784","2023-03-01T18:38:13"
"20","3_3","32.2215285","-110.9646431","2023-03-01T18:38:14"
"20","3_3","32.221491","-110.9645783","2023-03-01T18:38:19"
"20","3_3","32.2212516","-110.9643005","2023-03-01T18:38:31"
"20","3_3","32.2206487","-110.9636704","2023-03-01T18:38:36"
"20","3_3","32.2203813","-110.9634121","2023-03-01T18:38:41"
"20","3_3","32.2201334","-110.9631779","2023-03-01T18:38:43"
"20","3_3","32.2200304","-110.9630807","2023-03-01T18:38:50"
"20","3_3","32.2196295","-110.9626748","2023-03-01T18:38:51"
"20","3_3","32.2195908","-110.9626356","2023-03-01T18:38:59"
"20","3_3","32.2192186","-110.9622172","2023-03-01T18:39:13"
"20","3_3","32.2185421","-110.9614504","2023-03-01T18:39:15"
"20","3_3","32.2184405","-110.9613462","2023-03-01T18:39:18"
"20","3_3","32.2182701","-110.9611899","2023-03-01T18:39:21"
"20","3_3","32.2180863","-110.9610746","2023-03-01T18:39:24"
"20","3_3","32.2179116","-110.9609834","2023-03-01T18:39:26"
"20","3_3","32.21773","-110.9609244","2023-03-01T18:39:29"
"20","3_3","32.2175598","-110.9608895","2023-03-01T18:39:31"
"20","3_3","32.2173851","-110.9608707","2023-03-01T18:39:33"
"20","3_3","32.2172467","-110.960868","2023-03-01T18:39:36"
"20","3_3","32.2170159","-110.9608655","2023-03-01T18:39:43"
"20","3_3","32.2165264","-110.9608601","2023-03-01T18:39:43"
"20","3_3","32.2165137","-110.96086","2023-03-01T18:39:45"
"20","3_3","32.2163571","-110.960852","2023-03-01T18:39:48"
"20","3_3","32.2161756","-110.9608251","2023-03-01T18:39:49"
"20","3_3","32.2160559","-110.9607954","2023-03-01T18:39:50"
"20","3_3","32.2160099","-110.9607849","2023-03-01T18:39:52"
"20","3_3","32.2158352","-110.9607205","2023-03-01T18:39:55"
"20","3_3","32.2156945","-110.9606383","2023-03-01T18:39:55"
"20","3_3","32.2156514","-110.9606132","2023-03-01T18:39:58"
"20","3_3","32.2154721","-110.9604711","2023-03-01T18:40"
"20","3_3","32.2154047","-110.9604067","2023-03-01T18:40:01"
"20","3_3","32.2153178","-110.9603236","2023-03-01T18:40:03"
"20","3_3","32.2152131","-110.9602085","2023-03-01T18:40:06"
"20","3_3","32.2151226","-110.9600875","2023-03-01T18:40:07"
"20","3_3","32.2150319","-110.9599856","2023-03-01T18:40:09"
"20","3_3","32.2149524","-110.9599221","2023-03-01T18:40:11"
"20","3_3","32.2148318","-110.9598491","2023-03-01T18:40:13"
"20","3_3","32.2147042","-110.9598033","2023-03-01T18:40:13"
"20","3_3","32.2146578","-110.9598015","2023-03-01T18:40:19"
"20","3_3","32.2142176","-110.9597871","2023-03-01T18:40:20"
"20","3_3","32.2141846","-110.959786","2023-03-01T18:40:21"
"20","3_3","32.2141056","-110.9597834","2023-03-01T18:40:21"
"20","3_3","32.2140704","-110.9597834","2023-03-01T18:40:31"
"20","3_3","32.2133896","-110.9597836","2023-03-01T18:40:38"
"20","3_3","32.2128258","-110.9597676","2023-03-01T18:40:39"
"20","3_3","32.2127654","-110.9597665","2023-03-01T18:40:42"
"20","3_3","32.2125506","-110.9597686","2023-03-01T18:40:48"
"20","3_3","32.212094","-110.9597749","2023-03-01T18:40:51"
"20","3_3","32.212093","-110.9595841","2023-03-01T18:41:11"
"20","3_3","32.2120851","-110.9580997","2023-03-01T18:41:12"
"20","3_3","32.2120848","-110.9580392","2023-03-01T18:41:15"
"20","3_3","32.2120838","-110.9578468","2023-03-01T18:41:20"
"20","3_3","32.2120818","-110.9574619","2023-03-01T18:41:21"
"20","3_3","32.2120812","-110.9573529","2023-03-01T18:41:25"
"20","3_3","32.21208","-110.9571169","2023-03-01T18:41:29"
"20","3_3","32.2120968","-110.9568155","2023-03-01T18:41:32"
"20","3_3","32.2120961","-110.9565491","2023-03-01T18:41:32"
"20","3_3","32.212096","-110.9565364","2023-03-01T18:41:34"
"20","3_3","32.2120957","-110.9564127","2023-03-01T18:41:35"
"20","3_3","32.2120052","-110.9564097","2023-03-01T18:41:35"
"20","3_3","32.211998","-110.9564095","2023-03-01T18:41:37"
"20","3_3","32.2118596","-110.956406","2023-03-01T18:41:38"
"20","3_3","32.2117541","-110.9564004","2023-03-01T18:41:40"
"20","3_3","32.2116495","-110.9563903","2023-03-01T18:41:41"
"20","3_3","32.2115721","-110.9563806","2023-03-01T18:41:41"
"20","3_3","32.2115344","-110.9563768","2023-03-01T18:41:42"
"20","3_3","32.2114232","-110.9563577","2023-03-01T18:41:44"
"20","3_3","32.2112967","-110.9563386","2023-03-01T18:41:45"
"20","3_3","32.2112092","-110.9563217","2023-03-01T18:41:46"
"20","3_3","32.2111398","-110.9563015","2023-03-01T18:41:47"
"20","3_3","32.2110298","-110.9562474","2023-03-01T18:41:50"
"20","3_3","32.2108068","-110.956244","2023-03-01T18:41:53"
"20","3_3","32.2105524","-110.9562425","2023-03-01T18:42"
"20","3_3","32.2100173","-110.9562393","2023-03-01T18:42:06"
"20","3_3","32.2094751","-110.9562368","2023-03-01T18:42:18"
"20","3_3","32.2084921","-110.9562263","2023-03-01T18:42:20"
"20","3_3","32.2083628","-110.9562256","2023-03-01T18:42:22"
"20","3_3","32.2081953","-110.956224","2023-03-01T18:42:33"
"20","3_3","32.2072341","-110.9562147","2023-03-01T18:42:34"
"20","3_3","32.2071602","-110.9562143","2023-03-01T18:42:36"
"20","3_3","32.2070003","-110.9562128","2023-03-01T18:42:38"
"20","3_3","32.2068881","-110.956212","2023-03-01T18:42:39"
"20","3_3","32.2068884","-110.9560566","2023-03-01T18:42:39"
"21","3_3","32.2251308","-110.965479","2023-03-01T18:35:17"
"21","3_3","32.22513","-110.9649585","2023-03-01T18:35:19"
"21","3_3","32.2251298","-110.9648112","2023-03-01T18:35:21"
"21","3_3","32.2250306","-110.9648109","2023-03-01T18:35:28"
"21","3_3","32.2246621","-110.9648099","2023-03-01T18:35:43"
"21","3_3","32.2238435","-110.9648077","2023-03-01T18:35:43"
"21","3_3","32.2238435","-110.9648254","2023-03-01T18:35:49"
"21","3_3","32.2238447","-110.9651822","2023-03-01T18:35:50"
"21","3_3","32.2238454","-110.9652055","2023-03-01T18:35:50"
"21","3_3","32.2238468","-110.96523","2023-03-01T18:35:52"
"21","3_3","32.2238524","-110.9653241","2023-03-01T18:35:53"
"21","3_3","32.2238543","-110.9653669","2023-03-01T18:35:54"
"21","3_3","32.2238545","-110.965411","2023-03-01T18:35:54"
"21","3_3","32.2238542","-110.9654429","2023-03-01T18:35:55"
"21","3_3","32.2238538","-110.9654769","2023-03-01T18:35:55"
"21","3_3","32.2238537","-110.9654812","2023-03-01T18:35:56"
"21","3_3","32.2238516","-110.9655351","2023-03-01T18:35:57"
"21","3_3","32.2237965","-110.9655458","2023-03-01T18:35:57"
"21","3_3","32.2237735","-110.9655507","2023-03-01T18:35:57"
"21","3_3","32.2237356","-110.9655592","2023-03-01T18:35:58"
"21","3_3","32.2236977","-110.9655678","2023-03-01T18:35:58"
"21","3_3","32.2236636","-110.9655763","2023-03-01T18:36:03"
"21","3_3","32.2233787","-110.9656547","2023-03-01T18:36:12"
"21","3_3","32.2227116","-110.9658349","2023-03-01T18:36:17"
"21","3_3","32.2223813","-110.9659321","2023-03-01T18:36:18"
"21","3_3","32.2222702","-110.9659587","2023-03-01T18:36:19"
"21","3_3","32.2222075","-110.9659652","2023-03-01T18:36:20"
"21","3_3","32.2221462","-110.9659535","2023-03-01T18:36:21"
"21","3_3","32.2221016","-110.9659384","2023-03-01T18:36:22"
"21","3_3","32.2220097","-110.9659066","2023-03-01T18:36:24"
"21","3_3","32.2219053","-110.9657832","2023-03-01T18:36:27"
"21","3_3","32.2217054","-110.9655445","2023-03-01T18:36:29"
"21","3_3","32.2216041","-110.9654235","2023-03-01T18:36:29"
"21","3_3","32.2215833","-110.9653982","2023-03-01T18:36:30"
"21","3_3","32.2215595","-110.9653702","2023-03-01T18:36:30"
"21","3_3","32.2215312","-110.9653364","2023-03-01T18:36:31"
"21","3_3","32.221496","-110.9652988","2023-03-01T18:36:31"
"21","3_3","32.2214479","-110.9652474","2023-03-01T18:36:32"
"21","3_3","32.2214321","-110.9652305","2023-03-01T18:36:32"
"21","3_3","32.2214219","-110.9651784","2023-03-01T18:36:33"
"21","3_3","32.2214265","-110.9651193","2023-03-01T18:36:34"
"21","3_3","32.2214317","-110.965092","2023-03-01T18:36:34"
"21","3_3","32.2214367","-110.965067","2023-03-01T18:36:35"
"21","3_3","32.2214639","-110.9649893","2023-03-01T18:36:36"
"21","3_3","32.2215013","-110.9649034","2023-03-01T18:36:38"
"21","3_3","32.2215277","-110.9648179","2023-03-01T18:36:38"
"21","3_3","32.2215483","-110.9647597","2023-03-01T18:36:39"
"21","3_3","32.2215479","-110.9647186","2023-03-01T18:36:39"
"21","3_3","32.2215467","-110.9647094","2023-03-01T18:36:39"
"21","3_3","32.2215428","-110.9646784","2023-03-01T18:36:40"
"21","3_3","32.2215285","-110.9646431","2023-03-01T18:36:41"
"21","3_3","32.221491","-110.9645783","2023-03-01T18:36:46"
"21","3_3","32.2212516","-110.9643005","2023-03-01T18:36:58"
"21","3_3","32.2206487","-110.9636704","2023-03-01T18:37:03"
"21","3_3","32.2203813","-110.9634121","2023-03-01T18:37:08"
"21","3_3","32.2201334","-110.9631779","2023-03-01T18:37:10"
"21","3_3","32.2200304","-110.9630807","2023-03-01T18:37:17"
"21","3_3","32.2196295","-110.9626748","2023-03-01T18:37:18"
"21","3_3","32.2195908","-110.9626356","2023-03-01T18:37:26"
"21","3_3","32.2192186","-110.9622172","2023-03-01T18:37:40"
"21","3_3","32.2185421","-110.9614504","2023-03-01T18:37:42"
"21","3_3","32.2184405","-110.9613462","2023-03-01T18:37:45"
"21","3_3","32.2182701","-110.9611899","2023-03-01T18:37:48"
"21","3_3","32.2180863","-110.9610746","2023-03-01T18:37:51"
"21","3_3","32.2179116","-110.9609834","2023-03-01T18:37:53"
"21","3_3","32.21773","-110.9609244","2023-03-01T18:37:56"
"21","3_3","32.2175598","-110.9608895","2023-03-01T18:37:58"
"21","3_3","32.2173851","-110.9608707","2023-03-01T18:38"
"21","3_3","32.2172467","-110.960868","2023-03-01T18:38:03"
"21","3_3","32.2170159","-110.9608655","2023-03-01T18:38:10"
"21","3_3","32.2165264","-110.9608601","2023-03-01T18:38:10"
"21","3_3","32.2165137","-110.96086","2023-03-01T18:38:12"
"21","3_3","32.2163571","-110.960852","2023-03-01T18:38:15"
"21","3_3","32.2161756","-110.9608251","2023-03-01T18:38:16"
"21","3_3","32.2160559","-110.9607954","2023-03-01T18:38:17"
"21","3_3","32.2160099","-110.9607849","2023-03-01T18:38:19"
"21","3_3","32.2158352","-110.9607205","2023-03-01T18:38:22"
"21","3_3","32.2156945","-110.9606383","2023-03-01T18:38:22"
"21","3_3","32.2156514","-110.9606132","2023-03-01T18:38:25"
"21","3_3","32.2154721","-110.9604711","2023-03-01T18:38:27"
"21","3_3","32.2154047","-110.9604067","2023-03-01T18:38:28"
"21","3_3","32.2153178","-110.9603236","2023-03-01T18:38:30"
"21","3_3","32.2152131","-110.9602085","2023-03-01T18:38:33"
"21","3_3","32.2151226","-110.9600875","2023-03-01T18:38:34"
"21","3_3","32.2150319","-110.9599856","2023-03-01T18:38:36"
"21","3_3","32.2149524","-110.9599221","2023-03-01T18:38:38"
"21","3_3","32.2148318","-110.9598491","2023-03-01T18:38:40"
"21","3_3","32.2147042","-110.9598033","2023-03-01T18:38:40"
"21","3_3","32.2146578","-110.9598015","2023-03-01T18:38:46"
"21","3_3","32.2142176","-110.9597871","2023-03-01T18:38:47"
"21","3_3","32.2141846","-110.959786","2023-03-01T18:38:48"
"21","3_3","32.2141056","-110.9597834","2023-03-01T18:38:48"
"21","3_3","32.2140704","-110.9597834","2023-03-01T18:38:58"
"21","3_3","32.2133896","-110.9597836","2023-03-01T18:39:05"
"21","3_3","32.2128258","-110.9597676","2023-03-01T18:39:06"
"21","3_3","32.2127654","-110.9597665","2023-03-01T18:39:09"
"21","3_3","32.2125506","-110.9597686","2023-03-01T18:39:15"
"21","3_3","32.212094","-110.9597749","2023-03-01T18:39:18"
"21","3_3","32.212093","-110.9595841","2023-03-01T18:39:38"
"21","3_3","32.2120851","-110.9580997","2023-03-01T18:39:39"
"21","3_3","32.2120848","-110.9580392","2023-03-01T18:39:42"
"21","3_3","32.2120838","-110.9578468","2023-03-01T18:39:47"
"21","3_3","32.2120818","-110.9574619","2023-03-01T18:39:48"
"21","3_3","32.2120812","-110.9573529","2023-03-01T18:39:52"
"21","3_3","32.21208","-110.9571169","2023-03-01T18:39:56"
"21","3_3","32.2120968","-110.9568155","2023-03-01T18:39:59"
"21","3_3","32.2120961","-110.9565491","2023-03-01T18:39:59"
"21","3_3","32.212096","-110.9565364","2023-03-01T18:40:01"
"21","3_3","32.2120957","-110.9564127","2023-03-01T18:40:02"
"21","3_3","32.2120052","-110.9564097","2023-03-01T18:40:02"
"21","3_3","32.211998","-110.9564095","2023-03-01T18:40:04"
"21","3_3","32.2118596","-110.956406","2023-03-01T18:40:05"
"21","3_3","32.2117541","-110.9564004","2023-03-01T18:40:07"
"21","3_3","32.2116495","-110.9563903","2023-03-01T18:40:08"
"21","3_3","32.2115721","-110.9563806","2023-03-01T18:40:08"
"21","3_3","32.2115344","-110.9563768","2023-03-01T18:40:09"
"21","3_3","32.2114232","-110.9563577","2023-03-01T18:40:11"
"21","3_3","32.2112967","-110.9563386","2023-03-01T18:40:12"
"21","3_3","32.2112092","-110.9563217","2023-03-01T18:40:13"
"21","3_3","32.2111398","-110.9563015","2023-03-01T18:40:14"
"21","3_3","32.2110298","-110.9562474","2023-03-01T18:40:17"
"21","3_3","32.2108068","-110.956244","2023-03-01T18:40:20"
"21","3_3","32.2105524","-110.9562425","2023-03-01T18:40:27"
"21","3_3","32.2100173","-110.9562393","2023-03-01T18:40:33"
"21","3_3","32.2094751","-110.9562368","2023-03-01T18:40:45"
"21","3_3","32.2084921","-110.9562263","2023-03-01T18:40:47"
"21","3_3","32.2083628","-110.9562256","2023-03-01T18:40:49"
"21","3_3","32.2081953","-110.956224","2023-03-01T18:41"
"21","3_3","32.2072341","-110.9562147","2023-03-01T18:41:01"
"21","3_3","32.2071602","-110.9562143","2023-03-01T18:41:03"
"21","3_3","32.2070003","-110.9562128","2023-03-01T18:41:05"
"21","3_3","32.2068881","-110.956212","2023-03-01T18:41:06"
"21","3_3","32.2068884","-110.9560566","2023-03-01T18:41:06"
"22","3_3","32.2251308","-110.965479","2023-03-01T18:44:25"
"22","3_3","32.22513","-110.9649585","2023-03-01T18:44:27"
"22","3_3","32.2251298","-110.9648112","2023-03-01T18:44:29"
"22","3_3","32.2250306","-110.9648109","2023-03-01T18:44:36"
"22","3_3","32.2246621","-110.9648099","2023-03-01T18:44:51"
"22","3_3","32.2238435","-110.9648077","2023-03-01T18:44:51"
"22","3_3","32.2238435","-110.9648254","2023-03-01T18:44:57"
"22","3_3","32.2238447","-110.9651822","2023-03-01T18:44:58"
"22","3_3","32.2238454","-110.9652055","2023-03-01T18:44:58"
"22","3_3","32.2238468","-110.96523","2023-03-01T18:45"
"22","3_3","32.2238524","-110.9653241","2023-03-01T18:45:01"
"22","3_3","32.2238543","-110.9653669","2023-03-01T18:45:02"
"22","3_3","32.2238545","-110.965411","2023-03-01T18:45:02"
"22","3_3","32.2238542","-110.9654429","2023-03-01T18:45:03"
"22","3_3","32.2238538","-110.9654769","2023-03-01T18:45:03"
"22","3_3","32.2238537","-110.9654812","2023-03-01T18:45:04"
"22","3_3","32.2238516","-110.9655351","2023-03-01T18:45:05"
"22","3_3","32.2237965","-110.9655458","2023-03-01T18:45:05"
"22","3_3","32.2237735","-110.9655507","2023-03-01T18:45:05"
"22","3_3","32.2237356","-110.9655592","2023-03-01T18:45:06"
"22","3_3","32.2236977","-110.9655678","2023-03-01T18:45:06"
"22","3_3","32.2236636","-110.9655763","2023-03-01T18:45:11"
"22","3_3","32.2233787","-110.9656547","2023-03-01T18:45:20"
"22","3_3","32.2227116","-110.9658349","2023-03-01T18:45:25"
"22","3_3","32.2223813","-110.9659321","2023-03-01T18:45:26"
"22","3_3","32.2222702","-110.9659587","2023-03-01T18:45:27"
"22","3_3","32.2222075","-110.9659652","2023-03-01T18:45:28"
"22","3_3","32.2221462","-110.9659535","2023-03-01T18:45:29"
"22","3_3","32.2221016","-110.9659384","2023-03-01T18:45:30"
"22","3_3","32.2220097","-110.9659066","2023-03-01T18:45:32"
"22","3_3","32.2219053","-110.9657832","2023-03-01T18:45:35"
"22","3_3","32.2217054","-110.9655445","2023-03-01T18:45:37"
"22","3_3","32.2216041","-110.9654235","2023-03-01T18:45:37"
"22","3_3","32.2215833","-110.9653982","2023-03-01T18:45:38"
"22","3_3","32.2215595","-110.9653702","2023-03-01T18:45:38"
"22","3_3","32.2215312","-110.9653364","2023-03-01T18:45:39"
"22","3_3","32.221496","-110.9652988","2023-03-01T18:45:39"
"22","3_3","32.2214479","-110.9652474","2023-03-01T18:45:40"
"22","3_3","32.2214321","-110.9652305","2023-03-01T18:45:40"
"22","3_3","32.2214219","-110.9651784","2023-03-01T18:45:41"
"22","3_3","32.2214265","-110.9651193","2023-03-01T18:45:42"
"22","3_3","32.2214317","-110.965092","2023-03-01T18:45:42"
"22","3_3","32.2214367","-110.965067","2023-03-01T18:45:43"
"22","3_3","32.2214639","-110.9649893","2023-03-01T18:45:44"
"22","3_3","32.2215013","-110.9649034","2023-03-01T18:45:46"
"22","3_3","32.2215277","-110.9648179","2023-03-01T18:45:46"
"22","3_3","32.2215483","-110.9647597","2023-03-01T18:45:47"
"22","3_3","32.2215479","-110.9647186","2023-03-01T18:45:47"
"22","3_3","32.2215467","-110.9647094","2023-03-01T18:45:47"
"22","3_3","32.2215428","-110.9646784","2023-03-01T18:45:48"
"22","3_3","32.2215285","-110.9646431","2023-03-01T18:45:49"
"22","3_3","32.221491","-110.9645783","2023-03-01T18:45:54"
"22","3_3","32.2212516","-110.9643005","2023-03-01T18:46:06"
"22","3_3","32.2206487","-110.9636704","2023-03-01T18:46:11"
"22","3_3","32.2203813","-110.9634121","2023-03-01T18:46:16"
"22","3_3","32.2201334","-110.9631779","2023-03-01T18:46:18"
"22","3_3","32.2200304","-110.9630807","2023-03-01T18:46:25"
"22","3_3","32.2196295","-110.9626748","2023-03-01T18:46:26"
"22","3_3","32.2195908","-110.9626356","2023-03-01T18:46:34"
"22","3_3","32.2192186","-110.9622172","2023-03-01T18:46:48"
"22","3_3","32.2185421","-110.9614504","2023-03-01T18:46:50"
"22","3_3","32.2184405","-110.9613462","2023-03-01T18:46:53"
"22","3_3","32.2182701","-110.9611899","2023-03-01T18:46:56"
"22","3_3","32.2180863","-110.9610746","2023-03-01T18:46:59"
"22","3_3","32.2179116","-110.9609834","2023-03-01T18:47:01"
"22","3_3","32.21773","-110.9609244","2023-03-01T18:47:04"
"22","3_3","32.2175598","-110.9608895","2023-03-01T18:47:06"
"22","3_3","32.2173851","-110.9608707","2023-03-01T18:47:08"
"22","3_3","32.2172467","-110.960868","2023-03-01T18:47:11"
"22","3_3","32.2170159","-110.9608655","2023-03-01T18:47:18"
"22","3_3","32.2165264","-110.9608601","2023-03-01T18:47:18"
"22","3_3","32.2165137","-110.96086","2023-03-01T18:47:20"
"22","3_3","32.2163571","-110.960852","2023-03-01T18:47:23"
"22","3_3","32.2161756","-110.9608251","2023-03-01T18:47:24"
"22","3_3","32.2160559","-110.9607954","2023-03-01T18:47:25"
"22","3_3","32.2160099","-110.9607849","2023-03-01T18:47:27"
"22","3_3","32.2158352","-110.9607205","2023-03-01T18:47:30"
"22","3_3","32.2156945","-110.9606383","2023-03-01T18:47:30"
"22","3_3","32.2156514","-110.9606132","2023-03-01T18:47:33"
"22","3_3","32.2154721","-110.9604711","2023-03-01T18:47:35"
"22","3_3","32.2154047","-110.9604067","2023-03-01T18:47:36"
"22","3_3","32.2153178","-110.9603236","2023-03-01T18:47:38"
"22","3_3","32.2152131","-110.9602085","2023-03-01T18:47:41"
"22","3_3","32.2151226","-110.9600875","2023-03-01T18:47:42"
"22","3_3","32.2150319","-110.9599856","2023-03-01T18:47:44"
"22","3_3","32.2149524","-110.9599221","2023-03-01T18:47:46"
"22","3_3","32.2148318","-110.9598491","2023-03-01T18:47:48"
"22","3_3","32.2147042","-110.9598033","2023-03-01T18:47:48"
"22","3_3","32.2146578","-110.9598015","2023-03-01T18:47:54"
"22","3_3","32.2142176","-110.9597871","2023-03-01T18:47:55"
"22","3_3","32.2141846","-110.959786","2023-03-01T18:47:56"
"22","3_3","32.2141056","-110.9597834","2023-03-01T18:47:56"
"22","3_3","32.2140704","-110.9597834","2023-03-01T18:48:06"
"22","3_3","32.2133896","-110.9597836","2023-03-01T18:48:13"
"22","3_3","32.2128258","-110.9597676","2023-03-01T18:48:14"
"22","3_3","32.2127654","-110.9597665","2023-03-01T18:48:17"
"22","3_3","32.2125506","-110.9597686","2023-03-01T18:48:23"
"22","3_3","32.212094","-110.9597749","2023-03-01T18:48:26"
"22","3_3","32.212093","-110.9595841","2023-03-01T18:48:46"
"22","3_3","32.2120851","-110.9580997","2023-03-01T18:48:47"
"22","3_3","32.2120848","-110.9580392","2023-03-01T18:48:50"
"22","3_3","32.2120838","-110.9578468","2023-03-01T18:48:55"
"22","3_3","32.2120818","-110.9574619","2023-03-01T18:48:56"
"22","3_3","32.2120812","-110.9573529","2023-03-01T18:49"
"22","3_3","32.21208","-110.9571169","2023-03-01T18:49:04"
"22","3_3","32.2120968","-110.9568155","2023-03-01T18:49:07"
"22","3_3","32.2120961","-110.9565491","2023-03-01T18:49:07"
"22","3_3","32.212096","-110.9565364","2023-03-01T18:49:09"
"22","3_3","32.2120957","-110.9564127","2023-03-01T18:49:10"
"22","3_3","32.2120052","-110.9564097","2023-03-01T18:49:10"
"22","3_3","32.211998","-110.9564095","2023-03-01T18:49:12"
"22","3_3","32.2118596","-110.956406","2023-03-01T18:49:13"
"22","3_3","32.2117541","-110.9564004","2023-03-01T18:49:15"
"22","3_3","32.2116495","-110.9563903","2023-03-01T18:49:16"
"22","3_3","32.2115721","-110.9563806","2023-03-01T18:49:16"
"22","3_3","32.2115344","-110.9563768","2023-03-01T18:49:17"
"22","3_3","32.2114232","-110.9563577","2023-03-01T18:49:19"
"22","3_3","32.2112967","-110.9563386","2023-03-01T18:49:20"
"22","3_3","32.2112092","-110.9563217","2023-03-01T18:49:21"
"22","3_3","32.2111398","-110.9563015","2023-03-01T18:49:22"
"22","3_3","32.2110298","-110.9562474","2023-03-01T18:49:25"
"22","3_3","32.2108068","-110.956244","2023-03-01T18:49:28"
"22","3_3","32.2105524","-110.9562425","2023-03-01T18:49:35"
"22","3_3","32.2100173","-110.9562393","2023-03-01T18:49:41"
"22","3_3","32.2094751","-110.9562368","2023-03-01T18:49:53"
"22","3_3","32.2084921","-110.9562263","2023-03-01T18:49:55"
"22","3_3","32.2083628","-110.9562256","2023-03-01T18:49:57"
"22","3_3","32.2081953","-110.956224","2023-03-01T18:50:08"
"22","3_3","32.2072341","-110.9562147","2023-03-01T18:50:09"
"22","3_3","32.2071602","-110.9562143","2023-03-01T18:50:11"
"22","3_3","32.2070003","-110.9562128","2023-03-01T18:50:13"
"22","3_3","32.2068881","-110.956212","2023-03-01T18:50:14"
"22","3_3","32.2068884","-110.9560566","2023-03-01T18:50:14"
"23","3_3","32.2251308","-110.965479","2023-03-01T18:16:43"
"23","3_3","32.22513","-110.9649585","2023-03-01T18:16:45"
"23","3_3","32.2251298","-110.9648112","2023-03-01T18:16:47"
"23","3_3","32.2250306","-110.9648109","2023-03-01T18:16:54"
"23","3_3","32.2246621","-110.9648099","2023-03-01T18:17:09"
"23","3_3","32.2238435","-110.9648077","2023-03-01T18:17:09"
"23","3_3","32.2238435","-110.9648254","2023-03-01T18:17:15"
"23","3_3","32.2238447","-110.9651822","2023-03-01T18:17:16"
"23","3_3","32.2238454","-110.9652055","2023-03-01T18:17:16"
"23","3_3","32.2238468","-110.96523","2023-03-01T18:17:18"
"23","3_3","32.2238524","-110.9653241","2023-03-01T18:17:19"
"23","3_3","32.2238543","-110.9653669","2023-03-01T18:17:20"
"23","3_3","32.2238545","-110.965411","2023-03-01T18:17:20"
"23","3_3","32.2238542","-110.9654429","2023-03-01T18:17:21"
"23","3_3","32.2238538","-110.9654769","2023-03-01T18:17:21"
"23","3_3","32.2238537","-110.9654812","2023-03-01T18:17:22"
"23","3_3","32.2238516","-110.9655351","2023-03-01T18:17:23"
"23","3_3","32.2237965","-110.9655458","2023-03-01T18:17:23"
"23","3_3","32.2237735","-110.9655507","2023-03-01T18:17:23"
"23","3_3","32.2237356","-110.9655592","2023-03-01T18:17:24"
"23","3_3","32.2236977","-110.9655678","2023-03-01T18:17:24"
"23","3_3","32.2236636","-110.9655763","2023-03-01T18:17:29"
"23","3_3","32.2233787","-110.9656547","2023-03-01T18:17:38"
"23","3_3","32.2227116","-110.9658349","2023-03-01T18:17:43"
"23","3_3","32.2223813","-110.9659321","2023-03-01T18:17:44"
"23","3_3","32.2222702","-110.9659587","2023-03-01T18:17:45"
"23","3_3","32.2222075","-110.9659652","2023-03-01T18:17:46"
"23","3_3","32.2221462","-110.9659535","2023-03-01T18:17:47"
"23","3_3","32.2221016","-110.9659384","2023-03-01T18:17:48"
"23","3_3","32.2220097","-110.9659066","2023-03-01T18:17:50"
"23","3_3","32.2219053","-110.9657832","2023-03-01T18:17:53"
"23","3_3","32.2217054","-110.9655445","2023-03-01T18:17:55"
"23","3_3","32.2216041","-110.9654235","2023-03-01T18:17:55"
"23","3_3","32.2215833","-110.9653982","2023-03-01T18:17:56"
"23","3_3","32.2215595","-110.9653702","2023-03-01T18:17:56"
"23","3_3","32.2215312","-110.9653364","2023-03-01T18:17:57"
"23","3_3","32.221496","-110.9652988","2023-03-01T18:17:57"
"23","3_3","32.2214479","-110.9652474","2023-03-01T18:17:58"
"23","3_3","32.2214321","-110.9652305","2023-03-01T18:17:58"
"23","3_3","32.2214219","-110.9651784","2023-03-01T18:17:59"
"23","3_3","32.2214265","-110.9651193","2023-03-01T18:18"
"23","3_3","32.2214317","-110.965092","2023-03-01T18:18"
"23","3_3","32.2214367","-110.965067","2023-03-01T18:18:01"
"23","3_3","32.2214639","-110.9649893","2023-03-01T18:18:02"
"23","3_3","32.2215013","-110.9649034","2023-03-01T18:18:04"
"23","3_3","32.2215277","-110.9648179","2023-03-01T18:18:04"
"23","3_3","32.2215483","-110.9647597","2023-03-01T18:18:05"
"23","3_3","32.2215479","-110.9647186","2023-03-01T18:18:05"
"23","3_3","32.2215467","-110.9647094","2023-03-01T18:18:05"
"23","3_3","32.2215428","-110.9646784","2023-03-01T18:18:06"
"23","3_3","32.2215285","-110.9646431","2023-03-01T18:18:07"
"23","3_3","32.221491","-110.9645783","2023-03-01T18:18:12"
"23","3_3","32.2212516","-110.9643005","2023-03-01T18:18:24"
"23","3_3","32.2206487","-110.9636704","2023-03-01T18:18:29"
"23","3_3","32.2203813","-110.9634121","2023-03-01T18:18:34"
"23","3_3","32.2201334","-110.9631779","2023-03-01T18:18:36"
"23","3_3","32.2200304","-110.9630807","2023-03-01T18:18:43"
"23","3_3","32.2196295","-110.9626748","2023-03-01T18:18:44"
"23","3_3","32.2195908","-110.9626356","2023-03-01T18:18:52"
"23","3_3","32.2192186","-110.9622172","2023-03-01T18:19:06"
"23","3_3","32.2185421","-110.9614504","2023-03-01T18:19:08"
"23","3_3","32.2184405","-110.9613462","2023-03-01T18:19:11"
"23","3_3","32.2182701","-110.9611899","2023-03-01T18:19:14"
"23","3_3","32.2180863","-110.9610746","2023-03-01T18:19:17"
"23","3_3","32.2179116","-110.9609834","2023-03-01T18:19:19"
"23","3_3","32.21773","-110.9609244","2023-03-01T18:19:22"
"23","3_3","32.2175598","-110.9608895","2023-03-01T18:19:24"
"23","3_3","32.2173851","-110.9608707","2023-03-01T18:19:26"
"23","3_3","32.2172467","-110.960868","2023-03-01T18:19:29"
"23","3_3","32.2170159","-110.9608655","2023-03-01T18:19:36"
"23","3_3","32.2165264","-110.9608601","2023-03-01T18:19:36"
"23","3_3","32.2165137","-110.96086","2023-03-01T18:19:38"
"23","3_3","32.2163571","-110.960852","2023-03-01T18:19:41"
"23","3_3","32.2161756","-110.9608251","2023-03-01T18:19:42"
"23","3_3","32.2160559","-110.9607954","2023-03-01T18:19:43"
"23","3_3","32.2160099","-110.9607849","2023-03-01T18:19:45"
"23","3_3","32.2158352","-110.9607205","2023-03-01T18:19:48"
"23","3_3","32.2156945","-110.9606383","2023-03-01T18:19:48"
"23","3_3","32.2156514","-110.9606132","2023-03-01T18:19:51"
"23","3_3","32.2154721","-110.9604711","2023-03-01T18:19:53"
"23","3_3","32.2154047","-110.9604067","2023-03-01T18:19:54"
"23","3_3","32.2153178","-110.9603236","2023-03-01T18:19:56"
"23","3_3","32.2152131","-110.9602085","2023-03-01T18:19:59"
"23","3_3","32.2151226","-110.9600875","2023-03-01T18:20"
"23","3_3","32.2150319","-110.9599856","2023-03-01T18:20:02"
"23","3_3","32.2149524","-110.9599221","2023-03-01T18:20:04"
"23","3_3","32.2148318","-110.9598491","2023-03-01T18:20:06"
"23","3_3","32.2147042","-110.9598033","2023-03-01T18:20:06"
"23","3_3","32.2146578","-110.9598015","2023-03-01T18:20:12"
"23","3_3","32.2142176","-110.9597871","2023-03-01T18:20:13"
"23","3_3","32.2141846","-110.959786","2023-03-01T18:20:14"
"23","3_3","32.2141056","-110.9597834","2023-03-01T18:20:14"
"23","3_3","32.2140704","-110.9597834","2023-03-01T18:20:24"
"23","3_3","32.2133896","-110.9597836","2023-03-01T18:20:31"
"23","3_3","32.2128258","-110.9597676","2023-03-01T18:20:32"
"23","3_3","32.2127654","-110.9597665","2023-03-01T18:20:35"
"23","3_3","32.2125506","-110.9597686","2023-03-01T18:20:41"
"23","3_3","32.212094","-110.9597749","2023-03-01T18:20:44"
"23","3_3","32.212093","-110.9595841","2023-03-01T18:21:04"
"23","3_3","32.2120851","-110.9580997","2023-03-01T18:21:05"
"23","3_3","32.2120848","-110.9580392","2023-03-01T18:21:08"
"23","3_3","32.2120838","-110.9578468","2023-03-01T18:21:13"
"23","3_3","32.2120818","-110.9574619","2023-03-01T18:21:14"
"23","3_3","32.2120812","-110.9573529","2023-03-01T18:21:18"
"23","3_3","32.21208","-110.9571169","2023-03-01T18:21:22"
"23","3_3","32.2120968","-110.9568155","2023-03-01T18:21:25"
"23","3_3","32.2120961","-110.9565491","2023-03-01T18:21:25"
"23","3_3","32.212096","-110.9565364","2023-03-01T18:21:27"
"23","3_3","32.2120957","-110.9564127","2023-03-01T18:21:28"
"23","3_3","32.2120052","-110.9564097","2023-03-01T18:21:28"
"23","3_3","32.211998","-110.9564095","2023-03-01T18:21:30"
"23","3_3","32.2118596","-110.956406","2023-03-01T18:21:31"
"23","3_3","32.2117541","-110.9564004","2023-03-01T18:21:33"
"23","3_3","32.2116495","-110.9563903","2023-03-01T18:21:34"
"23","3_3","32.2115721","-110.9563806","2023-03-01T18:21:34"
"23","3_3","32.2115344","-110.9563768","2023-03-01T18:21:35"
"23","3_3","32.2114232","-110.9563577","2023-03-01T18:21:37"
"23","3_3","32.2112967","-110.9563386","2023-03-01T18:21:38"
"23","3_3","32.2112092","-110.9563217","2023-03-01T18:21:39"
"23","3_3","32.2111398","-110.9563015","2023-03-01T18:21:40"
"23","3_3","32.2110298","-110.9562474","2023-03-01T18:21:43"
"23","3_3","32.2108068","-110.956244","2023-03-01T18:21:46"
"23","3_3","32.2105524","-110.9562425","2023-03-01T18:21:53"
"23","3_3","32.2100173","-110.9562393","2023-03-01T18:21:59"
"23","3_3","32.2094751","-110.9562368","2023-03-01T18:22:11"
"23","3_3","32.2084921","-110.9562263","2023-03-01T18:22:13"
"23","3_3","32.2083628","-110.9562256","2023-03-01T18:22:15"
"23","3_3","32.2081953","-110.956224","2023-03-01T18:22:26"
"23","3_3","32.2072341","-110.9562147","2023-03-01T18:22:27"
"23","3_3","32.2071602","-110.9562143","2023-03-01T18:22:29"
"23","3_3","32.2070003","-110.9562128","2023-03-01T18:22:31"
"23","3_3","32.2068881","-110.956212","2023-03-01T18:22:32"
"23","3_3","32.2068884","-110.9560566","2023-03-01T18:22:32"
