"0_0","32.2463052","-110.9657368","2023-03-01T18:56:56"
"0_0","32.2458548","-110.9657326","2023-03-01T18:56:56"
"0_0","32.2458309","-110.9657333","2023-03-01T18:56:56"
"0_0","32.2458325","-110.9657422","2023-03-01T18:56:57"
"0_0","32.2458301","-110.9657659","2023-03-01T18:56:57"
"0_0","32.2458214","-110.9657875","2023-03-01T18:56:57"
"0_0","32.2458073","-110.9658046","2023-03-01T18:56:58"
"0_0","32.2457894","-110.9658155","2023-03-01T18:56:58"
"0_0","32.2457688","-110.965819","2023-03-01T18:56:59"
"0_0","32.2457484","-110.9658144","2023-03-01T18:56:59"
"0_0","32.2457304","-110.965802","2023-03-01T18:56:59"
"0_0","32.2457169","-110.9657834","2023-03-01T18:57"
"0_0","32.2457093","-110.9657605","2023-03-01T18:57"
"0_0","32.2457087","-110.9657421","2023-03-01T18:57:09"
"0_0","32.2452237","-110.9657447","2023-03-01T18:57:17"
"0_0","32.2447781","-110.9657293","2023-03-01T18:57:19"
"0_0","32.244646","-110.9657262","2023-03-01T18:57:47"
"0_0","32.2446353","-110.967263","2023-03-01T18:57:56"
"0_0","32.2441636","-110.9672542","2023-03-01T18:58:06"
"0_0","32.2436161","-110.967244","2023-03-01T18:58:16"
"0_0","32.243069","-110.9672398","2023-03-01T18:58:25"
"0_0","32.2425637","-110.967236","2023-03-01T18:58:34"
"0_0","32.2420741","-110.9672322","2023-03-01T18:58:44"
"0_0","32.2415446","-110.9672476","2023-03-01T18:58:53"
"0_0","32.2410453","-110.9672488","2023-03-01T18:59:02"
"0_0","32.2405413","-110.9672412","2023-03-01T18:59:11"
"0_0","32.2400451","-110.9672339","2023-03-01T18:59:19"
"0_0","32.2395953","-110.9672321","2023-03-01T18:59:19"
"0_0","32.2395861","-110.9672321","2023-03-01T18:59:21"
"0_0","32.2395171","-110.9672321","2023-03-01T18:59:22"
"0_0","32.2394589","-110.9672316","2023-03-01T18:59:22"
"0_0","32.2394422","-110.9672315","2023-03-01T18:59:38"
"0_0","32.2385471","-110.9672251","2023-03-01T18:59:49"
"0_0","32.2379383","-110.9672193","2023-03-01T18:59:53"
"0_0","32.2377598","-110.9672176","2023-03-01T19:00:02"
"0_0","32.2372427","-110.967212","2023-03-01T19:00:04"
"0_0","32.237118","-110.9672116","2023-03-01T19:00:16"
"0_0","32.2364905","-110.9672013","2023-03-01T19:00:19"
"0_0","32.2363141","-110.9672031","2023-03-01T19:00:22"
"0_0","32.2361755","-110.9672044","2023-03-01T19:00:24"
"0_0","32.2360363","-110.9672024","2023-03-01T19:00:24"
"0_0","32.2360227","-110.967201","2023-03-01T19:00:26"
"0_0","32.2359223","-110.9672018","2023-03-01T19:00:28"
"0_0","32.2358286","-110.967199","2023-03-01T19:00:28"
"0_0","32.2358183","-110.9671996","2023-03-01T19:00:30"
"0_0","32.2356946","-110.9671986","2023-03-01T19:00:35"
"0_0","32.2354381","-110.9671969","2023-03-01T19:00:40"
"0_0","32.2351347","-110.9671938","2023-03-01T19:00:42"
"0_0","32.2350299","-110.9671935","2023-03-01T19:00:47"
"0_0","32.2347536","-110.9671912","2023-03-01T19:00:57"
"0_0","32.2342508","-110.967187","2023-03-01T19:01:06"
"0_0","32.2337494","-110.9671851","2023-03-01T19:01:20"
"0_0","32.23295","-110.967174","2023-03-01T19:01:32"
"0_0","32.2322818","-110.9671712","2023-03-01T19:01:42"
"0_0","32.2317608","-110.9671685","2023-03-01T19:01:42"
"0_0","32.2317443","-110.9671685","2023-03-01T19:01:44"
"0_0","32.2316486","-110.9671686","2023-03-01T19:01:55"
"0_0","32.2316518","-110.966387","2023-03-01T19:01:56"
"0_0","32.2315589","-110.9663865","2023-03-01T19:01:57"
"0_0","32.2315321","-110.9663859","2023-03-01T19:02:05"
"0_0","32.2310825","-110.9663847","2023-03-01T19:02:08"
"0_0","32.2309184","-110.9663842","2023-03-01T19:02:09"
"0_0","32.2308372","-110.966384","2023-03-01T19:02:10"
"0_0","32.2307997","-110.9663838","2023-03-01T19:02:17"
"0_0","32.2304486","-110.9663824","2023-03-01T19:02:19"
"0_0","32.2303361","-110.9663827","2023-03-01T19:02:20"
"0_0","32.2302519","-110.9663814","2023-03-01T19:02:26"
"0_0","32.2299335","-110.9663787","2023-03-01T19:02:40"
"0_0","32.2291402","-110.9663738","2023-03-01T19:02:42"
"0_0","32.2290265","-110.966373","2023-03-01T19:02:44"
"0_0","32.2289426","-110.9663719","2023-03-01T19:02:54"
"0_0","32.228414","-110.966364","2023-03-01T19:02:56"
"0_0","32.2282768","-110.966362","2023-03-01T19:02:59"
"0_0","32.2281198","-110.9663599","2023-03-01T19:03:04"
"0_0","32.2278525","-110.9663562","2023-03-01T19:03:04"
"0_0","32.2278288","-110.9663563","2023-03-01T19:03:06"
"0_0","32.2277343","-110.9663556","2023-03-01T19:03:15"
"0_0","32.2277299","-110.9671269","2023-03-01T19:03:17"
"0_0","32.227633","-110.967127","2023-03-01T19:03:17"
"0_0","32.2276227","-110.9671272","2023-03-01T19:03:19"
"0_0","32.2275441","-110.9671281","2023-03-01T19:03:22"
"0_0","32.22737","-110.9671289","2023-03-01T19:03:24"
"0_0","32.2272437","-110.9671295","2023-03-01T19:03:27"
"0_0","32.2270777","-110.9671303","2023-03-01T19:03:27"
"0_0","32.2270737","-110.9671303","2023-03-01T19:03:39"
"0_0","32.2264203","-110.9671334","2023-03-01T19:03:41"
"0_0","32.2263174","-110.9671314","2023-03-01T19:03:42"
"0_0","32.2262868","-110.9671265","2023-03-01T19:03:43"
"0_0","32.2262355","-110.9671074","2023-03-01T19:03:43"
"0_0","32.2262297","-110.9671053","2023-03-01T19:03:43"
"0_0","32.2262212","-110.9671022","2023-03-01T19:03:44"
"0_0","32.2261884","-110.9670955","2023-03-01T19:03:44"
"0_0","32.2261487","-110.9670922","2023-03-01T19:03:45"
"0_0","32.2261098","-110.9670915","2023-03-01T19:03:46"
"0_0","32.226049","-110.9670905","2023-03-01T19:03:50"
"0_0","32.2258598","-110.9670872","2023-03-01T19:03:50"
"0_0","32.2258254","-110.9670866","2023-03-01T19:03:54"
"0_0","32.2256113","-110.9670828","2023-03-01T19:03:54"
"0_0","32.2255904","-110.9670815","2023-03-01T19:03:55"
"0_0","32.2255851","-110.9670812","2023-03-01T19:03:55"
"0_0","32.2255329","-110.9670756","2023-03-01T19:03:56"
"0_0","32.225509","-110.9670741","2023-03-01T19:03:59"
"0_0","32.225322","-110.9670697","2023-03-01T19:04:01"
"0_0","32.2252293","-110.9670675","2023-03-01T19:04:01"
"0_0","32.2252112","-110.9670631","2023-03-01T19:04:02"
"0_0","32.2251967","-110.9670541","2023-03-01T19:04:02"
"0_0","32.2251805","-110.967038","2023-03-01T19:04:03"
"0_0","32.2251653","-110.9670189","2023-03-01T19:04:03"
"0_0","32.2251492","-110.9669957","2023-03-01T19:04:04"
"0_0","32.2251194","-110.9669313","2023-03-01T19:04:05"
"0_0","32.2250965","-110.9669636","2023-03-01T19:04:06"
"0_0","32.2250744","-110.9669913","2023-03-01T19:04:07"
"0_0","32.2250325","-110.9670197","2023-03-01T19:04:07"
"0_0","32.2250079","-110.9670364","2023-03-01T19:04:09"
"0_0","32.2248951","-110.9670732","2023-03-01T19:04:11"
"0_0","32.2247766","-110.9670769","2023-03-01T19:04:14"
"0_0","32.2246643","-110.967003","2023-03-01T19:04:31"
"0_0","32.2240624","-110.966291","2023-03-01T19:04:35"
"0_0","32.2239354","-110.9661408","2023-03-01T19:04:35"
"0_0","32.2239129","-110.9661131","2023-03-01T19:04:36"
"0_0","32.2238965","-110.9660904","2023-03-01T19:04:36"
"0_0","32.2238793","-110.9660611","2023-03-01T19:04:37"
"0_0","32.2238678","-110.9660367","2023-03-01T19:04:37"
"0_0","32.2238585","-110.9660106","2023-03-01T19:04:38"
"0_0","32.223851","-110.9659766","2023-03-01T19:04:39"
"0_0","32.2238473","-110.9659442","2023-03-01T19:04:39"
"0_0","32.223846","-110.9659156","2023-03-01T19:04:40"
"0_0","32.2238457","-110.9658886","2023-03-01T19:04:43"
"0_0","32.2238447","-110.9657058","2023-03-01T19:04:43"
"0_0","32.2238454","-110.9656901","2023-03-01T19:04:43"
"0_0","32.2238455","-110.9656867","2023-03-01T19:04:44"
"0_0","32.2238482","-110.9656678","2023-03-01T19:04:44"
"0_0","32.2238521","-110.965651","2023-03-01T19:04:44"
"0_0","32.2238533","-110.9656417","2023-03-01T19:04:44"
"0_0","32.2238541","-110.9656348","2023-03-01T19:04:44"
"0_0","32.223855","-110.9656212","2023-03-01T19:04:45"
"0_0","32.2238536","-110.965579","2023-03-01T19:04:46"
"0_0","32.2238531","-110.9655463","2023-03-01T19:04:46"
"0_0","32.2238516","-110.9655351","2023-03-01T19:04:47"
"0_0","32.2238537","-110.9654812","2023-03-01T19:04:47"
"0_0","32.2238538","-110.9654769","2023-03-01T19:04:48"
"0_0","32.2238542","-110.9654429","2023-03-01T19:04:48"
"0_0","32.2238545","-110.965411","2023-03-01T19:04:49"
"0_0","32.2238543","-110.9653669","2023-03-01T19:04:50"
"0_0","32.2238524","-110.9653241","2023-03-01T19:04:52"
"0_0","32.2238468","-110.96523","2023-03-01T19:04:52"
"0_0","32.2238454","-110.9652055","2023-03-01T19:04:52"
"0_0","32.2238447","-110.9651822","2023-03-01T19:04:59"
"0_0","32.2238435","-110.9648254","2023-03-01T19:04:59"
"0_0","32.2238435","-110.9648077","2023-03-01T19:05:06"
"0_0","32.22347","-110.9648051","2023-03-01T19:05:18"
"0_0","32.2227971","-110.9648003","2023-03-01T19:05:25"
"0_0","32.2230137","-110.9651139","2023-03-01T19:05:27"
"0_0","32.2230698","-110.9651787","2023-03-01T19:05:33"
"0_0","32.2232995","-110.965461","2023-03-01T19:05:33"
"0_1","32.2463052","-110.9657368","2023-03-01T18:56:23"
"0_1","32.2458548","-110.9657326","2023-03-01T18:56:23"
"0_1","32.2458309","-110.9657333","2023-03-01T18:56:23"
"0_1","32.2458325","-110.9657422","2023-03-01T18:56:24"
"0_1","32.2458301","-110.9657659","2023-03-01T18:56:24"
"0_1","32.2458214","-110.9657875","2023-03-01T18:56:24"
"0_1","32.2458073","-110.9658046","2023-03-01T18:56:25"
"0_1","32.2457894","-110.9658155","2023-03-01T18:56:25"
"0_1","32.2457688","-110.965819","2023-03-01T18:56:26"
"0_1","32.2457484","-110.9658144","2023-03-01T18:56:26"
"0_1","32.2457304","-110.965802","2023-03-01T18:56:26"
"0_1","32.2457169","-110.9657834","2023-03-01T18:56:27"
"0_1","32.2457093","-110.9657605","2023-03-01T18:56:27"
"0_1","32.2457087","-110.9657421","2023-03-01T18:56:36"
"0_1","32.2452237","-110.9657447","2023-03-01T18:56:44"
"0_1","32.2447781","-110.9657293","2023-03-01T18:56:46"
"0_1","32.244646","-110.9657262","2023-03-01T18:57:14"
"0_1","32.2446353","-110.967263","2023-03-01T18:57:23"
"0_1","32.2441636","-110.9672542","2023-03-01T18:57:33"
"0_1","32.2436161","-110.967244","2023-03-01T18:57:43"
"0_1","32.243069","-110.9672398","2023-03-01T18:57:52"
"0_1","32.2425637","-110.967236","2023-03-01T18:58:01"
"0_1","32.2420741","-110.9672322","2023-03-01T18:58:11"
"0_1","32.2415446","-110.9672476","2023-03-01T18:58:20"
"0_1","32.2410453","-110.9672488","2023-03-01T18:58:29"
"0_1","32.2405413","-110.9672412","2023-03-01T18:58:38"
"0_1","32.2400451","-110.9672339","2023-03-01T18:58:46"
"0_1","32.2395953","-110.9672321","2023-03-01T18:58:46"
"0_1","32.2395861","-110.9672321","2023-03-01T18:58:48"
"0_1","32.2395171","-110.9672321","2023-03-01T18:58:49"
"0_1","32.2394589","-110.9672316","2023-03-01T18:58:49"
"0_1","32.2394422","-110.9672315","2023-03-01T18:59:05"
"0_1","32.2385471","-110.9672251","2023-03-01T18:59:16"
"0_1","32.2379383","-110.9672193","2023-03-01T18:59:20"
"0_1","32.2377598","-110.9672176","2023-03-01T18:59:29"
"0_1","32.2372427","-110.967212","2023-03-01T18:59:31"
"0_1","32.237118","-110.9672116","2023-03-01T18:59:43"
"0_1","32.2364905","-110.9672013","2023-03-01T18:59:46"
"0_1","32.2363141","-110.9672031","2023-03-01T18:59:49"
"0_1","32.2361755","-110.9672044","2023-03-01T18:59:51"
"0_1","32.2360363","-110.9672024","2023-03-01T18:59:51"
"0_1","32.2360227","-110.967201","2023-03-01T18:59:53"
"0_1","32.2359223","-110.9672018","2023-03-01T18:59:55"
"0_1","32.2358286","-110.967199","2023-03-01T18:59:55"
"0_1","32.2358183","-110.9671996","2023-03-01T18:59:57"
"0_1","32.2356946","-110.9671986","2023-03-01T19:00:02"
"0_1","32.2354381","-110.9671969","2023-03-01T19:00:07"
"0_1","32.2351347","-110.9671938","2023-03-01T19:00:09"
"0_1","32.2350299","-110.9671935","2023-03-01T19:00:14"
"0_1","32.2347536","-110.9671912","2023-03-01T19:00:24"
"0_1","32.2342508","-110.967187","2023-03-01T19:00:33"
"0_1","32.2337494","-110.9671851","2023-03-01T19:00:47"
"0_1","32.23295","-110.967174","2023-03-01T19:00:59"
"0_1","32.2322818","-110.9671712","2023-03-01T19:01:09"
"0_1","32.2317608","-110.9671685","2023-03-01T19:01:09"
"0_1","32.2317443","-110.9671685","2023-03-01T19:01:11"
"0_1","32.2316486","-110.9671686","2023-03-01T19:01:22"
"0_1","32.2316518","-110.966387","2023-03-01T19:01:23"
"0_1","32.2315589","-110.9663865","2023-03-01T19:01:24"
"0_1","32.2315321","-110.9663859","2023-03-01T19:01:32"
"0_1","32.2310825","-110.9663847","2023-03-01T19:01:35"
"0_1","32.2309184","-110.9663842","2023-03-01T19:01:36"
"0_1","32.2308372","-110.966384","2023-03-01T19:01:37"
"0_1","32.2307997","-110.9663838","2023-03-01T19:01:44"
"0_1","32.2304486","-110.9663824","2023-03-01T19:01:46"
"0_1","32.2303361","-110.9663827","2023-03-01T19:01:47"
"0_1","32.2302519","-110.9663814","2023-03-01T19:01:53"
"0_1","32.2299335","-110.9663787","2023-03-01T19:02:07"
"0_1","32.2291402","-110.9663738","2023-03-01T19:02:09"
"0_1","32.2290265","-110.966373","2023-03-01T19:02:16"
"0_1","32.2290272","-110.9660258","2023-03-01T19:02:21"
"0_1","32.2290277","-110.9657609","2023-03-01T19:02:21"
"0_1","32.2290275","-110.9657178","2023-03-01T19:02:23"
"0_1","32.2290346","-110.9656429","2023-03-01T19:02:23"
"0_1","32.2290377","-110.9656105","2023-03-01T19:02:24"
"0_1","32.2290405","-110.9655806","2023-03-01T19:02:25"
"0_1","32.2290496","-110.9655095","2023-03-01T19:02:30"
"0_1","32.2290516","-110.9652417","2023-03-01T19:02:31"
"0_1","32.2290515","-110.9652045","2023-03-01T19:02:37"
"0_1","32.229054","-110.9648371","2023-03-01T19:02:40"
"0_1","32.2290548","-110.9647222","2023-03-01T19:02:49"
"0_1","32.2290594","-110.9641869","2023-03-01T19:02:51"
"0_1","32.2290651","-110.9640833","2023-03-01T19:02:53"
"0_1","32.2289561","-110.9640916","2023-03-01T19:03:02"
"0_1","32.2284602","-110.964084","2023-03-01T19:03:13"
"0_1","32.2278575","-110.9640816","2023-03-01T19:03:13"
"0_1","32.2278429","-110.9640812","2023-03-01T19:03:15"
"0_1","32.2277447","-110.9640788","2023-03-01T19:03:17"
"0_1","32.2276493","-110.9640756","2023-03-01T19:03:17"
"0_1","32.2276349","-110.9640757","2023-03-01T19:03:39"
"0_1","32.2264363","-110.9640621","2023-03-01T19:03:50"
"0_1","32.2258323","-110.9640568","2023-03-01T19:04:03"
"0_1","32.2251425","-110.964051","2023-03-01T19:04:05"
"0_1","32.2251438","-110.9639259","2023-03-01T19:04:17"
"0_1","32.2251502","-110.9632702","2023-03-01T19:04:31"
"0_1","32.2251569","-110.962479","2023-03-01T19:04:33"
"0_1","32.2251579","-110.9623573","2023-03-01T19:04:36"
"0_1","32.2251589","-110.9622406","2023-03-01T19:04:38"
"0_1","32.2251601","-110.9620931","2023-03-01T19:04:45"
"0_1","32.2251631","-110.9617426","2023-03-01T19:05:01"
"0_1","32.2242644","-110.9617373","2023-03-01T19:05:09"
"0_1","32.2238333","-110.9617353","2023-03-01T19:05:23"
"0_1","32.2238377","-110.9609871","2023-03-01T19:05:32"
"0_1","32.2238399","-110.960441","2023-03-01T19:05:39"
"0_1","32.2238414","-110.9600667","2023-03-01T19:05:43"
"0_1","32.2238421","-110.9598801","2023-03-01T19:05:47"
"0_1","32.223843","-110.9596535","2023-03-01T19:05:48"
"0_1","32.2238433","-110.9596162","2023-03-01T19:05:48"
"0_1","32.2238435","-110.9595802","2023-03-01T19:05:50"
"0_1","32.2238438","-110.9594603","2023-03-01T19:05:52"
"0_1","32.2238442","-110.9593584","2023-03-01T19:05:53"
"0_1","32.2238443","-110.9593345","2023-03-01T19:06:19"
"0_1","32.2238513","-110.9579117","2023-03-01T19:06:31"
"0_1","32.2231812","-110.9579032","2023-03-01T19:06:43"
"0_1","32.2225255","-110.9578927","2023-03-01T19:06:52"
"0_1","32.2225266","-110.9573988","2023-03-01T19:06:58"
"0_1","32.2225307","-110.9570766","2023-03-01T19:07:03"
"0_1","32.2225344","-110.9567815","2023-03-01T19:07:11"
"0_1","32.2225379","-110.9563568","2023-03-01T19:07:16"
"0_1","32.2222249","-110.9563538","2023-03-01T19:07:23"
"0_1","32.2218837","-110.9563479","2023-03-01T19:07:23"
"0_2","32.2463052","-110.9657368","2023-03-01T18:20:17"
"0_2","32.2458548","-110.9657326","2023-03-01T18:20:17"
"0_2","32.2458309","-110.9657333","2023-03-01T18:20:17"
"0_2","32.2458325","-110.9657422","2023-03-01T18:20:18"
"0_2","32.2458301","-110.9657659","2023-03-01T18:20:18"
"0_2","32.2458214","-110.9657875","2023-03-01T18:20:18"
"0_2","32.2458073","-110.9658046","2023-03-01T18:20:19"
"0_2","32.2457894","-110.9658155","2023-03-01T18:20:19"
"0_2","32.2457688","-110.965819","2023-03-01T18:20:20"
"0_2","32.2457484","-110.9658144","2023-03-01T18:20:20"
"0_2","32.2457304","-110.965802","2023-03-01T18:20:20"
"0_2","32.2457169","-110.9657834","2023-03-01T18:20:21"
"0_2","32.2457093","-110.9657605","2023-03-01T18:20:21"
"0_2","32.2457087","-110.9657421","2023-03-01T18:20:30"
"0_2","32.2452237","-110.9657447","2023-03-01T18:20:38"
"0_2","32.2447781","-110.9657293","2023-03-01T18:20:40"
"0_2","32.244646","-110.9657262","2023-03-01T18:21:09"
"0_2","32.244655","-110.9641819","2023-03-01T18:21:18"
"0_2","32.2441635","-110.9641757","2023-03-01T18:21:27"
"0_2","32.243634","-110.9641691","2023-03-01T18:21:36"
"0_2","32.2436369","-110.9636576","2023-03-01T18:21:55"
"0_2","32.2436427","-110.9626487","2023-03-01T18:22:05"
"0_2","32.2431095","-110.9626451","2023-03-01T18:22:14"
"0_2","32.2425914","-110.9626417","2023-03-01T18:22:23"
"0_2","32.2421113","-110.9626384","2023-03-01T18:22:25"
"0_2","32.2419671","-110.9626375","2023-03-01T18:22:33"
"0_2","32.2415651","-110.9626348","2023-03-01T18:22:42"
"0_2","32.2410651","-110.9626314","2023-03-01T18:22:51"
"0_2","32.2405546","-110.9626253","2023-03-01T18:23"
"0_2","32.2400545","-110.9626193","2023-03-01T18:23:09"
"0_2","32.2395482","-110.9626131","2023-03-01T18:23:15"
"0_2","32.2392284","-110.962613","2023-03-01T18:23:27"
"0_2","32.2385699","-110.9626132","2023-03-01T18:23:41"
"0_2","32.2385659","-110.9633814","2023-03-01T18:23:55"
"0_2","32.2385612","-110.9641463","2023-03-01T18:24:09"
"0_2","32.2385532","-110.964903","2023-03-01T18:24:21"
"0_2","32.2385586","-110.9655832","2023-03-01T18:24:22"
"0_2","32.2385588","-110.9655977","2023-03-01T18:24:23"
"0_2","32.2385595","-110.9656912","2023-03-01T18:24:25"
"0_2","32.2385589","-110.9657878","2023-03-01T18:24:26"
"0_2","32.2385586","-110.9658263","2023-03-01T18:24:37"
"0_2","32.2385546","-110.9664613","2023-03-01T18:24:51"
"0_2","32.2385471","-110.9672251","2023-03-01T18:25:02"
"0_2","32.2379383","-110.9672193","2023-03-01T18:25:06"
"0_2","32.2377598","-110.9672176","2023-03-01T18:25:15"
"0_2","32.2372427","-110.967212","2023-03-01T18:25:17"
"0_2","32.237118","-110.9672116","2023-03-01T18:25:29"
"0_2","32.2364905","-110.9672013","2023-03-01T18:25:32"
"0_2","32.2363141","-110.9672031","2023-03-01T18:25:34"
"0_2","32.2361755","-110.9672044","2023-03-01T18:25:37"
"0_2","32.2360363","-110.9672024","2023-03-01T18:25:37"
"0_2","32.2360227","-110.967201","2023-03-01T18:25:39"
"0_2","32.2359223","-110.9672018","2023-03-01T18:25:41"
"0_2","32.2358286","-110.967199","2023-03-01T18:25:41"
"0_2","32.2358183","-110.9671996","2023-03-01T18:25:43"
"0_2","32.2356946","-110.9671986","2023-03-01T18:25:48"
"0_2","32.2354381","-110.9671969","2023-03-01T18:25:53"
"0_2","32.2351347","-110.9671938","2023-03-01T18:25:55"
"0_2","32.2350299","-110.9671935","2023-03-01T18:26"
"0_2","32.2347536","-110.9671912","2023-03-01T18:26:10"
"0_2","32.2342508","-110.967187","2023-03-01T18:26:23"
"0_2","32.2342672","-110.9664273","2023-03-01T18:26:34"
"0_2","32.2342652","-110.965819","2023-03-01T18:26:35"
"0_2","32.2342663","-110.9657672","2023-03-01T18:26:38"
"0_2","32.2342689","-110.9656501","2023-03-01T18:26:40"
"0_2","32.2342705","-110.9655303","2023-03-01T18:26:40"
"0_2","32.2342708","-110.9655082","2023-03-01T18:26:52"
"0_2","32.2342792","-110.9648803","2023-03-01T18:26:53"
"0_2","32.2341756","-110.9648764","2023-03-01T18:27:06"
"0_2","32.2334638","-110.964852","2023-03-01T18:27:14"
"0_2","32.2330659","-110.9648472","2023-03-01T18:27:15"
"0_2","32.2329637","-110.9648465","2023-03-01T18:27:28"
"0_2","32.2329671","-110.9641648","2023-03-01T18:27:28"
"0_2","32.232961","-110.9641648","2023-03-01T18:27:28"
"0_2","32.2329445","-110.9641577","2023-03-01T18:27:29"
"0_2","32.2329316","-110.9641455","2023-03-01T18:27:29"
"0_2","32.2329227","-110.9641291","2023-03-01T18:27:29"
"0_2","32.2329186","-110.9641102","2023-03-01T18:27:29"
"0_2","32.2329189","-110.9641043","2023-03-01T18:27:30"
"0_2","32.2329019","-110.9641031","2023-03-01T18:27:37"
"0_2","32.2324831","-110.9641017","2023-03-01T18:27:44"
"0_2","32.2321464","-110.964105","2023-03-01T18:27:50"
"0_2","32.2317825","-110.9640744","2023-03-01T18:27:50"
"0_2","32.2317657","-110.964073","2023-03-01T18:27:52"
"0_2","32.2316949","-110.9640674","2023-03-01T18:27:52"
"0_2","32.2316762","-110.9640677","2023-03-01T18:27:52"
"0_2","32.2316668","-110.9640679","2023-03-01T18:27:53"
"0_2","32.2316671","-110.9640325","2023-03-01T18:28:02"
"0_2","32.2316733","-110.9633276","2023-03-01T18:28:03"
"0_2","32.2316416","-110.9633276","2023-03-01T18:28:04"
"0_2","32.2315703","-110.9633272","2023-03-01T18:28:05"
"0_2","32.2315545","-110.9633272","2023-03-01T18:28:11"
"0_2","32.231185","-110.9633286","2023-03-01T18:28:17"
"0_2","32.2308551","-110.9633266","2023-03-01T18:28:26"
"0_2","32.2303588","-110.9633182","2023-03-01T18:28:35"
"0_2","32.2298715","-110.9633165","2023-03-01T18:28:38"
"0_2","32.229743","-110.9633156","2023-03-01T18:28:41"
"0_2","32.2295457","-110.9633142","2023-03-01T18:28:50"
"0_2","32.2290839","-110.9633084","2023-03-01T18:29:01"
"0_2","32.2290774","-110.9626613","2023-03-01T18:29:03"
"0_2","32.2290763","-110.9625505","2023-03-01T18:29:06"
"0_2","32.2290763","-110.9624318","2023-03-01T18:29:09"
"0_2","32.2290763","-110.9622442","2023-03-01T18:29:17"
"0_2","32.2290671","-110.9617757","2023-03-01T18:29:30"
"0_2","32.2290714","-110.9611128","2023-03-01T18:29:30"
"0_2","32.2290512","-110.9611098","2023-03-01T18:29:30"
"0_2","32.2290324","-110.9611006","2023-03-01T18:29:31"
"0_2","32.2290163","-110.9610859","2023-03-01T18:29:31"
"0_2","32.2290041","-110.9610667","2023-03-01T18:29:32"
"0_2","32.2289966","-110.9610443","2023-03-01T18:29:32"
"0_2","32.2289943","-110.9610203","2023-03-01T18:29:38"
"0_2","32.2286661","-110.9610245","2023-03-01T18:29:43"
"0_2","32.2284157","-110.9610287","2023-03-01T18:29:52"
"0_2","32.2278723","-110.9610263","2023-03-01T18:29:53"
"0_2","32.2278608","-110.9610263","2023-03-01T18:29:54"
"0_2","32.2277684","-110.961026","2023-03-01T18:30:11"
"0_2","32.2277731","-110.9596879","2023-03-01T18:30:12"
"0_2","32.2277711","-110.9595967","2023-03-01T18:30:13"
"0_2","32.2277738","-110.959474","2023-03-01T18:30:14"
"0_2","32.2277736","-110.9593744","2023-03-01T18:30:31"
"0_2","32.227771","-110.9580373","2023-03-01T18:30:32"
"0_2","32.2276938","-110.9579778","2023-03-01T18:30:33"
"0_2","32.2276736","-110.9579731","2023-03-01T18:30:37"
"0_2","32.2274361","-110.9579274","2023-03-01T18:30:43"
"0_2","32.2270902","-110.9579243","2023-03-01T18:30:48"
"0_2","32.2268387","-110.9579263","2023-03-01T18:30:55"
"0_2","32.2264549","-110.9579233","2023-03-01T18:31:22"
"0_2","32.2249871","-110.9579219","2023-03-01T18:31:33"
"0_2","32.2249857","-110.9573095","2023-03-01T18:31:42"
"0_2","32.2249883","-110.9568205","2023-03-01T18:31:46"
"0_2","32.2249897","-110.9565691","2023-03-01T18:31:50"
"0_2","32.2249908","-110.9563687","2023-03-01T18:31:54"
"0_2","32.2249915","-110.9561413","2023-03-01T18:32:05"
"0_2","32.2249934","-110.9555719","2023-03-01T18:32:07"
"0_2","32.2249938","-110.9554416","2023-03-01T18:32:18"
"0_2","32.2249959","-110.9548167","2023-03-01T18:32:23"
"0_2","32.2249962","-110.9545805","2023-03-01T18:32:26"
"0_2","32.2249973","-110.9543813","2023-03-01T18:32:47"
"0_2","32.224998","-110.9532508","2023-03-01T18:32:57"
"0_2","32.2244199","-110.9532474","2023-03-01T18:32:58"
"0_2","32.2243891","-110.9532501","2023-03-01T18:33"
"0_2","32.2242605","-110.9532504","2023-03-01T18:33:08"
"0_2","32.2238346","-110.9532479","2023-03-01T18:33:24"
"0_2","32.2238521","-110.9523611","2023-03-01T18:33:39"
"0_2","32.2238451","-110.9515268","2023-03-01T18:33:49"
"0_2","32.2238407","-110.9510039","2023-03-01T18:33:56"
"0_2","32.2233506","-110.9510045","2023-03-01T18:33:56"
"0_2","32.2232964","-110.9510046","2023-03-01T18:34:01"
"0_2","32.2229919","-110.9510049","2023-03-01T18:34:01"
"0_3","32.2463052","-110.9657368","2023-03-01T18:30:06"
"0_3","32.2458548","-110.9657326","2023-03-01T18:30:06"
"0_3","32.2458309","-110.9657333","2023-03-01T18:30:06"
"0_3","32.2458325","-110.9657422","2023-03-01T18:30:07"
"0_3","32.2458301","-110.9657659","2023-03-01T18:30:07"
"0_3","32.2458214","-110.9657875","2023-03-01T18:30:07"
"0_3","32.2458073","-110.9658046","2023-03-01T18:30:08"
"0_3","32.2457894","-110.9658155","2023-03-01T18:30:08"
"0_3","32.2457688","-110.965819","2023-03-01T18:30:09"
"0_3","32.2457484","-110.9658144","2023-03-01T18:30:09"
"0_3","32.2457304","-110.965802","2023-03-01T18:30:09"
"0_3","32.2457169","-110.9657834","2023-03-01T18:30:10"
"0_3","32.2457093","-110.9657605","2023-03-01T18:30:10"
"0_3","32.2457087","-110.9657421","2023-03-01T18:30:19"
"0_3","32.2452237","-110.9657447","2023-03-01T18:30:27"
"0_3","32.2447781","-110.9657293","2023-03-01T18:30:55"
"0_3","32.2447908","-110.9642054","2023-03-01T18:31:32"
"0_3","32.244801","-110.9621432","2023-03-01T18:31:52"
"0_3","32.2448063","-110.961063","2023-03-01T18:31:54"
"0_3","32.2446777","-110.9610652","2023-03-01T18:31:55"
"0_3","32.2446498","-110.9610662","2023-03-01T18:32:14"
"0_3","32.2446652","-110.960012","2023-03-01T18:32:20"
"0_3","32.2446697","-110.9597067","2023-03-01T18:32:20"
"0_3","32.2446699","-110.9596929","2023-03-01T18:32:22"
"0_3","32.2446716","-110.9595764","2023-03-01T18:32:24"
"0_3","32.2446729","-110.9594664","2023-03-01T18:32:24"
"0_3","32.2446732","-110.9594411","2023-03-01T18:32:50"
"0_3","32.2446899","-110.9580489","2023-03-01T18:32:59"
"0_3","32.2441745","-110.9580459","2023-03-01T18:33:09"
"0_3","32.2436579","-110.9580332","2023-03-01T18:33:19"
"0_3","32.2436638","-110.9574742","2023-03-01T18:33:29"
"0_3","32.2436736","-110.9569197","2023-03-01T18:33:31"
"0_3","32.2436753","-110.9568265","2023-03-01T18:33:32"
"0_3","32.2436756","-110.9567253","2023-03-01T18:33:58"
"0_3","32.24368","-110.9553365","2023-03-01T18:34:23"
"0_3","32.2436873","-110.9539747","2023-03-01T18:34:24"
"0_3","32.2436911","-110.9539129","2023-03-01T18:34:24"
"0_3","32.2436732","-110.9539137","2023-03-01T18:34:24"
"0_3","32.243656","-110.9539078","2023-03-01T18:34:25"
"0_3","32.2436407","-110.9538949","2023-03-01T18:34:25"
"0_3","32.2436298","-110.9538768","2023-03-01T18:34:25"
"0_3","32.2436246","-110.9538554","2023-03-01T18:34:27"
"0_3","32.2435374","-110.953855","2023-03-01T18:34:34"
"0_3","32.2431541","-110.9538443","2023-03-01T18:34:44"
"0_3","32.2426315","-110.9538384","2023-03-01T18:34:53"
"0_3","32.2421319","-110.9538327","2023-03-01T18:35:02"
"0_3","32.2416148","-110.9538273","2023-03-01T18:35:09"
"0_3","32.2412104","-110.9538246","2023-03-01T18:35:11"
"0_3","32.2410999","-110.9538242","2023-03-01T18:35:21"
"0_3","32.2405986","-110.953818","2023-03-01T18:35:35"
"0_3","32.2406028","-110.9530489","2023-03-01T18:35:41"
"0_3","32.2406046","-110.9527149","2023-03-01T18:35:42"
"0_3","32.2406051","-110.9526182","2023-03-01T18:35:43"
"0_3","32.2406053","-110.952587","2023-03-01T18:35:43"
"0_3","32.2406053","-110.9525777","2023-03-01T18:35:44"
"0_3","32.2406054","-110.9525605","2023-03-01T18:35:44"
"0_3","32.2406077","-110.9525193","2023-03-01T18:35:45"
"0_3","32.2406124","-110.9524752","2023-03-01T18:35:46"
"0_3","32.24055","-110.9524746","2023-03-01T18:35:52"
"0_3","32.2401208","-110.952472","2023-03-01T18:35:59"
"0_3","32.2396101","-110.9524687","2023-03-01T18:36:05"
"0_3","32.2391227","-110.9524655","2023-03-01T18:36:12"
"0_3","32.2386279","-110.9524623","2023-03-01T18:36:21"
"0_3","32.2379845","-110.9524581","2023-03-01T18:36:29"
"0_3","32.23741","-110.952454","2023-03-01T18:36:29"
"0_3","32.2374031","-110.952454","2023-03-01T18:36:30"
"0_3","32.2373188","-110.9524538","2023-03-01T18:36:31"
"0_3","32.2372353","-110.9524517","2023-03-01T18:36:39"
"0_3","32.2366397","-110.9524492","2023-03-01T18:36:40"
"0_3","32.2366076","-110.9524491","2023-03-01T18:36:46"
"0_3","32.2361624","-110.9524459","2023-03-01T18:36:46"
"0_3","32.2361603","-110.952446","2023-03-01T18:36:47"
"0_3","32.2360618","-110.9524186","2023-03-01T18:36:49"
"0_3","32.2359803","-110.9523818","2023-03-01T18:36:50"
"0_3","32.2359033","-110.952347","2023-03-01T18:36:51"
"0_3","32.2358098","-110.9523454","2023-03-01T18:36:51"
"0_3","32.2357859","-110.9523447","2023-03-01T18:36:56"
"0_3","32.2354355","-110.9523415","2023-03-01T18:37:03"
"0_3","32.2349176","-110.9523347","2023-03-01T18:37:04"
"0_3","32.2348573","-110.9523348","2023-03-01T18:37:06"
"0_3","32.2348573","-110.9522464","2023-03-01T18:37:06"
"0_3","32.2348573","-110.952204","2023-03-01T18:37:09"
"0_3","32.2348573","-110.9520749","2023-03-01T18:37:12"
"0_3","32.2348572","-110.9518706","2023-03-01T18:37:14"
"0_3","32.2348572","-110.9518001","2023-03-01T18:37:29"
"0_3","32.2348571","-110.9509772","2023-03-01T18:37:30"
"0_3","32.2348571","-110.9508859","2023-03-01T18:37:31"
"0_3","32.2348575","-110.950848","2023-03-01T18:37:36"
"0_3","32.2348587","-110.9505625","2023-03-01T18:37:39"
"0_3","32.2348592","-110.950418","2023-03-01T18:37:43"
"0_3","32.2348602","-110.950182","2023-03-01T18:37:57"
"0_3","32.2348633","-110.9494217","2023-03-01T18:38:12"
"0_3","32.2348688","-110.9485855","2023-03-01T18:38:18"
"0_3","32.2348708","-110.9482726","2023-03-01T18:38:19"
"0_3","32.2348711","-110.9482288","2023-03-01T18:38:21"
"0_3","32.234872","-110.9480954","2023-03-01T18:38:22"
"0_3","32.2348723","-110.9480219","2023-03-01T18:38:23"
"0_3","32.2348725","-110.9479693","2023-03-01T18:38:36"
"0_3","32.2348751","-110.9472673","2023-03-01T18:38:38"
"0_3","32.2348756","-110.9471532","2023-03-01T18:38:44"
"0_3","32.2348768","-110.9468466","2023-03-01T18:38:45"
"0_3","32.2348773","-110.946771","2023-03-01T18:38:46"
"0_3","32.2348771","-110.9467311","2023-03-01T18:38:47"
"0_3","32.2348768","-110.946666","2023-03-01T18:38:49"
"0_3","32.2348772","-110.9465802","2023-03-01T18:38:58"
"0_3","32.2348798","-110.9460508","2023-03-01T18:39:01"
"0_3","32.2348806","-110.9458898","2023-03-01T18:39:05"
"0_3","32.2348817","-110.9456679","2023-03-01T18:39:13"
"0_3","32.2348837","-110.9452605","2023-03-01T18:39:20"
"0_3","32.2348848","-110.9448371","2023-03-01T18:39:26"
"0_3","32.2348875","-110.9445103","2023-03-01T18:39:29"
"0_3","32.2348888","-110.9443521","2023-03-01T18:39:31"
"0_3","32.2348894","-110.944277","2023-03-01T18:39:32"
"0_3","32.23489","-110.9441964","2023-03-01T18:39:34"
"0_3","32.2348908","-110.9440887","2023-03-01T18:39:41"
"0_3","32.2354803","-110.9441167","2023-03-01T18:39:42"
"0_3","32.2355965","-110.9441197","2023-03-01T18:39:43"
"0_3","32.2357311","-110.944124","2023-03-01T18:39:45"
"0_3","32.2358647","-110.944124","2023-03-01T18:39:45"
"0_3","32.2358721","-110.9441245","2023-03-01T18:39:45"
"0_3","32.2358925","-110.9441261","2023-03-01T18:39:46"
"0_3","32.2359942","-110.9441283","2023-03-01T18:39:47"
"0_3","32.2359816","-110.9440243","2023-03-01T18:39:48"
"0_3","32.2359824","-110.9439825","2023-03-01T18:39:49"
"0_3","32.2359849","-110.94386","2023-03-01T18:39:50"
"0_3","32.2358771","-110.9438584","2023-03-01T18:39:51"
"0_3","32.2358512","-110.943858","2023-03-01T18:39:55"
"0_3","32.23548","-110.9438702","2023-03-01T18:40:01"
"0_3","32.2348786","-110.9438847","2023-03-01T18:40:07"
"0_3","32.2343852","-110.9438917","2023-03-01T18:40:12"
"0_3","32.2338536","-110.9438842","2023-03-01T18:40:15"
"0_3","32.2336608","-110.9438843","2023-03-01T18:40:18"
"0_3","32.2333327","-110.9438846","2023-03-01T18:40:20"
"0_3","32.2331568","-110.9438848","2023-03-01T18:40:24"
"0_3","32.2328192","-110.9438851","2023-03-01T18:40:25"
"0_3","32.2328197","-110.9437957","2023-03-01T18:40:26"
"0_3","32.2328199","-110.9437706","2023-03-01T18:40:49"
"0_3","32.2328272","-110.9425013","2023-03-01T18:40:58"
"0_3","32.2323433","-110.9424924","2023-03-01T18:41:07"
"0_3","32.2318468","-110.942485","2023-03-01T18:41:08"
"0_3","32.2317758","-110.942482","2023-03-01T18:41:09"
"0_3","32.2317165","-110.94248","2023-03-01T18:41:17"
"0_3","32.2312799","-110.9424794","2023-03-01T18:41:23"
"0_3","32.2309703","-110.9424778","2023-03-01T18:41:32"
"0_3","32.2304638","-110.9424752","2023-03-01T18:41:41"
"0_3","32.2299726","-110.9424695","2023-03-01T18:41:47"
"0_3","32.22966","-110.9424658","2023-03-01T18:41:55"
"0_3","32.2291845","-110.9424603","2023-03-01T18:42:04"
"0_3","32.2286787","-110.9424581","2023-03-01T18:42:10"
"0_3","32.228359","-110.9424567","2023-03-01T18:42:17"
"0_3","32.2279797","-110.9424546","2023-03-01T18:42:17"
"0_3","32.2279652","-110.9424545","2023-03-01T18:42:19"
"0_3","32.2278607","-110.9424546","2023-03-01T18:42:21"
"0_3","32.2277703","-110.9424521","2023-03-01T18:42:21"
"0_3","32.2277496","-110.9424515","2023-03-01T18:42:29"
"0_3","32.2273424","-110.9424401","2023-03-01T18:42:34"
"0_3","32.2270439","-110.9424347","2023-03-01T18:42:42"
"0_3","32.2266222","-110.942427","2023-03-01T18:42:43"
"0_3","32.2265464","-110.9424256","2023-03-01T18:42:52"
"0_3","32.2260593","-110.9424362","2023-03-01T18:42:58"
"0_3","32.2257528","-110.9424366","2023-03-01T18:43:07"
"0_3","32.2252473","-110.9424206","2023-03-01T18:43:09"
"0_3","32.2251572","-110.9424205","2023-03-01T18:43:15"
"0_3","32.224785","-110.9424202","2023-03-01T18:43:21"
"0_3","32.2244791","-110.94242","2023-03-01T18:43:28"
"0_3","32.2240748","-110.9424196","2023-03-01T18:43:30"
"0_3","32.2239766","-110.9424195","2023-03-01T18:43:32"
"0_3","32.2239771","-110.9423395","2023-03-01T18:43:43"
"0_3","32.2239809","-110.9416954","2023-03-01T18:43:57"
"0_3","32.2239852","-110.940954","2023-03-01T18:43:59"
"0_3","32.2238939","-110.9409542","2023-03-01T18:44:06"
"0_3","32.2234937","-110.9409548","2023-03-01T18:44:11"
"0_3","32.2231836","-110.9409553","2023-03-01T18:44:19"
"0_3","32.2227794","-110.9409559","2023-03-01T18:44:21"
"0_3","32.2226852","-110.9409561","2023-03-01T18:44:22"
"0_3","32.2226858","-110.9408721","2023-03-01T18:44:23"
"0_3","32.2226863","-110.9408018","2023-03-01T18:44:46"
"0_3","32.222695","-110.939578","2023-03-01T18:44:47"
"0_3","32.222696","-110.939496","2023-03-01T18:44:50"
"0_3","32.2225539","-110.939496","2023-03-01T18:44:51"
"0_3","32.2224602","-110.939496","2023-03-01T18:44:54"
"0_3","32.22232","-110.9394965","2023-03-01T18:44:55"
"0_3","32.2222509","-110.9394958","2023-03-01T18:44:56"
"0_3","32.2222315","-110.939495","2023-03-01T18:44:56"
"0_3","32.2221937","-110.9394952","2023-03-01T18:44:57"
"0_3","32.2221371","-110.9394942","2023-03-01T18:44:58"
"0_3","32.2221187","-110.9394945","2023-03-01T18:44:58"
"0_3","32.2220758","-110.9394941","2023-03-01T18:45:07"
"0_3","32.2215843","-110.9394917","2023-03-01T18:45:11"
"0_3","32.2215764","-110.9391875","2023-03-01T18:45:11"
"1_0","32.2477975","-110.9568585","2023-03-01T18:46:39"
"1_0","32.2472875","-110.9568571","2023-03-01T18:46:46"
"1_0","32.2467702","-110.9568511","2023-03-01T18:46:51"
"1_0","32.2464066","-110.9568481","2023-03-01T18:46:53"
"1_0","32.2462602","-110.9568469","2023-03-01T18:46:54"
"1_0","32.2461556","-110.9568456","2023-03-01T18:47"
"1_0","32.2457348","-110.9568446","2023-03-01T18:47:07"
"1_0","32.2452191","-110.9568417","2023-03-01T18:47:14"
"1_0","32.2447058","-110.9568361","2023-03-01T18:47:15"
"1_0","32.2447048","-110.9569125","2023-03-01T18:47:16"
"1_0","32.2447044","-110.9569456","2023-03-01T18:47:25"
"1_0","32.2446979","-110.9574387","2023-03-01T18:47:36"
"1_0","32.2446899","-110.9580489","2023-03-01T18:47:45"
"1_0","32.2441745","-110.9580459","2023-03-01T18:47:55"
"1_0","32.2436579","-110.9580332","2023-03-01T18:48:04"
"1_0","32.2431369","-110.9580391","2023-03-01T18:48:14"
"1_0","32.242613","-110.9580418","2023-03-01T18:48:23"
"1_0","32.2421101","-110.9580391","2023-03-01T18:48:25"
"1_0","32.2420172","-110.9580379","2023-03-01T18:48:29"
"1_0","32.2417484","-110.9580348","2023-03-01T18:48:32"
"1_0","32.2415966","-110.9580331","2023-03-01T18:48:42"
"1_0","32.2410794","-110.9580258","2023-03-01T18:48:51"
"1_0","32.2405808","-110.9580215","2023-03-01T18:49"
"1_0","32.2400775","-110.9580214","2023-03-01T18:49:09"
"1_0","32.2395785","-110.9580182","2023-03-01T18:49:14"
"1_0","32.239577","-110.9582944","2023-03-01T18:49:17"
"1_0","32.239576","-110.9584872","2023-03-01T18:49:22"
"1_0","32.2395746","-110.9587487","2023-03-01T18:49:34"
"1_0","32.2395707","-110.9594007","2023-03-01T18:49:34"
"1_0","32.2395706","-110.9594142","2023-03-01T18:49:37"
"1_0","32.2395699","-110.9595353","2023-03-01T18:49:47"
"1_0","32.2385877","-110.9595263","2023-03-01T18:49:50"
"1_0","32.2385866","-110.9596508","2023-03-01T18:49:50"
"1_0","32.2385865","-110.9596623","2023-03-01T18:50:01"
"1_0","32.2385811","-110.9603011","2023-03-01T18:50:15"
"1_0","32.2385775","-110.9610719","2023-03-01T18:50:39"
"1_0","32.2372703","-110.9610664","2023-03-01T18:50:53"
"1_0","32.2372659","-110.9618412","2023-03-01T18:51:07"
"1_0","32.2372608","-110.9626122","2023-03-01T18:51:21"
"1_0","32.2372573","-110.9633729","2023-03-01T18:51:35"
"1_0","32.237253","-110.9641264","2023-03-01T18:51:49"
"1_0","32.2372487","-110.9648952","2023-03-01T18:52:01"
"1_0","32.2372449","-110.9655655","2023-03-01T18:52:02"
"1_0","32.2372447","-110.9656022","2023-03-01T18:52:02"
"1_0","32.237232","-110.9656029","2023-03-01T18:52:02"
"1_0","32.2372133","-110.9656113","2023-03-01T18:52:03"
"1_0","32.2371954","-110.9656287","2023-03-01T18:52:03"
"1_0","32.2371835","-110.9656526","2023-03-01T18:52:04"
"1_0","32.2371791","-110.9656799","2023-03-01T18:52:04"
"1_0","32.2371832","-110.965708","2023-03-01T18:52:05"
"1_0","32.237195","-110.9657321","2023-03-01T18:52:05"
"1_0","32.2372129","-110.9657499","2023-03-01T18:52:06"
"1_0","32.2372449","-110.9657593","2023-03-01T18:52:07"
"1_0","32.2372446","-110.9657994","2023-03-01T18:52:13"
"1_0","32.2372414","-110.9661676","2023-03-01T18:52:16"
"1_0","32.2372402","-110.9663113","2023-03-01T18:52:18"
"1_0","32.2372415","-110.9664444","2023-03-01T18:52:21"
"1_0","32.2372417","-110.9665903","2023-03-01T18:52:24"
"1_0","32.237242","-110.9667518","2023-03-01T18:52:32"
"1_0","32.2372427","-110.967212","2023-03-01T18:52:35"
"1_0","32.237118","-110.9672116","2023-03-01T18:52:46"
"1_0","32.2364905","-110.9672013","2023-03-01T18:52:49"
"1_0","32.2363141","-110.9672031","2023-03-01T18:52:52"
"1_0","32.2361755","-110.9672044","2023-03-01T18:52:54"
"1_0","32.2360363","-110.9672024","2023-03-01T18:52:55"
"1_0","32.2360227","-110.967201","2023-03-01T18:52:57"
"1_0","32.2359223","-110.9672018","2023-03-01T18:52:58"
"1_0","32.2358286","-110.967199","2023-03-01T18:52:58"
"1_0","32.2358183","-110.9671996","2023-03-01T18:53:01"
"1_0","32.2356946","-110.9671986","2023-03-01T18:53:05"
"1_0","32.2354381","-110.9671969","2023-03-01T18:53:11"
"1_0","32.2351347","-110.9671938","2023-03-01T18:53:13"
"1_0","32.2350299","-110.9671935","2023-03-01T18:53:18"
"1_0","32.2347536","-110.9671912","2023-03-01T18:53:27"
"1_0","32.2342508","-110.967187","2023-03-01T18:53:36"
"1_0","32.2337494","-110.9671851","2023-03-01T18:53:51"
"1_0","32.23295","-110.967174","2023-03-01T18:54:03"
"1_0","32.2322818","-110.9671712","2023-03-01T18:54:12"
"1_0","32.2317608","-110.9671685","2023-03-01T18:54:13"
"1_0","32.2317443","-110.9671685","2023-03-01T18:54:14"
"1_0","32.2316486","-110.9671686","2023-03-01T18:54:25"
"1_0","32.2316518","-110.966387","2023-03-01T18:54:27"
"1_0","32.2315589","-110.9663865","2023-03-01T18:54:27"
"1_0","32.2315321","-110.9663859","2023-03-01T18:54:35"
"1_0","32.2310825","-110.9663847","2023-03-01T18:54:38"
"1_0","32.2309184","-110.9663842","2023-03-01T18:54:40"
"1_0","32.2308372","-110.966384","2023-03-01T18:54:41"
"1_0","32.2307997","-110.9663838","2023-03-01T18:54:47"
"1_0","32.2304486","-110.9663824","2023-03-01T18:54:49"
"1_0","32.2303361","-110.9663827","2023-03-01T18:54:51"
"1_0","32.2302519","-110.9663814","2023-03-01T18:54:56"
"1_0","32.2299335","-110.9663787","2023-03-01T18:55:11"
"1_0","32.2291402","-110.9663738","2023-03-01T18:55:13"
"1_0","32.2290265","-110.966373","2023-03-01T18:55:14"
"1_0","32.2289426","-110.9663719","2023-03-01T18:55:24"
"1_0","32.228414","-110.966364","2023-03-01T18:55:26"
"1_0","32.2282768","-110.966362","2023-03-01T18:55:29"
"1_0","32.2281198","-110.9663599","2023-03-01T18:55:34"
"1_0","32.2278525","-110.9663562","2023-03-01T18:55:35"
"1_0","32.2278288","-110.9663563","2023-03-01T18:55:36"
"1_0","32.2277343","-110.9663556","2023-03-01T18:55:46"
"1_0","32.2277299","-110.9671269","2023-03-01T18:55:48"
"1_0","32.227633","-110.967127","2023-03-01T18:55:48"
"1_0","32.2276227","-110.9671272","2023-03-01T18:55:49"
"1_0","32.2275441","-110.9671281","2023-03-01T18:55:52"
"1_0","32.22737","-110.9671289","2023-03-01T18:55:55"
"1_0","32.2272437","-110.9671295","2023-03-01T18:55:58"
"1_0","32.2270777","-110.9671303","2023-03-01T18:55:58"
"1_0","32.2270737","-110.9671303","2023-03-01T18:56:10"
"1_0","32.2264203","-110.9671334","2023-03-01T18:56:11"
"1_0","32.2263174","-110.9671314","2023-03-01T18:56:12"
"1_0","32.2262868","-110.9671265","2023-03-01T18:56:13"
"1_0","32.2262355","-110.9671074","2023-03-01T18:56:13"
"1_0","32.2262297","-110.9671053","2023-03-01T18:56:13"
"1_0","32.2262212","-110.9671022","2023-03-01T18:56:14"
"1_0","32.2261884","-110.9670955","2023-03-01T18:56:15"
"1_0","32.2261487","-110.9670922","2023-03-01T18:56:15"
"1_0","32.2261098","-110.9670915","2023-03-01T18:56:16"
"1_0","32.226049","-110.9670905","2023-03-01T18:56:20"
"1_0","32.2258598","-110.9670872","2023-03-01T18:56:21"
"1_0","32.2258254","-110.9670866","2023-03-01T18:56:24"
"1_0","32.2256113","-110.9670828","2023-03-01T18:56:25"
"1_0","32.2255904","-110.9670815","2023-03-01T18:56:25"
"1_0","32.2255851","-110.9670812","2023-03-01T18:56:26"
"1_0","32.2255329","-110.9670756","2023-03-01T18:56:26"
"1_0","32.225509","-110.9670741","2023-03-01T18:56:30"
"1_0","32.225322","-110.9670697","2023-03-01T18:56:31"
"1_0","32.2252293","-110.9670675","2023-03-01T18:56:32"
"1_0","32.2252112","-110.9670631","2023-03-01T18:56:32"
"1_0","32.2251967","-110.9670541","2023-03-01T18:56:32"
"1_0","32.2251805","-110.967038","2023-03-01T18:56:33"
"1_0","32.2251653","-110.9670189","2023-03-01T18:56:33"
"1_0","32.2251492","-110.9669957","2023-03-01T18:56:35"
"1_0","32.2251194","-110.9669313","2023-03-01T18:56:35"
"1_0","32.2250965","-110.9669636","2023-03-01T18:56:36"
"1_0","32.2250744","-110.9669913","2023-03-01T18:56:37"
"1_0","32.2250325","-110.9670197","2023-03-01T18:56:38"
"1_0","32.2250079","-110.9670364","2023-03-01T18:56:40"
"1_0","32.2248951","-110.9670732","2023-03-01T18:56:42"
"1_0","32.2247766","-110.9670769","2023-03-01T18:56:44"
"1_0","32.2246643","-110.967003","2023-03-01T18:57:01"
"1_0","32.2240624","-110.966291","2023-03-01T18:57:05"
"1_0","32.2239354","-110.9661408","2023-03-01T18:57:06"
"1_0","32.2239129","-110.9661131","2023-03-01T18:57:06"
"1_0","32.2238965","-110.9660904","2023-03-01T18:57:07"
"1_0","32.2238793","-110.9660611","2023-03-01T18:57:07"
"1_0","32.2238678","-110.9660367","2023-03-01T18:57:08"
"1_0","32.2238585","-110.9660106","2023-03-01T18:57:08"
"1_0","32.223851","-110.9659766","2023-03-01T18:57:09"
"1_0","32.2238473","-110.9659442","2023-03-01T18:57:09"
"1_0","32.223846","-110.9659156","2023-03-01T18:57:10"
"1_0","32.2238457","-110.9658886","2023-03-01T18:57:13"
"1_0","32.2238447","-110.9657058","2023-03-01T18:57:14"
"1_0","32.2238454","-110.9656901","2023-03-01T18:57:14"
"1_0","32.2238455","-110.9656867","2023-03-01T18:57:14"
"1_0","32.2238482","-110.9656678","2023-03-01T18:57:14"
"1_0","32.2238521","-110.965651","2023-03-01T18:57:14"
"1_0","32.2238533","-110.9656417","2023-03-01T18:57:15"
"1_0","32.2238541","-110.9656348","2023-03-01T18:57:15"
"1_0","32.223855","-110.9656212","2023-03-01T18:57:16"
"1_0","32.2238536","-110.965579","2023-03-01T18:57:16"
"1_0","32.2238531","-110.9655463","2023-03-01T18:57:16"
"1_0","32.2238516","-110.9655351","2023-03-01T18:57:17"
"1_0","32.2238537","-110.9654812","2023-03-01T18:57:17"
"1_0","32.2238538","-110.9654769","2023-03-01T18:57:18"
"1_0","32.2238542","-110.9654429","2023-03-01T18:57:19"
"1_0","32.2238545","-110.965411","2023-03-01T18:57:19"
"1_0","32.2238543","-110.9653669","2023-03-01T18:57:20"
"1_0","32.2238524","-110.9653241","2023-03-01T18:57:22"
"1_0","32.2238468","-110.96523","2023-03-01T18:57:22"
"1_0","32.2238454","-110.9652055","2023-03-01T18:57:23"
"1_0","32.2238447","-110.9651822","2023-03-01T18:57:29"
"1_0","32.2238435","-110.9648254","2023-03-01T18:57:30"
"1_0","32.2238435","-110.9648077","2023-03-01T18:57:36"
"1_0","32.22347","-110.9648051","2023-03-01T18:57:49"
"1_0","32.2227971","-110.9648003","2023-03-01T18:57:56"
"1_0","32.2230137","-110.9651139","2023-03-01T18:57:57"
"1_0","32.2230698","-110.9651787","2023-03-01T18:58:04"
"1_0","32.2232995","-110.965461","2023-03-01T18:58:04"
"1_1","32.2477975","-110.9568585","2023-03-01T18:09:22"
"1_1","32.2472875","-110.9568571","2023-03-01T18:09:29"
"1_1","32.2467702","-110.9568511","2023-03-01T18:09:34"
"1_1","32.2464066","-110.9568481","2023-03-01T18:09:36"
"1_1","32.2462602","-110.9568469","2023-03-01T18:09:37"
"1_1","32.2461556","-110.9568456","2023-03-01T18:09:43"
"1_1","32.2457348","-110.9568446","2023-03-01T18:09:50"
"1_1","32.2452191","-110.9568417","2023-03-01T18:09:57"
"1_1","32.2447058","-110.9568361","2023-03-01T18:10:04"
"1_1","32.2441903","-110.9568314","2023-03-01T18:10:11"
"1_1","32.2436753","-110.9568265","2023-03-01T18:10:13"
"1_1","32.2436756","-110.9567253","2023-03-01T18:10:38"
"1_1","32.24368","-110.9553365","2023-03-01T18:11:03"
"1_1","32.2436873","-110.9539747","2023-03-01T18:11:04"
"1_1","32.2436911","-110.9539129","2023-03-01T18:11:04"
"1_1","32.2436732","-110.9539137","2023-03-01T18:11:05"
"1_1","32.243656","-110.9539078","2023-03-01T18:11:05"
"1_1","32.2436407","-110.9538949","2023-03-01T18:11:05"
"1_1","32.2436298","-110.9538768","2023-03-01T18:11:06"
"1_1","32.2436246","-110.9538554","2023-03-01T18:11:07"
"1_1","32.2435374","-110.953855","2023-03-01T18:11:14"
"1_1","32.2431541","-110.9538443","2023-03-01T18:11:24"
"1_1","32.2426315","-110.9538384","2023-03-01T18:11:33"
"1_1","32.2421319","-110.9538327","2023-03-01T18:11:42"
"1_1","32.2416148","-110.9538273","2023-03-01T18:11:50"
"1_1","32.2412104","-110.9538246","2023-03-01T18:11:52"
"1_1","32.2410999","-110.9538242","2023-03-01T18:12:01"
"1_1","32.2405986","-110.953818","2023-03-01T18:12:15"
"1_1","32.2406028","-110.9530489","2023-03-01T18:12:21"
"1_1","32.2406046","-110.9527149","2023-03-01T18:12:23"
"1_1","32.2406051","-110.9526182","2023-03-01T18:12:23"
"1_1","32.2406053","-110.952587","2023-03-01T18:12:23"
"1_1","32.2406053","-110.9525777","2023-03-01T18:12:24"
"1_1","32.2406054","-110.9525605","2023-03-01T18:12:24"
"1_1","32.2406077","-110.9525193","2023-03-01T18:12:25"
"1_1","32.2406124","-110.9524752","2023-03-01T18:12:26"
"1_1","32.24055","-110.9524746","2023-03-01T18:12:32"
"1_1","32.2401208","-110.952472","2023-03-01T18:12:39"
"1_1","32.2396101","-110.9524687","2023-03-01T18:12:46"
"1_1","32.2391227","-110.9524655","2023-03-01T18:12:52"
"1_1","32.2386279","-110.9524623","2023-03-01T18:13:01"
"1_1","32.2379845","-110.9524581","2023-03-01T18:13:09"
"1_1","32.23741","-110.952454","2023-03-01T18:13:09"
"1_1","32.2374031","-110.952454","2023-03-01T18:13:10"
"1_1","32.2373188","-110.9524538","2023-03-01T18:13:11"
"1_1","32.2372353","-110.9524517","2023-03-01T18:13:20"
"1_1","32.2366397","-110.9524492","2023-03-01T18:13:20"
"1_1","32.2366076","-110.9524491","2023-03-01T18:13:26"
"1_1","32.2361624","-110.9524459","2023-03-01T18:13:26"
"1_1","32.2361603","-110.952446","2023-03-01T18:13:28"
"1_1","32.2360618","-110.9524186","2023-03-01T18:13:29"
"1_1","32.2359803","-110.9523818","2023-03-01T18:13:30"
"1_1","32.2359033","-110.952347","2023-03-01T18:13:32"
"1_1","32.2359006","-110.9525379","2023-03-01T18:13:32"
"1_1","32.2359003","-110.952556","2023-03-01T18:13:36"
"1_1","32.2358957","-110.9528793","2023-03-01T18:13:40"
"1_1","32.235896","-110.9532997","2023-03-01T18:13:50"
"1_1","32.2359094","-110.9541781","2023-03-01T18:13:59"
"1_1","32.2359185","-110.9549698","2023-03-01T18:14:01"
"1_1","32.2359204","-110.9551746","2023-03-01T18:14:17"
"1_1","32.2359468","-110.9566232","2023-03-01T18:14:17"
"1_1","32.2359473","-110.9566506","2023-03-01T18:14:18"
"1_1","32.2359495","-110.956782","2023-03-01T18:14:20"
"1_1","32.2358631","-110.9567818","2023-03-01T18:14:20"
"1_1","32.2358269","-110.9567818","2023-03-01T18:14:25"
"1_1","32.2354432","-110.9567821","2023-03-01T18:14:34"
"1_1","32.2348264","-110.95678","2023-03-01T18:14:35"
"1_1","32.2347171","-110.9567789","2023-03-01T18:14:38"
"1_1","32.2345408","-110.9567776","2023-03-01T18:14:39"
"1_1","32.2344057","-110.9567744","2023-03-01T18:14:40"
"1_1","32.234335","-110.9567731","2023-03-01T18:14:42"
"1_1","32.2342203","-110.956773","2023-03-01T18:14:46"
"1_1","32.2339249","-110.956773","2023-03-01T18:14:47"
"1_1","32.2338607","-110.956773","2023-03-01T18:14:49"
"1_1","32.2337368","-110.9567924","2023-03-01T18:14:50"
"1_1","32.2336692","-110.9568011","2023-03-01T18:14:50"
"1_1","32.2336075","-110.9568071","2023-03-01T18:14:54"
"1_1","32.2333136","-110.9567989","2023-03-01T18:14:57"
"1_1","32.2330986","-110.9567863","2023-03-01T18:14:58"
"1_1","32.2330775","-110.9567853","2023-03-01T18:14:59"
"1_1","32.2330029","-110.9567836","2023-03-01T18:14:59"
"1_1","32.2329866","-110.9567834","2023-03-01T18:15"
"1_1","32.2329021","-110.9567826","2023-03-01T18:15:14"
"1_1","32.2318582","-110.9567777","2023-03-01T18:15:15"
"1_1","32.2318102","-110.9567746","2023-03-01T18:15:15"
"1_1","32.2318069","-110.9567747","2023-03-01T18:15:17"
"1_1","32.231695","-110.9567794","2023-03-01T18:15:18"
"1_1","32.231589","-110.956778","2023-03-01T18:15:33"
"1_1","32.2304673","-110.956766","2023-03-01T18:15:35"
"1_1","32.230367","-110.9567649","2023-03-01T18:15:36"
"1_1","32.2303675","-110.9568363","2023-03-01T18:15:37"
"1_1","32.2303685","-110.9568788","2023-03-01T18:15:37"
"1_1","32.2303687","-110.9568876","2023-03-01T18:15:50"
"1_1","32.2303744","-110.9576042","2023-03-01T18:15:56"
"1_1","32.2303751","-110.9579147","2023-03-01T18:15:58"
"1_1","32.2302467","-110.9579146","2023-03-01T18:16:07"
"1_1","32.2297288","-110.957912","2023-03-01T18:16:09"
"1_1","32.2296137","-110.9579095","2023-03-01T18:16:11"
"1_1","32.2295297","-110.9579097","2023-03-01T18:16:13"
"1_1","32.2294282","-110.95791","2023-03-01T18:16:18"
"1_1","32.2291618","-110.9579106","2023-03-01T18:16:18"
"1_1","32.229148","-110.9579104","2023-03-01T18:16:20"
"1_1","32.2290525","-110.9579092","2023-03-01T18:16:23"
"1_1","32.2288851","-110.9579073","2023-03-01T18:16:24"
"1_1","32.2288202","-110.9579082","2023-03-01T18:16:29"
"1_1","32.2285547","-110.9579072","2023-03-01T18:16:29"
"1_1","32.2285467","-110.9579072","2023-03-01T18:16:32"
"1_1","32.2283879","-110.9579064","2023-03-01T18:16:41"
"1_1","32.2279045","-110.9579031","2023-03-01T18:16:41"
"1_1","32.2278948","-110.9579036","2023-03-01T18:16:43"
"1_1","32.2277707","-110.9579038","2023-03-01T18:16:44"
"1_1","32.2277693","-110.9578025","2023-03-01T18:16:50"
"1_1","32.2277624","-110.9573033","2023-03-01T18:16:51"
"1_1","32.2277626","-110.9572367","2023-03-01T18:16:53"
"1_1","32.227763","-110.9570901","2023-03-01T18:16:58"
"1_1","32.2277643","-110.9566553","2023-03-01T18:16:59"
"1_1","32.2277644","-110.9566006","2023-03-01T18:17:01"
"1_1","32.2278277","-110.9564786","2023-03-01T18:17:02"
"1_1","32.2278905","-110.9564399","2023-03-01T18:17:02"
"1_1","32.227907","-110.9564289","2023-03-01T18:17:02"
"1_1","32.2279282","-110.9564166","2023-03-01T18:17:03"
"1_1","32.228002","-110.9564036","2023-03-01T18:17:04"
"1_1","32.2280565","-110.956391","2023-03-01T18:17:04"
"1_1","32.2280521","-110.9563882","2023-03-01T18:17:06"
"1_1","32.2279282","-110.9563282","2023-03-01T18:17:07"
"1_1","32.2278885","-110.9563003","2023-03-01T18:17:07"
"1_1","32.2278629","-110.9562825","2023-03-01T18:17:08"
"1_1","32.2278208","-110.9562398","2023-03-01T18:17:09"
"1_1","32.2277907","-110.9561879","2023-03-01T18:17:10"
"1_1","32.227766","-110.9560813","2023-03-01T18:17:24"
"1_1","32.2277694","-110.954916","2023-03-01T18:17:25"
"1_1","32.2277695","-110.9548733","2023-03-01T18:17:27"
"1_1","32.2276825","-110.9548673","2023-03-01T18:17:29"
"1_1","32.2275741","-110.9548601","2023-03-01T18:17:31"
"1_1","32.2274599","-110.9548332","2023-03-01T18:17:33"
"1_1","32.2273096","-110.9548226","2023-03-01T18:17:37"
"1_1","32.2271343","-110.9548222","2023-03-01T18:17:49"
"1_1","32.2264689","-110.9548205","2023-03-01T18:17:57"
"1_1","32.2259882","-110.9548193","2023-03-01T18:17:58"
"1_1","32.2259338","-110.9548191","2023-03-01T18:18:06"
"1_1","32.2255235","-110.9548181","2023-03-01T18:18:16"
"1_1","32.2249959","-110.9548167","2023-03-01T18:18:18"
"1_1","32.2248703","-110.9548158","2023-03-01T18:18:23"
"1_1","32.224562","-110.9548153","2023-03-01T18:18:26"
"1_1","32.2244232","-110.954815","2023-03-01T18:18:27"
"1_1","32.2243799","-110.954815","2023-03-01T18:18:30"
"1_1","32.2242131","-110.9548147","2023-03-01T18:18:36"
"1_1","32.2238646","-110.954814","2023-03-01T18:18:49"
"1_1","32.2231861","-110.9548121","2023-03-01T18:18:59"
"1_1","32.2226277","-110.9548103","2023-03-01T18:19"
"1_1","32.2225417","-110.9548105","2023-03-01T18:19:02"
"1_1","32.2225416","-110.9549005","2023-03-01T18:19:10"
"1_1","32.222541","-110.9553499","2023-03-01T18:19:11"
"1_1","32.2225409","-110.9554004","2023-03-01T18:19:13"
"1_1","32.2225407","-110.955523","2023-03-01T18:19:23"
"1_1","32.22254","-110.9560613","2023-03-01T18:19:28"
"1_1","32.2225379","-110.9563568","2023-03-01T18:19:34"
"1_1","32.2222249","-110.9563538","2023-03-01T18:19:40"
"1_1","32.2218837","-110.9563479","2023-03-01T18:19:40"
"1_2","32.2477975","-110.9568585","2023-03-01T18:08:41"
"1_2","32.2472875","-110.9568571","2023-03-01T18:08:48"
"1_2","32.2467702","-110.9568511","2023-03-01T18:08:53"
"1_2","32.2464066","-110.9568481","2023-03-01T18:08:55"
"1_2","32.2462602","-110.9568469","2023-03-01T18:08:56"
"1_2","32.2461556","-110.9568456","2023-03-01T18:09:02"
"1_2","32.2457348","-110.9568446","2023-03-01T18:09:09"
"1_2","32.2452191","-110.9568417","2023-03-01T18:09:16"
"1_2","32.2447058","-110.9568361","2023-03-01T18:09:23"
"1_2","32.2441903","-110.9568314","2023-03-01T18:09:30"
"1_2","32.2436753","-110.9568265","2023-03-01T18:09:37"
"1_2","32.2431517","-110.9568215","2023-03-01T18:09:44"
"1_2","32.2426176","-110.9568187","2023-03-01T18:09:51"
"1_2","32.2421179","-110.9568155","2023-03-01T18:09:58"
"1_2","32.2415995","-110.9568062","2023-03-01T18:10"
"1_2","32.2416","-110.9567189","2023-03-01T18:10:13"
"1_2","32.2416036","-110.9560205","2023-03-01T18:10:25"
"1_2","32.2416072","-110.9553157","2023-03-01T18:10:41"
"1_2","32.2416115","-110.9544687","2023-03-01T18:10:52"
"1_2","32.2416148","-110.9538273","2023-03-01T18:11"
"1_2","32.2412104","-110.9538246","2023-03-01T18:11:02"
"1_2","32.2410999","-110.9538242","2023-03-01T18:11:11"
"1_2","32.2405986","-110.953818","2023-03-01T18:11:25"
"1_2","32.2406028","-110.9530489","2023-03-01T18:11:31"
"1_2","32.2406046","-110.9527149","2023-03-01T18:11:33"
"1_2","32.2406051","-110.9526182","2023-03-01T18:11:33"
"1_2","32.2406053","-110.952587","2023-03-01T18:11:34"
"1_2","32.2406053","-110.9525777","2023-03-01T18:11:34"
"1_2","32.2406054","-110.9525605","2023-03-01T18:11:35"
"1_2","32.2406077","-110.9525193","2023-03-01T18:11:35"
"1_2","32.2406124","-110.9524752","2023-03-01T18:11:36"
"1_2","32.24055","-110.9524746","2023-03-01T18:11:42"
"1_2","32.2401208","-110.952472","2023-03-01T18:11:49"
"1_2","32.2396101","-110.9524687","2023-03-01T18:11:56"
"1_2","32.2391227","-110.9524655","2023-03-01T18:12:03"
"1_2","32.2386279","-110.9524623","2023-03-01T18:12:11"
"1_2","32.2379845","-110.9524581","2023-03-01T18:12:19"
"1_2","32.23741","-110.952454","2023-03-01T18:12:19"
"1_2","32.2374031","-110.952454","2023-03-01T18:12:20"
"1_2","32.2373188","-110.9524538","2023-03-01T18:12:22"
"1_2","32.2372353","-110.9524517","2023-03-01T18:12:30"
"1_2","32.2366397","-110.9524492","2023-03-01T18:12:30"
"1_2","32.2366076","-110.9524491","2023-03-01T18:12:36"
"1_2","32.2361624","-110.9524459","2023-03-01T18:12:36"
"1_2","32.2361603","-110.952446","2023-03-01T18:12:38"
"1_2","32.2360618","-110.9524186","2023-03-01T18:12:39"
"1_2","32.2359803","-110.9523818","2023-03-01T18:12:40"
"1_2","32.2359033","-110.952347","2023-03-01T18:12:41"
"1_2","32.2358098","-110.9523454","2023-03-01T18:12:42"
"1_2","32.2357859","-110.9523447","2023-03-01T18:12:46"
"1_2","32.2354355","-110.9523415","2023-03-01T18:12:53"
"1_2","32.2349176","-110.9523347","2023-03-01T18:12:54"
"1_2","32.2348573","-110.9523348","2023-03-01T18:12:56"
"1_2","32.2347448","-110.9523329","2023-03-01T18:13:01"
"1_2","32.2343516","-110.9523331","2023-03-01T18:13:02"
"1_2","32.2342797","-110.952333","2023-03-01T18:13:03"
"1_2","32.2342131","-110.952333","2023-03-01T18:13:06"
"1_2","32.2340204","-110.952333","2023-03-01T18:13:08"
"1_2","32.2338696","-110.952333","2023-03-01T18:13:08"
"1_2","32.2338315","-110.9523334","2023-03-01T18:13:09"
"1_2","32.2338122","-110.952333","2023-03-01T18:13:09"
"1_2","32.2337883","-110.9523086","2023-03-01T18:13:10"
"1_2","32.2337207","-110.9523071","2023-03-01T18:13:10"
"1_2","32.2337162","-110.952307","2023-03-01T18:13:12"
"1_2","32.2335679","-110.9523044","2023-03-01T18:13:14"
"1_2","32.2334326","-110.9523029","2023-03-01T18:13:16"
"1_2","32.2333051","-110.9523031","2023-03-01T18:13:16"
"1_2","32.233248","-110.9523036","2023-03-01T18:13:17"
"1_2","32.2332368","-110.9522823","2023-03-01T18:13:17"
"1_2","32.2332206","-110.9522659","2023-03-01T18:13:18"
"1_2","32.233201","-110.9522559","2023-03-01T18:13:18"
"1_2","32.2331798","-110.9522534","2023-03-01T18:13:19"
"1_2","32.2331562","-110.9522597","2023-03-01T18:13:19"
"1_2","32.2331359","-110.9522751","2023-03-01T18:13:19"
"1_2","32.2331211","-110.9522978","2023-03-01T18:13:20"
"1_2","32.2331137","-110.952325","2023-03-01T18:13:20"
"1_2","32.2331138","-110.9523292","2023-03-01T18:13:21"
"1_2","32.2331145","-110.9523535","2023-03-01T18:13:21"
"1_2","32.2331235","-110.9523801","2023-03-01T18:13:21"
"1_2","32.2331395","-110.9524015","2023-03-01T18:13:22"
"1_2","32.2331607","-110.9524152","2023-03-01T18:13:22"
"1_2","32.2331846","-110.9524196","2023-03-01T18:13:24"
"1_2","32.2331814","-110.9524895","2023-03-01T18:13:31"
"1_2","32.2331778","-110.9528786","2023-03-01T18:13:33"
"1_2","32.2331766","-110.9529822","2023-03-01T18:13:36"
"1_2","32.2331771","-110.9531405","2023-03-01T18:13:39"
"1_2","32.2331777","-110.953351","2023-03-01T18:13:48"
"1_2","32.2331664","-110.9538284","2023-03-01T18:13:50"
"1_2","32.2331462","-110.9539227","2023-03-01T18:13:59"
"1_2","32.2330302","-110.9544091","2023-03-01T18:14:05"
"1_2","32.2329429","-110.9547498","2023-03-01T18:14:10"
"1_2","32.2329293","-110.9550032","2023-03-01T18:14:12"
"1_2","32.2329372","-110.9551078","2023-03-01T18:14:18"
"1_2","32.2330064","-110.9554378","2023-03-01T18:14:23"
"1_2","32.2330336","-110.9556926","2023-03-01T18:14:27"
"1_2","32.2330212","-110.9559407","2023-03-01T18:14:32"
"1_2","32.2329815","-110.956174","2023-03-01T18:14:35"
"1_2","32.232992","-110.9563477","2023-03-01T18:14:38"
"1_2","32.2330076","-110.9565536","2023-03-01T18:14:40"
"1_2","32.2330056","-110.956644","2023-03-01T18:14:41"
"1_2","32.2330051","-110.9566847","2023-03-01T18:14:42"
"1_2","32.2330037","-110.9567344","2023-03-01T18:14:42"
"1_2","32.2330031","-110.9567647","2023-03-01T18:14:43"
"1_2","32.2330029","-110.9567836","2023-03-01T18:14:43"
"1_2","32.2329866","-110.9567834","2023-03-01T18:14:44"
"1_2","32.2329021","-110.9567826","2023-03-01T18:14:58"
"1_2","32.2318582","-110.9567777","2023-03-01T18:14:59"
"1_2","32.2318102","-110.9567746","2023-03-01T18:14:59"
"1_2","32.2318069","-110.9567747","2023-03-01T18:15"
"1_2","32.231695","-110.9567794","2023-03-01T18:15:02"
"1_2","32.231589","-110.956778","2023-03-01T18:15:17"
"1_2","32.2304673","-110.956766","2023-03-01T18:15:19"
"1_2","32.230367","-110.9567649","2023-03-01T18:15:20"
"1_2","32.2302999","-110.9567641","2023-03-01T18:15:22"
"1_2","32.2301205","-110.9567619","2023-03-01T18:15:23"
"1_2","32.2300467","-110.9567618","2023-03-01T18:15:24"
"1_2","32.2299818","-110.9567618","2023-03-01T18:15:27"
"1_2","32.2297261","-110.9567652","2023-03-01T18:15:39"
"1_2","32.2288888","-110.9567635","2023-03-01T18:15:41"
"1_2","32.2287346","-110.9567692","2023-03-01T18:15:43"
"1_2","32.2286087","-110.9567356","2023-03-01T18:15:45"
"1_2","32.2284669","-110.9566331","2023-03-01T18:15:47"
"1_2","32.2283713","-110.9565552","2023-03-01T18:15:50"
"1_2","32.2281947","-110.9564196","2023-03-01T18:15:50"
"1_2","32.2281608","-110.9564055","2023-03-01T18:15:51"
"1_2","32.2281248","-110.9563988","2023-03-01T18:15:52"
"1_2","32.2280565","-110.956391","2023-03-01T18:15:52"
"1_2","32.2280521","-110.9563882","2023-03-01T18:15:54"
"1_2","32.2279282","-110.9563282","2023-03-01T18:15:54"
"1_2","32.2278885","-110.9563003","2023-03-01T18:15:55"
"1_2","32.2278629","-110.9562825","2023-03-01T18:15:56"
"1_2","32.2278208","-110.9562398","2023-03-01T18:15:56"
"1_2","32.2277907","-110.9561879","2023-03-01T18:15:58"
"1_2","32.227766","-110.9560813","2023-03-01T18:16:12"
"1_2","32.2277694","-110.954916","2023-03-01T18:16:13"
"1_2","32.2277695","-110.9548733","2023-03-01T18:16:14"
"1_2","32.2276825","-110.9548673","2023-03-01T18:16:16"
"1_2","32.2275741","-110.9548601","2023-03-01T18:16:18"
"1_2","32.2274599","-110.9548332","2023-03-01T18:16:21"
"1_2","32.2273096","-110.9548226","2023-03-01T18:16:24"
"1_2","32.2271343","-110.9548222","2023-03-01T18:16:36"
"1_2","32.2264689","-110.9548205","2023-03-01T18:16:45"
"1_2","32.2259882","-110.9548193","2023-03-01T18:16:46"
"1_2","32.2259338","-110.9548191","2023-03-01T18:16:54"
"1_2","32.2255235","-110.9548181","2023-03-01T18:17:03"
"1_2","32.2249959","-110.9548167","2023-03-01T18:17:07"
"1_2","32.2249962","-110.9545805","2023-03-01T18:17:11"
"1_2","32.2249973","-110.9543813","2023-03-01T18:17:32"
"1_2","32.224998","-110.9532508","2023-03-01T18:17:42"
"1_2","32.2244199","-110.9532474","2023-03-01T18:17:43"
"1_2","32.2243891","-110.9532501","2023-03-01T18:17:45"
"1_2","32.2242605","-110.9532504","2023-03-01T18:17:53"
"1_2","32.2238346","-110.9532479","2023-03-01T18:18:09"
"1_2","32.2238521","-110.9523611","2023-03-01T18:18:24"
"1_2","32.2238451","-110.9515268","2023-03-01T18:18:34"
"1_2","32.2238407","-110.9510039","2023-03-01T18:18:40"
"1_2","32.2233506","-110.9510045","2023-03-01T18:18:41"
"1_2","32.2232964","-110.9510046","2023-03-01T18:18:45"
"1_2","32.2229919","-110.9510049","2023-03-01T18:18:45"
"1_3","32.2477975","-110.9568585","2023-03-01T18:48"
"1_3","32.2472875","-110.9568571","2023-03-01T18:48:07"
"1_3","32.2467702","-110.9568511","2023-03-01T18:48:12"
"1_3","32.2464066","-110.9568481","2023-03-01T18:48:14"
"1_3","32.2462602","-110.9568469","2023-03-01T18:48:15"
"1_3","32.2461556","-110.9568456","2023-03-01T18:48:21"
"1_3","32.2457348","-110.9568446","2023-03-01T18:48:28"
"1_3","32.2452191","-110.9568417","2023-03-01T18:48:35"
"1_3","32.2447058","-110.9568361","2023-03-01T18:48:37"
"1_3","32.2447064","-110.9567379","2023-03-01T18:49:02"
"1_3","32.2447153","-110.9553439","2023-03-01T18:49:11"
"1_3","32.2442023","-110.9553423","2023-03-01T18:49:11"
"1_3","32.244194","-110.9553419","2023-03-01T18:49:21"
"1_3","32.24368","-110.9553365","2023-03-01T18:49:46"
"1_3","32.2436873","-110.9539747","2023-03-01T18:49:47"
"1_3","32.2436911","-110.9539129","2023-03-01T18:49:47"
"1_3","32.2436732","-110.9539137","2023-03-01T18:49:47"
"1_3","32.243656","-110.9539078","2023-03-01T18:49:48"
"1_3","32.2436407","-110.9538949","2023-03-01T18:49:48"
"1_3","32.2436298","-110.9538768","2023-03-01T18:49:49"
"1_3","32.2436246","-110.9538554","2023-03-01T18:49:50"
"1_3","32.2435374","-110.953855","2023-03-01T18:49:57"
"1_3","32.2431541","-110.9538443","2023-03-01T18:50:07"
"1_3","32.2426315","-110.9538384","2023-03-01T18:50:16"
"1_3","32.2421319","-110.9538327","2023-03-01T18:50:25"
"1_3","32.2416148","-110.9538273","2023-03-01T18:50:33"
"1_3","32.2412104","-110.9538246","2023-03-01T18:50:35"
"1_3","32.2410999","-110.9538242","2023-03-01T18:50:44"
"1_3","32.2405986","-110.953818","2023-03-01T18:50:58"
"1_3","32.2406028","-110.9530489","2023-03-01T18:51:04"
"1_3","32.2406046","-110.9527149","2023-03-01T18:51:06"
"1_3","32.2406051","-110.9526182","2023-03-01T18:51:06"
"1_3","32.2406053","-110.952587","2023-03-01T18:51:06"
"1_3","32.2406053","-110.9525777","2023-03-01T18:51:07"
"1_3","32.2406054","-110.9525605","2023-03-01T18:51:07"
"1_3","32.2406077","-110.9525193","2023-03-01T18:51:08"
"1_3","32.2406124","-110.9524752","2023-03-01T18:51:09"
"1_3","32.24055","-110.9524746","2023-03-01T18:51:15"
"1_3","32.2401208","-110.952472","2023-03-01T18:51:22"
"1_3","32.2396101","-110.9524687","2023-03-01T18:51:28"
"1_3","32.2391227","-110.9524655","2023-03-01T18:51:35"
"1_3","32.2386279","-110.9524623","2023-03-01T18:51:44"
"1_3","32.2379845","-110.9524581","2023-03-01T18:51:52"
"1_3","32.23741","-110.952454","2023-03-01T18:51:52"
"1_3","32.2374031","-110.952454","2023-03-01T18:51:53"
"1_3","32.2373188","-110.9524538","2023-03-01T18:51:54"
"1_3","32.2372353","-110.9524517","2023-03-01T18:52:02"
"1_3","32.2366397","-110.9524492","2023-03-01T18:52:03"
"1_3","32.2366076","-110.9524491","2023-03-01T18:52:09"
"1_3","32.2361624","-110.9524459","2023-03-01T18:52:09"
"1_3","32.2361603","-110.952446","2023-03-01T18:52:10"
"1_3","32.2360618","-110.9524186","2023-03-01T18:52:12"
"1_3","32.2359803","-110.9523818","2023-03-01T18:52:13"
"1_3","32.2359033","-110.952347","2023-03-01T18:52:14"
"1_3","32.2358098","-110.9523454","2023-03-01T18:52:14"
"1_3","32.2357859","-110.9523447","2023-03-01T18:52:19"
"1_3","32.2354355","-110.9523415","2023-03-01T18:52:26"
"1_3","32.2349176","-110.9523347","2023-03-01T18:52:27"
"1_3","32.2348573","-110.9523348","2023-03-01T18:52:29"
"1_3","32.2348573","-110.9522464","2023-03-01T18:52:29"
"1_3","32.2348573","-110.952204","2023-03-01T18:52:32"
"1_3","32.2348573","-110.9520749","2023-03-01T18:52:35"
"1_3","32.2348572","-110.9518706","2023-03-01T18:52:37"
"1_3","32.2348572","-110.9518001","2023-03-01T18:52:52"
"1_3","32.2348571","-110.9509772","2023-03-01T18:52:53"
"1_3","32.2348571","-110.9508859","2023-03-01T18:52:54"
"1_3","32.2348575","-110.950848","2023-03-01T18:52:59"
"1_3","32.2348587","-110.9505625","2023-03-01T18:53:02"
"1_3","32.2348592","-110.950418","2023-03-01T18:53:06"
"1_3","32.2348602","-110.950182","2023-03-01T18:53:20"
"1_3","32.2348633","-110.9494217","2023-03-01T18:53:35"
"1_3","32.2348688","-110.9485855","2023-03-01T18:53:41"
"1_3","32.2348708","-110.9482726","2023-03-01T18:53:42"
"1_3","32.2348711","-110.9482288","2023-03-01T18:53:44"
"1_3","32.234872","-110.9480954","2023-03-01T18:53:46"
"1_3","32.2348723","-110.9480219","2023-03-01T18:53:46"
"1_3","32.2348725","-110.9479693","2023-03-01T18:53:59"
"1_3","32.2348751","-110.9472673","2023-03-01T18:54:01"
"1_3","32.2348756","-110.9471532","2023-03-01T18:54:07"
"1_3","32.2348768","-110.9468466","2023-03-01T18:54:08"
"1_3","32.2348773","-110.946771","2023-03-01T18:54:09"
"1_3","32.2348771","-110.9467311","2023-03-01T18:54:10"
"1_3","32.2348768","-110.946666","2023-03-01T18:54:12"
"1_3","32.2348772","-110.9465802","2023-03-01T18:54:21"
"1_3","32.2348798","-110.9460508","2023-03-01T18:54:24"
"1_3","32.2348806","-110.9458898","2023-03-01T18:54:28"
"1_3","32.2348817","-110.9456679","2023-03-01T18:54:36"
"1_3","32.2348837","-110.9452605","2023-03-01T18:54:44"
"1_3","32.2348848","-110.9448371","2023-03-01T18:54:49"
"1_3","32.2348875","-110.9445103","2023-03-01T18:54:52"
"1_3","32.2348888","-110.9443521","2023-03-01T18:54:54"
"1_3","32.2348894","-110.944277","2023-03-01T18:54:55"
"1_3","32.23489","-110.9441964","2023-03-01T18:54:57"
"1_3","32.2348908","-110.9440887","2023-03-01T18:55:04"
"1_3","32.2354803","-110.9441167","2023-03-01T18:55:05"
"1_3","32.2355965","-110.9441197","2023-03-01T18:55:06"
"1_3","32.2357311","-110.944124","2023-03-01T18:55:08"
"1_3","32.2358647","-110.944124","2023-03-01T18:55:08"
"1_3","32.2358721","-110.9441245","2023-03-01T18:55:08"
"1_3","32.2358925","-110.9441261","2023-03-01T18:55:09"
"1_3","32.2359942","-110.9441283","2023-03-01T18:55:10"
"1_3","32.2359816","-110.9440243","2023-03-01T18:55:11"
"1_3","32.2359824","-110.9439825","2023-03-01T18:55:12"
"1_3","32.2359849","-110.94386","2023-03-01T18:55:13"
"1_3","32.2358771","-110.9438584","2023-03-01T18:55:14"
"1_3","32.2358512","-110.943858","2023-03-01T18:55:18"
"1_3","32.23548","-110.9438702","2023-03-01T18:55:24"
"1_3","32.2348786","-110.9438847","2023-03-01T18:55:30"
"1_3","32.2343852","-110.9438917","2023-03-01T18:55:35"
"1_3","32.2338536","-110.9438842","2023-03-01T18:55:38"
"1_3","32.2336608","-110.9438843","2023-03-01T18:55:41"
"1_3","32.2333327","-110.9438846","2023-03-01T18:55:43"
"1_3","32.2331568","-110.9438848","2023-03-01T18:55:47"
"1_3","32.2328192","-110.9438851","2023-03-01T18:55:48"
"1_3","32.2328197","-110.9437957","2023-03-01T18:55:49"
"1_3","32.2328199","-110.9437706","2023-03-01T18:56:12"
"1_3","32.2328272","-110.9425013","2023-03-01T18:56:21"
"1_3","32.2323433","-110.9424924","2023-03-01T18:56:30"
"1_3","32.2318468","-110.942485","2023-03-01T18:56:31"
"1_3","32.2317758","-110.942482","2023-03-01T18:56:32"
"1_3","32.2317165","-110.94248","2023-03-01T18:56:40"
"1_3","32.2312799","-110.9424794","2023-03-01T18:56:46"
"1_3","32.2309703","-110.9424778","2023-03-01T18:56:55"
"1_3","32.2304638","-110.9424752","2023-03-01T18:57:04"
"1_3","32.2299726","-110.9424695","2023-03-01T18:57:10"
"1_3","32.22966","-110.9424658","2023-03-01T18:57:18"
"1_3","32.2291845","-110.9424603","2023-03-01T18:57:28"
"1_3","32.2286787","-110.9424581","2023-03-01T18:57:33"
"1_3","32.228359","-110.9424567","2023-03-01T18:57:40"
"1_3","32.2279797","-110.9424546","2023-03-01T18:57:41"
"1_3","32.2279652","-110.9424545","2023-03-01T18:57:42"
"1_3","32.2278607","-110.9424546","2023-03-01T18:57:44"
"1_3","32.2277703","-110.9424521","2023-03-01T18:57:44"
"1_3","32.2277496","-110.9424515","2023-03-01T18:57:52"
"1_3","32.2273424","-110.9424401","2023-03-01T18:57:57"
"1_3","32.2270439","-110.9424347","2023-03-01T18:58:05"
"1_3","32.2266222","-110.942427","2023-03-01T18:58:06"
"1_3","32.2265464","-110.9424256","2023-03-01T18:58:15"
"1_3","32.2260593","-110.9424362","2023-03-01T18:58:21"
"1_3","32.2257528","-110.9424366","2023-03-01T18:58:30"
"1_3","32.2252473","-110.9424206","2023-03-01T18:58:32"
"1_3","32.2251572","-110.9424205","2023-03-01T18:58:38"
"1_3","32.224785","-110.9424202","2023-03-01T18:58:44"
"1_3","32.2244791","-110.94242","2023-03-01T18:58:51"
"1_3","32.2240748","-110.9424196","2023-03-01T18:58:53"
"1_3","32.2239766","-110.9424195","2023-03-01T18:58:55"
"1_3","32.2239771","-110.9423395","2023-03-01T18:59:06"
"1_3","32.2239809","-110.9416954","2023-03-01T18:59:20"
"1_3","32.2239852","-110.940954","2023-03-01T18:59:22"
"1_3","32.2238939","-110.9409542","2023-03-01T18:59:29"
"1_3","32.2234937","-110.9409548","2023-03-01T18:59:34"
"1_3","32.2231836","-110.9409553","2023-03-01T18:59:42"
"1_3","32.2227794","-110.9409559","2023-03-01T18:59:44"
"1_3","32.2226852","-110.9409561","2023-03-01T18:59:45"
"1_3","32.2226858","-110.9408721","2023-03-01T18:59:46"
"1_3","32.2226863","-110.9408018","2023-03-01T19:00:09"
"1_3","32.222695","-110.939578","2023-03-01T19:00:10"
"1_3","32.222696","-110.939496","2023-03-01T19:00:13"
"1_3","32.2225539","-110.939496","2023-03-01T19:00:14"
"1_3","32.2224602","-110.939496","2023-03-01T19:00:17"
"1_3","32.22232","-110.9394965","2023-03-01T19:00:18"
"1_3","32.2222509","-110.9394958","2023-03-01T19:00:19"
"1_3","32.2222315","-110.939495","2023-03-01T19:00:19"
"1_3","32.2221937","-110.9394952","2023-03-01T19:00:20"
"1_3","32.2221371","-110.9394942","2023-03-01T19:00:21"
"1_3","32.2221187","-110.9394945","2023-03-01T19:00:21"
"1_3","32.2220758","-110.9394941","2023-03-01T19:00:30"
"1_3","32.2215843","-110.9394917","2023-03-01T19:00:34"
"1_3","32.2215764","-110.9391875","2023-03-01T19:00:34"
"2_0","32.2473151","-110.952519","2023-03-01T18:31:44"
"2_0","32.2468598","-110.952516","2023-03-01T18:31:44"
"2_0","32.2467927","-110.9525156","2023-03-01T18:31:51"
"2_0","32.2462801","-110.9525122","2023-03-01T18:31:58"
"2_0","32.2457621","-110.9525088","2023-03-01T18:32:06"
"2_0","32.2452474","-110.9525055","2023-03-01T18:32:12"
"2_0","32.2447993","-110.9525024","2023-03-01T18:32:13"
"2_0","32.2447312","-110.9525021","2023-03-01T18:32:14"
"2_0","32.2447306","-110.9525937","2023-03-01T18:32:15"
"2_0","32.2447304","-110.952618","2023-03-01T18:32:37"
"2_0","32.2447224","-110.9538569","2023-03-01T18:32:47"
"2_0","32.2442","-110.9538516","2023-03-01T18:32:53"
"2_0","32.2438781","-110.9538507","2023-03-01T18:32:55"
"2_0","32.2437351","-110.9538474","2023-03-01T18:32:55"
"2_0","32.2437355","-110.9538537","2023-03-01T18:32:56"
"2_0","32.2437312","-110.9538742","2023-03-01T18:32:56"
"2_0","32.2437216","-110.953892","2023-03-01T18:32:56"
"2_0","32.2437078","-110.9539054","2023-03-01T18:32:57"
"2_0","32.2436911","-110.9539129","2023-03-01T18:32:57"
"2_0","32.2436732","-110.9539137","2023-03-01T18:32:57"
"2_0","32.243656","-110.9539078","2023-03-01T18:32:58"
"2_0","32.2436407","-110.9538949","2023-03-01T18:32:58"
"2_0","32.2436298","-110.9538768","2023-03-01T18:32:59"
"2_0","32.2436246","-110.9538554","2023-03-01T18:33"
"2_0","32.2435374","-110.953855","2023-03-01T18:33:07"
"2_0","32.2431541","-110.9538443","2023-03-01T18:33:17"
"2_0","32.2426315","-110.9538384","2023-03-01T18:33:26"
"2_0","32.2421319","-110.9538327","2023-03-01T18:33:35"
"2_0","32.2416148","-110.9538273","2023-03-01T18:33:47"
"2_0","32.2416115","-110.9544687","2023-03-01T18:34:02"
"2_0","32.2416072","-110.9553157","2023-03-01T18:34:15"
"2_0","32.2416036","-110.9560205","2023-03-01T18:34:28"
"2_0","32.2416","-110.9567189","2023-03-01T18:34:29"
"2_0","32.2415995","-110.9568062","2023-03-01T18:34:33"
"2_0","32.2413157","-110.956806","2023-03-01T18:34:37"
"2_0","32.2410787","-110.9568065","2023-03-01T18:34:43"
"2_0","32.2405811","-110.9568062","2023-03-01T18:34:47"
"2_0","32.2402854","-110.9568019","2023-03-01T18:34:50"
"2_0","32.2400817","-110.9567995","2023-03-01T18:34:57"
"2_0","32.239587","-110.9567951","2023-03-01T18:34:58"
"2_0","32.2395864","-110.9568692","2023-03-01T18:34:59"
"2_0","32.2395862","-110.9569","2023-03-01T18:35:08"
"2_0","32.2395821","-110.9574096","2023-03-01T18:35:19"
"2_0","32.2395785","-110.9580182","2023-03-01T18:35:24"
"2_0","32.239577","-110.9582944","2023-03-01T18:35:28"
"2_0","32.239576","-110.9584872","2023-03-01T18:35:33"
"2_0","32.2395746","-110.9587487","2023-03-01T18:35:44"
"2_0","32.2395707","-110.9594007","2023-03-01T18:35:45"
"2_0","32.2395706","-110.9594142","2023-03-01T18:35:47"
"2_0","32.2395699","-110.9595353","2023-03-01T18:35:58"
"2_0","32.2385877","-110.9595263","2023-03-01T18:36"
"2_0","32.2385866","-110.9596508","2023-03-01T18:36"
"2_0","32.2385865","-110.9596623","2023-03-01T18:36:12"
"2_0","32.2385811","-110.9603011","2023-03-01T18:36:26"
"2_0","32.2385775","-110.9610719","2023-03-01T18:36:50"
"2_0","32.2372703","-110.9610664","2023-03-01T18:37:04"
"2_0","32.2372659","-110.9618412","2023-03-01T18:37:18"
"2_0","32.2372608","-110.9626122","2023-03-01T18:37:32"
"2_0","32.2372573","-110.9633729","2023-03-01T18:37:45"
"2_0","32.237253","-110.9641264","2023-03-01T18:37:59"
"2_0","32.2372487","-110.9648952","2023-03-01T18:38:11"
"2_0","32.2372449","-110.9655655","2023-03-01T18:38:12"
"2_0","32.2372447","-110.9656022","2023-03-01T18:38:12"
"2_0","32.237232","-110.9656029","2023-03-01T18:38:13"
"2_0","32.2372133","-110.9656113","2023-03-01T18:38:13"
"2_0","32.2371954","-110.9656287","2023-03-01T18:38:14"
"2_0","32.2371835","-110.9656526","2023-03-01T18:38:14"
"2_0","32.2371791","-110.9656799","2023-03-01T18:38:15"
"2_0","32.2371832","-110.965708","2023-03-01T18:38:15"
"2_0","32.237195","-110.9657321","2023-03-01T18:38:16"
"2_0","32.2372129","-110.9657499","2023-03-01T18:38:16"
"2_0","32.2372449","-110.9657593","2023-03-01T18:38:17"
"2_0","32.2372446","-110.9657994","2023-03-01T18:38:24"
"2_0","32.2372414","-110.9661676","2023-03-01T18:38:26"
"2_0","32.2372402","-110.9663113","2023-03-01T18:38:29"
"2_0","32.2372415","-110.9664444","2023-03-01T18:38:31"
"2_0","32.2372417","-110.9665903","2023-03-01T18:38:34"
"2_0","32.237242","-110.9667518","2023-03-01T18:38:43"
"2_0","32.2372427","-110.967212","2023-03-01T18:38:45"
"2_0","32.237118","-110.9672116","2023-03-01T18:38:56"
"2_0","32.2364905","-110.9672013","2023-03-01T18:39"
"2_0","32.2363141","-110.9672031","2023-03-01T18:39:02"
"2_0","32.2361755","-110.9672044","2023-03-01T18:39:05"
"2_0","32.2360363","-110.9672024","2023-03-01T18:39:05"
"2_0","32.2360227","-110.967201","2023-03-01T18:39:07"
"2_0","32.2359223","-110.9672018","2023-03-01T18:39:08"
"2_0","32.2358286","-110.967199","2023-03-01T18:39:09"
"2_0","32.2358183","-110.9671996","2023-03-01T18:39:11"
"2_0","32.2356946","-110.9671986","2023-03-01T18:39:16"
"2_0","32.2354381","-110.9671969","2023-03-01T18:39:21"
"2_0","32.2351347","-110.9671938","2023-03-01T18:39:23"
"2_0","32.2350299","-110.9671935","2023-03-01T18:39:28"
"2_0","32.2347536","-110.9671912","2023-03-01T18:39:37"
"2_0","32.2342508","-110.967187","2023-03-01T18:39:46"
"2_0","32.2337494","-110.9671851","2023-03-01T18:40:01"
"2_0","32.23295","-110.967174","2023-03-01T18:40:13"
"2_0","32.2322818","-110.9671712","2023-03-01T18:40:23"
"2_0","32.2317608","-110.9671685","2023-03-01T18:40:23"
"2_0","32.2317443","-110.9671685","2023-03-01T18:40:25"
"2_0","32.2316486","-110.9671686","2023-03-01T18:40:35"
"2_0","32.2316518","-110.966387","2023-03-01T18:40:37"
"2_0","32.2315589","-110.9663865","2023-03-01T18:40:37"
"2_0","32.2315321","-110.9663859","2023-03-01T18:40:46"
"2_0","32.2310825","-110.9663847","2023-03-01T18:40:49"
"2_0","32.2309184","-110.9663842","2023-03-01T18:40:50"
"2_0","32.2308372","-110.966384","2023-03-01T18:40:51"
"2_0","32.2307997","-110.9663838","2023-03-01T18:40:57"
"2_0","32.2304486","-110.9663824","2023-03-01T18:40:59"
"2_0","32.2303361","-110.9663827","2023-03-01T18:41:01"
"2_0","32.2302519","-110.9663814","2023-03-01T18:41:07"
"2_0","32.2299335","-110.9663787","2023-03-01T18:41:21"
"2_0","32.2291402","-110.9663738","2023-03-01T18:41:23"
"2_0","32.2290265","-110.966373","2023-03-01T18:41:25"
"2_0","32.2289426","-110.9663719","2023-03-01T18:41:34"
"2_0","32.228414","-110.966364","2023-03-01T18:41:37"
"2_0","32.2282768","-110.966362","2023-03-01T18:41:40"
"2_0","32.2281198","-110.9663599","2023-03-01T18:41:44"
"2_0","32.2278525","-110.9663562","2023-03-01T18:41:45"
"2_0","32.2278288","-110.9663563","2023-03-01T18:41:47"
"2_0","32.2277343","-110.9663556","2023-03-01T18:41:56"
"2_0","32.2277299","-110.9671269","2023-03-01T18:41:58"
"2_0","32.227633","-110.967127","2023-03-01T18:41:58"
"2_0","32.2276227","-110.9671272","2023-03-01T18:41:59"
"2_0","32.2275441","-110.9671281","2023-03-01T18:42:03"
"2_0","32.22737","-110.9671289","2023-03-01T18:42:05"
"2_0","32.2272437","-110.9671295","2023-03-01T18:42:08"
"2_0","32.2270777","-110.9671303","2023-03-01T18:42:08"
"2_0","32.2270737","-110.9671303","2023-03-01T18:42:20"
"2_0","32.2264203","-110.9671334","2023-03-01T18:42:22"
"2_0","32.2263174","-110.9671314","2023-03-01T18:42:22"
"2_0","32.2262868","-110.9671265","2023-03-01T18:42:23"
"2_0","32.2262355","-110.9671074","2023-03-01T18:42:23"
"2_0","32.2262297","-110.9671053","2023-03-01T18:42:24"
"2_0","32.2262212","-110.9671022","2023-03-01T18:42:24"
"2_0","32.2261884","-110.9670955","2023-03-01T18:42:25"
"2_0","32.2261487","-110.9670922","2023-03-01T18:42:26"
"2_0","32.2261098","-110.9670915","2023-03-01T18:42:27"
"2_0","32.226049","-110.9670905","2023-03-01T18:42:30"
"2_0","32.2258598","-110.9670872","2023-03-01T18:42:31"
"2_0","32.2258254","-110.9670866","2023-03-01T18:42:35"
"2_0","32.2256113","-110.9670828","2023-03-01T18:42:35"
"2_0","32.2255904","-110.9670815","2023-03-01T18:42:35"
"2_0","32.2255851","-110.9670812","2023-03-01T18:42:36"
"2_0","32.2255329","-110.9670756","2023-03-01T18:42:37"
"2_0","32.225509","-110.9670741","2023-03-01T18:42:40"
"2_0","32.225322","-110.9670697","2023-03-01T18:42:42"
"2_0","32.2252293","-110.9670675","2023-03-01T18:42:42"
"2_0","32.2252112","-110.9670631","2023-03-01T18:42:42"
"2_0","32.2251967","-110.9670541","2023-03-01T18:42:43"
"2_0","32.2251805","-110.967038","2023-03-01T18:42:43"
"2_0","32.2251653","-110.9670189","2023-03-01T18:42:44"
"2_0","32.2251492","-110.9669957","2023-03-01T18:42:45"
"2_0","32.2251194","-110.9669313","2023-03-01T18:42:46"
"2_0","32.2250965","-110.9669636","2023-03-01T18:42:46"
"2_0","32.2250744","-110.9669913","2023-03-01T18:42:47"
"2_0","32.2250325","-110.9670197","2023-03-01T18:42:48"
"2_0","32.2250079","-110.9670364","2023-03-01T18:42:50"
"2_0","32.2248951","-110.9670732","2023-03-01T18:42:52"
"2_0","32.2247766","-110.9670769","2023-03-01T18:42:55"
"2_0","32.2246643","-110.967003","2023-03-01T18:43:12"
"2_0","32.2240624","-110.966291","2023-03-01T18:43:15"
"2_0","32.2239354","-110.9661408","2023-03-01T18:43:16"
"2_0","32.2239129","-110.9661131","2023-03-01T18:43:16"
"2_0","32.2238965","-110.9660904","2023-03-01T18:43:17"
"2_0","32.2238793","-110.9660611","2023-03-01T18:43:17"
"2_0","32.2238678","-110.9660367","2023-03-01T18:43:18"
"2_0","32.2238585","-110.9660106","2023-03-01T18:43:19"
"2_0","32.223851","-110.9659766","2023-03-01T18:43:19"
"2_0","32.2238473","-110.9659442","2023-03-01T18:43:20"
"2_0","32.223846","-110.9659156","2023-03-01T18:43:20"
"2_0","32.2238457","-110.9658886","2023-03-01T18:43:23"
"2_0","32.2238447","-110.9657058","2023-03-01T18:43:24"
"2_0","32.2238454","-110.9656901","2023-03-01T18:43:24"
"2_0","32.2238455","-110.9656867","2023-03-01T18:43:24"
"2_0","32.2238482","-110.9656678","2023-03-01T18:43:24"
"2_0","32.2238521","-110.965651","2023-03-01T18:43:25"
"2_0","32.2238533","-110.9656417","2023-03-01T18:43:25"
"2_0","32.2238541","-110.9656348","2023-03-01T18:43:25"
"2_0","32.223855","-110.9656212","2023-03-01T18:43:26"
"2_0","32.2238536","-110.965579","2023-03-01T18:43:26"
"2_0","32.2238531","-110.9655463","2023-03-01T18:43:27"
"2_0","32.2238516","-110.9655351","2023-03-01T18:43:28"
"2_0","32.2238537","-110.9654812","2023-03-01T18:43:28"
"2_0","32.2238538","-110.9654769","2023-03-01T18:43:28"
"2_0","32.2238542","-110.9654429","2023-03-01T18:43:29"
"2_0","32.2238545","-110.965411","2023-03-01T18:43:30"
"2_0","32.2238543","-110.9653669","2023-03-01T18:43:30"
"2_0","32.2238524","-110.9653241","2023-03-01T18:43:32"
"2_0","32.2238468","-110.96523","2023-03-01T18:43:33"
"2_0","32.2238454","-110.9652055","2023-03-01T18:43:33"
"2_0","32.2238447","-110.9651822","2023-03-01T18:43:40"
"2_0","32.2238435","-110.9648254","2023-03-01T18:43:40"
"2_0","32.2238435","-110.9648077","2023-03-01T18:43:47"
"2_0","32.22347","-110.9648051","2023-03-01T18:43:59"
"2_0","32.2227971","-110.9648003","2023-03-01T18:44:06"
"2_0","32.2230137","-110.9651139","2023-03-01T18:44:07"
"2_0","32.2230698","-110.9651787","2023-03-01T18:44:14"
"2_0","32.2232995","-110.965461","2023-03-01T18:44:14"
"2_1","32.2473151","-110.952519","2023-03-01T18:08:28"
"2_1","32.2468598","-110.952516","2023-03-01T18:08:28"
"2_1","32.2467927","-110.9525156","2023-03-01T18:08:35"
"2_1","32.2462801","-110.9525122","2023-03-01T18:08:42"
"2_1","32.2457621","-110.9525088","2023-03-01T18:08:50"
"2_1","32.2452474","-110.9525055","2023-03-01T18:08:56"
"2_1","32.2447993","-110.9525024","2023-03-01T18:08:57"
"2_1","32.2447312","-110.9525021","2023-03-01T18:08:58"
"2_1","32.2447312","-110.952404","2023-03-01T18:08:59"
"2_1","32.2447313","-110.9523833","2023-03-01T18:09:19"
"2_1","32.2447386","-110.9512915","2023-03-01T18:09:28"
"2_1","32.2442263","-110.9512877","2023-03-01T18:09:37"
"2_1","32.2437481","-110.9512835","2023-03-01T18:09:37"
"2_1","32.243748","-110.9512869","2023-03-01T18:09:37"
"2_1","32.2437431","-110.9513017","2023-03-01T18:09:37"
"2_1","32.2437345","-110.9513139","2023-03-01T18:09:38"
"2_1","32.2437231","-110.9513222","2023-03-01T18:09:38"
"2_1","32.24371","-110.9513256","2023-03-01T18:09:38"
"2_1","32.2437071","-110.9513253","2023-03-01T18:09:38"
"2_1","32.2436967","-110.951324","2023-03-01T18:09:38"
"2_1","32.2436845","-110.9513173","2023-03-01T18:09:39"
"2_1","32.2436745","-110.9513061","2023-03-01T18:09:39"
"2_1","32.2436683","-110.9512916","2023-03-01T18:09:39"
"2_1","32.2436678","-110.9512873","2023-03-01T18:09:48"
"2_1","32.2431786","-110.9512799","2023-03-01T18:09:57"
"2_1","32.2426613","-110.9512761","2023-03-01T18:10:06"
"2_1","32.2421636","-110.9512724","2023-03-01T18:10:16"
"2_1","32.2416445","-110.9512686","2023-03-01T18:10:25"
"2_1","32.2411265","-110.9512647","2023-03-01T18:10:34"
"2_1","32.2406271","-110.951261","2023-03-01T18:10:43"
"2_1","32.2401282","-110.9512573","2023-03-01T18:10:53"
"2_1","32.239616","-110.9512535","2023-03-01T18:11:02"
"2_1","32.2391312","-110.9512499","2023-03-01T18:11:11"
"2_1","32.2386307","-110.9512462","2023-03-01T18:11:11"
"2_1","32.2386306","-110.9512821","2023-03-01T18:11:30"
"2_1","32.2386282","-110.9523329","2023-03-01T18:11:31"
"2_1","32.2386281","-110.9523645","2023-03-01T18:11:33"
"2_1","32.2386279","-110.9524623","2023-03-01T18:11:42"
"2_1","32.2379845","-110.9524581","2023-03-01T18:11:49"
"2_1","32.23741","-110.952454","2023-03-01T18:11:50"
"2_1","32.2374031","-110.952454","2023-03-01T18:11:51"
"2_1","32.2373188","-110.9524538","2023-03-01T18:11:52"
"2_1","32.2372353","-110.9524517","2023-03-01T18:12"
"2_1","32.2366397","-110.9524492","2023-03-01T18:12"
"2_1","32.2366076","-110.9524491","2023-03-01T18:12:06"
"2_1","32.2361624","-110.9524459","2023-03-01T18:12:07"
"2_1","32.2361603","-110.952446","2023-03-01T18:12:08"
"2_1","32.2360618","-110.9524186","2023-03-01T18:12:09"
"2_1","32.2359803","-110.9523818","2023-03-01T18:12:10"
"2_1","32.2359033","-110.952347","2023-03-01T18:12:12"
"2_1","32.2358098","-110.9523454","2023-03-01T18:12:12"
"2_1","32.2357859","-110.9523447","2023-03-01T18:12:17"
"2_1","32.2354355","-110.9523415","2023-03-01T18:12:24"
"2_1","32.2349176","-110.9523347","2023-03-01T18:12:25"
"2_1","32.2348573","-110.9523348","2023-03-01T18:12:26"
"2_1","32.2347448","-110.9523329","2023-03-01T18:12:31"
"2_1","32.2343516","-110.9523331","2023-03-01T18:12:32"
"2_1","32.2342797","-110.952333","2023-03-01T18:12:33"
"2_1","32.2342131","-110.952333","2023-03-01T18:12:36"
"2_1","32.2340204","-110.952333","2023-03-01T18:12:38"
"2_1","32.2338696","-110.952333","2023-03-01T18:12:39"
"2_1","32.2338315","-110.9523334","2023-03-01T18:12:39"
"2_1","32.2338122","-110.952333","2023-03-01T18:12:39"
"2_1","32.2337883","-110.9523574","2023-03-01T18:12:40"
"2_1","32.2337263","-110.952357","2023-03-01T18:12:40"
"2_1","32.2337164","-110.952357","2023-03-01T18:12:42"
"2_1","32.2336183","-110.9523577","2023-03-01T18:12:44"
"2_1","32.2334333","-110.9523594","2023-03-01T18:12:46"
"2_1","32.2333094","-110.9523603","2023-03-01T18:12:47"
"2_1","32.2332506","-110.9523612","2023-03-01T18:12:47"
"2_1","32.2332409","-110.9523845","2023-03-01T18:12:48"
"2_1","32.2332256","-110.9524031","2023-03-01T18:12:48"
"2_1","32.2332062","-110.9524152","2023-03-01T18:12:48"
"2_1","32.2331846","-110.9524196","2023-03-01T18:12:50"
"2_1","32.2331814","-110.9524895","2023-03-01T18:12:57"
"2_1","32.2331778","-110.9528786","2023-03-01T18:12:59"
"2_1","32.2331766","-110.9529822","2023-03-01T18:13:02"
"2_1","32.2331771","-110.9531405","2023-03-01T18:13:05"
"2_1","32.2331777","-110.953351","2023-03-01T18:13:14"
"2_1","32.2331664","-110.9538284","2023-03-01T18:13:16"
"2_1","32.2331462","-110.9539227","2023-03-01T18:13:25"
"2_1","32.2330302","-110.9544091","2023-03-01T18:13:31"
"2_1","32.2329429","-110.9547498","2023-03-01T18:13:36"
"2_1","32.2329293","-110.9550032","2023-03-01T18:13:38"
"2_1","32.2329372","-110.9551078","2023-03-01T18:13:44"
"2_1","32.2330064","-110.9554378","2023-03-01T18:13:49"
"2_1","32.2330336","-110.9556926","2023-03-01T18:13:53"
"2_1","32.2330212","-110.9559407","2023-03-01T18:13:57"
"2_1","32.2329815","-110.956174","2023-03-01T18:14:01"
"2_1","32.232992","-110.9563477","2023-03-01T18:14:04"
"2_1","32.2330076","-110.9565536","2023-03-01T18:14:06"
"2_1","32.2330056","-110.956644","2023-03-01T18:14:07"
"2_1","32.2330051","-110.9566847","2023-03-01T18:14:08"
"2_1","32.2330037","-110.9567344","2023-03-01T18:14:08"
"2_1","32.2330031","-110.9567647","2023-03-01T18:14:09"
"2_1","32.2330029","-110.9567836","2023-03-01T18:14:09"
"2_1","32.2329866","-110.9567834","2023-03-01T18:14:10"
"2_1","32.2329021","-110.9567826","2023-03-01T18:14:24"
"2_1","32.2318582","-110.9567777","2023-03-01T18:14:25"
"2_1","32.2318102","-110.9567746","2023-03-01T18:14:25"
"2_1","32.2318069","-110.9567747","2023-03-01T18:14:26"
"2_1","32.231695","-110.9567794","2023-03-01T18:14:28"
"2_1","32.231589","-110.956778","2023-03-01T18:14:43"
"2_1","32.2304673","-110.956766","2023-03-01T18:14:45"
"2_1","32.230367","-110.9567649","2023-03-01T18:14:46"
"2_1","32.2303675","-110.9568363","2023-03-01T18:14:47"
"2_1","32.2303685","-110.9568788","2023-03-01T18:14:47"
"2_1","32.2303687","-110.9568876","2023-03-01T18:15"
"2_1","32.2303744","-110.9576042","2023-03-01T18:15:06"
"2_1","32.2303751","-110.9579147","2023-03-01T18:15:08"
"2_1","32.2302467","-110.9579146","2023-03-01T18:15:17"
"2_1","32.2297288","-110.957912","2023-03-01T18:15:19"
"2_1","32.2296137","-110.9579095","2023-03-01T18:15:21"
"2_1","32.2295297","-110.9579097","2023-03-01T18:15:23"
"2_1","32.2294282","-110.95791","2023-03-01T18:15:28"
"2_1","32.2291618","-110.9579106","2023-03-01T18:15:28"
"2_1","32.229148","-110.9579104","2023-03-01T18:15:30"
"2_1","32.2290525","-110.9579092","2023-03-01T18:15:33"
"2_1","32.2288851","-110.9579073","2023-03-01T18:15:34"
"2_1","32.2288202","-110.9579082","2023-03-01T18:15:39"
"2_1","32.2285547","-110.9579072","2023-03-01T18:15:39"
"2_1","32.2285467","-110.9579072","2023-03-01T18:15:42"
"2_1","32.2283879","-110.9579064","2023-03-01T18:15:51"
"2_1","32.2279045","-110.9579031","2023-03-01T18:15:51"
"2_1","32.2278948","-110.9579036","2023-03-01T18:15:53"
"2_1","32.2277707","-110.9579038","2023-03-01T18:15:54"
"2_1","32.2277693","-110.9578025","2023-03-01T18:16"
"2_1","32.2277624","-110.9573033","2023-03-01T18:16:01"
"2_1","32.2277626","-110.9572367","2023-03-01T18:16:03"
"2_1","32.227763","-110.9570901","2023-03-01T18:16:08"
"2_1","32.2277643","-110.9566553","2023-03-01T18:16:09"
"2_1","32.2277644","-110.9566006","2023-03-01T18:16:11"
"2_1","32.2278277","-110.9564786","2023-03-01T18:16:12"
"2_1","32.2278905","-110.9564399","2023-03-01T18:16:12"
"2_1","32.227907","-110.9564289","2023-03-01T18:16:12"
"2_1","32.2279282","-110.9564166","2023-03-01T18:16:13"
"2_1","32.228002","-110.9564036","2023-03-01T18:16:14"
"2_1","32.2280565","-110.956391","2023-03-01T18:16:14"
"2_1","32.2280521","-110.9563882","2023-03-01T18:16:16"
"2_1","32.2279282","-110.9563282","2023-03-01T18:16:17"
"2_1","32.2278885","-110.9563003","2023-03-01T18:16:17"
"2_1","32.2278629","-110.9562825","2023-03-01T18:16:18"
"2_1","32.2278208","-110.9562398","2023-03-01T18:16:19"
"2_1","32.2277907","-110.9561879","2023-03-01T18:16:20"
"2_1","32.227766","-110.9560813","2023-03-01T18:16:34"
"2_1","32.2277694","-110.954916","2023-03-01T18:16:35"
"2_1","32.2277695","-110.9548733","2023-03-01T18:16:37"
"2_1","32.2276825","-110.9548673","2023-03-01T18:16:38"
"2_1","32.2275741","-110.9548601","2023-03-01T18:16:41"
"2_1","32.2274599","-110.9548332","2023-03-01T18:16:43"
"2_1","32.2273096","-110.9548226","2023-03-01T18:16:47"
"2_1","32.2271343","-110.9548222","2023-03-01T18:16:59"
"2_1","32.2264689","-110.9548205","2023-03-01T18:17:07"
"2_1","32.2259882","-110.9548193","2023-03-01T18:17:08"
"2_1","32.2259338","-110.9548191","2023-03-01T18:17:16"
"2_1","32.2255235","-110.9548181","2023-03-01T18:17:26"
"2_1","32.2249959","-110.9548167","2023-03-01T18:17:28"
"2_1","32.2248703","-110.9548158","2023-03-01T18:17:33"
"2_1","32.224562","-110.9548153","2023-03-01T18:17:36"
"2_1","32.2244232","-110.954815","2023-03-01T18:17:37"
"2_1","32.2243799","-110.954815","2023-03-01T18:17:40"
"2_1","32.2242131","-110.9548147","2023-03-01T18:17:46"
"2_1","32.2238646","-110.954814","2023-03-01T18:17:58"
"2_1","32.2231861","-110.9548121","2023-03-01T18:18:09"
"2_1","32.2226277","-110.9548103","2023-03-01T18:18:10"
"2_1","32.2225417","-110.9548105","2023-03-01T18:18:12"
"2_1","32.2225416","-110.9549005","2023-03-01T18:18:20"
"2_1","32.222541","-110.9553499","2023-03-01T18:18:21"
"2_1","32.2225409","-110.9554004","2023-03-01T18:18:23"
"2_1","32.2225407","-110.955523","2023-03-01T18:18:33"
"2_1","32.22254","-110.9560613","2023-03-01T18:18:38"
"2_1","32.2225379","-110.9563568","2023-03-01T18:18:44"
"2_1","32.2222249","-110.9563538","2023-03-01T18:18:50"
"2_1","32.2218837","-110.9563479","2023-03-01T18:18:50"
"2_2","32.2473151","-110.952519","2023-03-01T18:32:34"
"2_2","32.2468598","-110.952516","2023-03-01T18:32:34"
"2_2","32.2467927","-110.9525156","2023-03-01T18:32:41"
"2_2","32.2462801","-110.9525122","2023-03-01T18:32:48"
"2_2","32.2457621","-110.9525088","2023-03-01T18:32:56"
"2_2","32.2452474","-110.9525055","2023-03-01T18:33:02"
"2_2","32.2447993","-110.9525024","2023-03-01T18:33:03"
"2_2","32.2447312","-110.9525021","2023-03-01T18:33:04"
"2_2","32.2447312","-110.952404","2023-03-01T18:33:05"
"2_2","32.2447313","-110.9523833","2023-03-01T18:33:25"
"2_2","32.2447386","-110.9512915","2023-03-01T18:33:34"
"2_2","32.2442263","-110.9512877","2023-03-01T18:33:43"
"2_2","32.2437481","-110.9512835","2023-03-01T18:33:43"
"2_2","32.243748","-110.9512869","2023-03-01T18:33:43"
"2_2","32.2437431","-110.9513017","2023-03-01T18:33:43"
"2_2","32.2437345","-110.9513139","2023-03-01T18:33:44"
"2_2","32.2437231","-110.9513222","2023-03-01T18:33:44"
"2_2","32.24371","-110.9513256","2023-03-01T18:33:44"
"2_2","32.2437071","-110.9513253","2023-03-01T18:33:44"
"2_2","32.2436967","-110.951324","2023-03-01T18:33:44"
"2_2","32.2436845","-110.9513173","2023-03-01T18:33:45"
"2_2","32.2436745","-110.9513061","2023-03-01T18:33:45"
"2_2","32.2436683","-110.9512916","2023-03-01T18:33:45"
"2_2","32.2436678","-110.9512873","2023-03-01T18:33:54"
"2_2","32.2431786","-110.9512799","2023-03-01T18:34:03"
"2_2","32.2426613","-110.9512761","2023-03-01T18:34:12"
"2_2","32.2421636","-110.9512724","2023-03-01T18:34:22"
"2_2","32.2416445","-110.9512686","2023-03-01T18:34:31"
"2_2","32.2411265","-110.9512647","2023-03-01T18:34:40"
"2_2","32.2406271","-110.951261","2023-03-01T18:34:49"
"2_2","32.2401282","-110.9512573","2023-03-01T18:34:59"
"2_2","32.239616","-110.9512535","2023-03-01T18:35:08"
"2_2","32.2391312","-110.9512499","2023-03-01T18:35:17"
"2_2","32.2386307","-110.9512462","2023-03-01T18:35:17"
"2_2","32.2386306","-110.9512821","2023-03-01T18:35:36"
"2_2","32.2386282","-110.9523329","2023-03-01T18:35:37"
"2_2","32.2386281","-110.9523645","2023-03-01T18:35:39"
"2_2","32.2386279","-110.9524623","2023-03-01T18:35:48"
"2_2","32.2379845","-110.9524581","2023-03-01T18:35:55"
"2_2","32.23741","-110.952454","2023-03-01T18:35:56"
"2_2","32.2374031","-110.952454","2023-03-01T18:35:57"
"2_2","32.2373188","-110.9524538","2023-03-01T18:35:58"
"2_2","32.2372353","-110.9524517","2023-03-01T18:36:06"
"2_2","32.2366397","-110.9524492","2023-03-01T18:36:06"
"2_2","32.2366076","-110.9524491","2023-03-01T18:36:12"
"2_2","32.2361624","-110.9524459","2023-03-01T18:36:13"
"2_2","32.2361603","-110.952446","2023-03-01T18:36:14"
"2_2","32.2360618","-110.9524186","2023-03-01T18:36:15"
"2_2","32.2359803","-110.9523818","2023-03-01T18:36:16"
"2_2","32.2359033","-110.952347","2023-03-01T18:36:18"
"2_2","32.2358098","-110.9523454","2023-03-01T18:36:18"
"2_2","32.2357859","-110.9523447","2023-03-01T18:36:23"
"2_2","32.2354355","-110.9523415","2023-03-01T18:36:30"
"2_2","32.2349176","-110.9523347","2023-03-01T18:36:31"
"2_2","32.2348573","-110.9523348","2023-03-01T18:36:32"
"2_2","32.2347448","-110.9523329","2023-03-01T18:36:37"
"2_2","32.2343516","-110.9523331","2023-03-01T18:36:38"
"2_2","32.2342797","-110.952333","2023-03-01T18:36:39"
"2_2","32.2342131","-110.952333","2023-03-01T18:36:42"
"2_2","32.2340204","-110.952333","2023-03-01T18:36:44"
"2_2","32.2338696","-110.952333","2023-03-01T18:36:45"
"2_2","32.2338315","-110.9523334","2023-03-01T18:36:45"
"2_2","32.2338122","-110.952333","2023-03-01T18:36:45"
"2_2","32.2337883","-110.9523086","2023-03-01T18:36:46"
"2_2","32.2337207","-110.9523071","2023-03-01T18:36:46"
"2_2","32.2337162","-110.952307","2023-03-01T18:36:48"
"2_2","32.2335679","-110.9523044","2023-03-01T18:36:50"
"2_2","32.2334326","-110.9523029","2023-03-01T18:36:52"
"2_2","32.2333051","-110.9523031","2023-03-01T18:36:53"
"2_2","32.233248","-110.9523036","2023-03-01T18:36:53"
"2_2","32.2332368","-110.9522823","2023-03-01T18:36:54"
"2_2","32.2332206","-110.9522659","2023-03-01T18:36:54"
"2_2","32.233201","-110.9522559","2023-03-01T18:36:54"
"2_2","32.2331798","-110.9522534","2023-03-01T18:36:55"
"2_2","32.2331562","-110.9522597","2023-03-01T18:36:55"
"2_2","32.2331359","-110.9522751","2023-03-01T18:36:56"
"2_2","32.2331211","-110.9522978","2023-03-01T18:36:56"
"2_2","32.2331137","-110.952325","2023-03-01T18:36:56"
"2_2","32.2331138","-110.9523292","2023-03-01T18:36:57"
"2_2","32.2331145","-110.9523535","2023-03-01T18:36:57"
"2_2","32.2331235","-110.9523801","2023-03-01T18:36:58"
"2_2","32.2331395","-110.9524015","2023-03-01T18:36:58"
"2_2","32.2331607","-110.9524152","2023-03-01T18:36:59"
"2_2","32.2331846","-110.9524196","2023-03-01T18:37"
"2_2","32.2331814","-110.9524895","2023-03-01T18:37:07"
"2_2","32.2331778","-110.9528786","2023-03-01T18:37:09"
"2_2","32.2331766","-110.9529822","2023-03-01T18:37:12"
"2_2","32.2331771","-110.9531405","2023-03-01T18:37:16"
"2_2","32.2331777","-110.953351","2023-03-01T18:37:24"
"2_2","32.2331664","-110.9538284","2023-03-01T18:37:26"
"2_2","32.2331462","-110.9539227","2023-03-01T18:37:35"
"2_2","32.2330302","-110.9544091","2023-03-01T18:37:42"
"2_2","32.2329429","-110.9547498","2023-03-01T18:37:46"
"2_2","32.2329293","-110.9550032","2023-03-01T18:37:48"
"2_2","32.2329372","-110.9551078","2023-03-01T18:37:54"
"2_2","32.2330064","-110.9554378","2023-03-01T18:37:59"
"2_2","32.2330336","-110.9556926","2023-03-01T18:38:03"
"2_2","32.2330212","-110.9559407","2023-03-01T18:38:08"
"2_2","32.2329815","-110.956174","2023-03-01T18:38:11"
"2_2","32.232992","-110.9563477","2023-03-01T18:38:15"
"2_2","32.2330076","-110.9565536","2023-03-01T18:38:16"
"2_2","32.2330056","-110.956644","2023-03-01T18:38:17"
"2_2","32.2330051","-110.9566847","2023-03-01T18:38:18"
"2_2","32.2330037","-110.9567344","2023-03-01T18:38:19"
"2_2","32.2330031","-110.9567647","2023-03-01T18:38:19"
"2_2","32.2330029","-110.9567836","2023-03-01T18:38:19"
"2_2","32.2329866","-110.9567834","2023-03-01T18:38:20"
"2_2","32.2329021","-110.9567826","2023-03-01T18:38:35"
"2_2","32.2318582","-110.9567777","2023-03-01T18:38:35"
"2_2","32.2318102","-110.9567746","2023-03-01T18:38:35"
"2_2","32.2318069","-110.9567747","2023-03-01T18:38:37"
"2_2","32.231695","-110.9567794","2023-03-01T18:38:38"
"2_2","32.231589","-110.956778","2023-03-01T18:38:54"
"2_2","32.2304673","-110.956766","2023-03-01T18:38:55"
"2_2","32.230367","-110.9567649","2023-03-01T18:38:56"
"2_2","32.2302999","-110.9567641","2023-03-01T18:38:58"
"2_2","32.2301205","-110.9567619","2023-03-01T18:38:59"
"2_2","32.2300467","-110.9567618","2023-03-01T18:39"
"2_2","32.2299818","-110.9567618","2023-03-01T18:39:04"
"2_2","32.2297261","-110.9567652","2023-03-01T18:39:15"
"2_2","32.2288888","-110.9567635","2023-03-01T18:39:17"
"2_2","32.2287346","-110.9567692","2023-03-01T18:39:19"
"2_2","32.2286087","-110.9567356","2023-03-01T18:39:21"
"2_2","32.2284669","-110.9566331","2023-03-01T18:39:23"
"2_2","32.2283713","-110.9565552","2023-03-01T18:39:26"
"2_2","32.2281947","-110.9564196","2023-03-01T18:39:27"
"2_2","32.2281608","-110.9564055","2023-03-01T18:39:27"
"2_2","32.2281248","-110.9563988","2023-03-01T18:39:28"
"2_2","32.2280565","-110.956391","2023-03-01T18:39:28"
"2_2","32.2280521","-110.9563882","2023-03-01T18:39:30"
"2_2","32.2279282","-110.9563282","2023-03-01T18:39:31"
"2_2","32.2278885","-110.9563003","2023-03-01T18:39:31"
"2_2","32.2278629","-110.9562825","2023-03-01T18:39:32"
"2_2","32.2278208","-110.9562398","2023-03-01T18:39:33"
"2_2","32.2277907","-110.9561879","2023-03-01T18:39:34"
"2_2","32.227766","-110.9560813","2023-03-01T18:39:48"
"2_2","32.2277694","-110.954916","2023-03-01T18:39:49"
"2_2","32.2277695","-110.9548733","2023-03-01T18:39:50"
"2_2","32.2276825","-110.9548673","2023-03-01T18:39:52"
"2_2","32.2275741","-110.9548601","2023-03-01T18:39:55"
"2_2","32.2274599","-110.9548332","2023-03-01T18:39:57"
"2_2","32.2273096","-110.9548226","2023-03-01T18:40:01"
"2_2","32.2271343","-110.9548222","2023-03-01T18:40:13"
"2_2","32.2264689","-110.9548205","2023-03-01T18:40:21"
"2_2","32.2259882","-110.9548193","2023-03-01T18:40:22"
"2_2","32.2259338","-110.9548191","2023-03-01T18:40:30"
"2_2","32.2255235","-110.9548181","2023-03-01T18:40:39"
"2_2","32.2249959","-110.9548167","2023-03-01T18:40:44"
"2_2","32.2249962","-110.9545805","2023-03-01T18:40:47"
"2_2","32.2249973","-110.9543813","2023-03-01T18:41:08"
"2_2","32.224998","-110.9532508","2023-03-01T18:41:19"
"2_2","32.2244199","-110.9532474","2023-03-01T18:41:19"
"2_2","32.2243891","-110.9532501","2023-03-01T18:41:21"
"2_2","32.2242605","-110.9532504","2023-03-01T18:41:29"
"2_2","32.2238346","-110.9532479","2023-03-01T18:41:45"
"2_2","32.2238521","-110.9523611","2023-03-01T18:42:01"
"2_2","32.2238451","-110.9515268","2023-03-01T18:42:10"
"2_2","32.2238407","-110.9510039","2023-03-01T18:42:17"
"2_2","32.2233506","-110.9510045","2023-03-01T18:42:17"
"2_2","32.2232964","-110.9510046","2023-03-01T18:42:22"
"2_2","32.2229919","-110.9510049","2023-03-01T18:42:22"
"2_3","32.2473151","-110.952519","2023-03-01T18:12:37"
"2_3","32.2468598","-110.952516","2023-03-01T18:12:37"
"2_3","32.2467927","-110.9525156","2023-03-01T18:12:44"
"2_3","32.2462801","-110.9525122","2023-03-01T18:12:51"
"2_3","32.2457621","-110.9525088","2023-03-01T18:12:59"
"2_3","32.2452474","-110.9525055","2023-03-01T18:13:05"
"2_3","32.2447993","-110.9525024","2023-03-01T18:13:06"
"2_3","32.2447312","-110.9525021","2023-03-01T18:13:07"
"2_3","32.2447312","-110.952404","2023-03-01T18:13:08"
"2_3","32.2447313","-110.9523833","2023-03-01T18:13:28"
"2_3","32.2447386","-110.9512915","2023-03-01T18:13:37"
"2_3","32.2442263","-110.9512877","2023-03-01T18:13:46"
"2_3","32.2437481","-110.9512835","2023-03-01T18:13:46"
"2_3","32.243748","-110.9512869","2023-03-01T18:13:46"
"2_3","32.2437431","-110.9513017","2023-03-01T18:13:46"
"2_3","32.2437345","-110.9513139","2023-03-01T18:13:47"
"2_3","32.2437231","-110.9513222","2023-03-01T18:13:47"
"2_3","32.24371","-110.9513256","2023-03-01T18:13:47"
"2_3","32.2437071","-110.9513253","2023-03-01T18:13:47"
"2_3","32.2436967","-110.951324","2023-03-01T18:13:47"
"2_3","32.2436845","-110.9513173","2023-03-01T18:13:48"
"2_3","32.2436745","-110.9513061","2023-03-01T18:13:48"
"2_3","32.2436683","-110.9512916","2023-03-01T18:13:48"
"2_3","32.2436678","-110.9512873","2023-03-01T18:13:57"
"2_3","32.2431786","-110.9512799","2023-03-01T18:14:06"
"2_3","32.2426613","-110.9512761","2023-03-01T18:14:15"
"2_3","32.2421636","-110.9512724","2023-03-01T18:14:25"
"2_3","32.2416445","-110.9512686","2023-03-01T18:14:34"
"2_3","32.2411265","-110.9512647","2023-03-01T18:14:43"
"2_3","32.2406271","-110.951261","2023-03-01T18:14:52"
"2_3","32.2401282","-110.9512573","2023-03-01T18:15:02"
"2_3","32.239616","-110.9512535","2023-03-01T18:15:11"
"2_3","32.2391312","-110.9512499","2023-03-01T18:15:20"
"2_3","32.2386307","-110.9512462","2023-03-01T18:15:20"
"2_3","32.2386306","-110.9512821","2023-03-01T18:15:39"
"2_3","32.2386282","-110.9523329","2023-03-01T18:15:40"
"2_3","32.2386281","-110.9523645","2023-03-01T18:15:42"
"2_3","32.2386279","-110.9524623","2023-03-01T18:15:51"
"2_3","32.2379845","-110.9524581","2023-03-01T18:15:58"
"2_3","32.23741","-110.952454","2023-03-01T18:15:59"
"2_3","32.2374031","-110.952454","2023-03-01T18:16"
"2_3","32.2373188","-110.9524538","2023-03-01T18:16:01"
"2_3","32.2372353","-110.9524517","2023-03-01T18:16:09"
"2_3","32.2366397","-110.9524492","2023-03-01T18:16:09"
"2_3","32.2366076","-110.9524491","2023-03-01T18:16:15"
"2_3","32.2361624","-110.9524459","2023-03-01T18:16:16"
"2_3","32.2361603","-110.952446","2023-03-01T18:16:17"
"2_3","32.2360618","-110.9524186","2023-03-01T18:16:18"
"2_3","32.2359803","-110.9523818","2023-03-01T18:16:19"
"2_3","32.2359033","-110.952347","2023-03-01T18:16:21"
"2_3","32.2358098","-110.9523454","2023-03-01T18:16:21"
"2_3","32.2357859","-110.9523447","2023-03-01T18:16:26"
"2_3","32.2354355","-110.9523415","2023-03-01T18:16:33"
"2_3","32.2349176","-110.9523347","2023-03-01T18:16:34"
"2_3","32.2348573","-110.9523348","2023-03-01T18:16:35"
"2_3","32.2348573","-110.9522464","2023-03-01T18:16:36"
"2_3","32.2348573","-110.952204","2023-03-01T18:16:38"
"2_3","32.2348573","-110.9520749","2023-03-01T18:16:42"
"2_3","32.2348572","-110.9518706","2023-03-01T18:16:43"
"2_3","32.2348572","-110.9518001","2023-03-01T18:16:58"
"2_3","32.2348571","-110.9509772","2023-03-01T18:17"
"2_3","32.2348571","-110.9508859","2023-03-01T18:17:01"
"2_3","32.2348575","-110.950848","2023-03-01T18:17:06"
"2_3","32.2348587","-110.9505625","2023-03-01T18:17:08"
"2_3","32.2348592","-110.950418","2023-03-01T18:17:13"
"2_3","32.2348602","-110.950182","2023-03-01T18:17:27"
"2_3","32.2348633","-110.9494217","2023-03-01T18:17:42"
"2_3","32.2348688","-110.9485855","2023-03-01T18:17:48"
"2_3","32.2348708","-110.9482726","2023-03-01T18:17:48"
"2_3","32.2348711","-110.9482288","2023-03-01T18:17:51"
"2_3","32.234872","-110.9480954","2023-03-01T18:17:52"
"2_3","32.2348723","-110.9480219","2023-03-01T18:17:53"
"2_3","32.2348725","-110.9479693","2023-03-01T18:18:06"
"2_3","32.2348751","-110.9472673","2023-03-01T18:18:08"
"2_3","32.2348756","-110.9471532","2023-03-01T18:18:14"
"2_3","32.2348768","-110.9468466","2023-03-01T18:18:15"
"2_3","32.2348773","-110.946771","2023-03-01T18:18:16"
"2_3","32.2348771","-110.9467311","2023-03-01T18:18:17"
"2_3","32.2348768","-110.946666","2023-03-01T18:18:18"
"2_3","32.2348772","-110.9465802","2023-03-01T18:18:28"
"2_3","32.2348798","-110.9460508","2023-03-01T18:18:31"
"2_3","32.2348806","-110.9458898","2023-03-01T18:18:35"
"2_3","32.2348817","-110.9456679","2023-03-01T18:18:42"
"2_3","32.2348837","-110.9452605","2023-03-01T18:18:50"
"2_3","32.2348848","-110.9448371","2023-03-01T18:18:56"
"2_3","32.2348875","-110.9445103","2023-03-01T18:18:59"
"2_3","32.2348888","-110.9443521","2023-03-01T18:19"
"2_3","32.2348894","-110.944277","2023-03-01T18:19:02"
"2_3","32.23489","-110.9441964","2023-03-01T18:19:04"
"2_3","32.2348908","-110.9440887","2023-03-01T18:19:10"
"2_3","32.2354803","-110.9441167","2023-03-01T18:19:11"
"2_3","32.2355965","-110.9441197","2023-03-01T18:19:13"
"2_3","32.2357311","-110.944124","2023-03-01T18:19:14"
"2_3","32.2358647","-110.944124","2023-03-01T18:19:14"
"2_3","32.2358721","-110.9441245","2023-03-01T18:19:15"
"2_3","32.2358925","-110.9441261","2023-03-01T18:19:16"
"2_3","32.2359942","-110.9441283","2023-03-01T18:19:17"
"2_3","32.2359816","-110.9440243","2023-03-01T18:19:17"
"2_3","32.2359824","-110.9439825","2023-03-01T18:19:19"
"2_3","32.2359849","-110.94386","2023-03-01T18:19:20"
"2_3","32.2358771","-110.9438584","2023-03-01T18:19:20"
"2_3","32.2358512","-110.943858","2023-03-01T18:19:24"
"2_3","32.23548","-110.9438702","2023-03-01T18:19:31"
"2_3","32.2348786","-110.9438847","2023-03-01T18:19:36"
"2_3","32.2343852","-110.9438917","2023-03-01T18:19:42"
"2_3","32.2338536","-110.9438842","2023-03-01T18:19:44"
"2_3","32.2336608","-110.9438843","2023-03-01T18:19:48"
"2_3","32.2333327","-110.9438846","2023-03-01T18:19:50"
"2_3","32.2331568","-110.9438848","2023-03-01T18:19:53"
"2_3","32.2328192","-110.9438851","2023-03-01T18:19:55"
"2_3","32.2328197","-110.9437957","2023-03-01T18:19:55"
"2_3","32.2328199","-110.9437706","2023-03-01T18:20:19"
"2_3","32.2328272","-110.9425013","2023-03-01T18:20:27"
"2_3","32.2323433","-110.9424924","2023-03-01T18:20:36"
"2_3","32.2318468","-110.942485","2023-03-01T18:20:38"
"2_3","32.2317758","-110.942482","2023-03-01T18:20:39"
"2_3","32.2317165","-110.94248","2023-03-01T18:20:47"
"2_3","32.2312799","-110.9424794","2023-03-01T18:20:52"
"2_3","32.2309703","-110.9424778","2023-03-01T18:21:02"
"2_3","32.2304638","-110.9424752","2023-03-01T18:21:11"
"2_3","32.2299726","-110.9424695","2023-03-01T18:21:16"
"2_3","32.22966","-110.9424658","2023-03-01T18:21:25"
"2_3","32.2291845","-110.9424603","2023-03-01T18:21:34"
"2_3","32.2286787","-110.9424581","2023-03-01T18:21:40"
"2_3","32.228359","-110.9424567","2023-03-01T18:21:47"
"2_3","32.2279797","-110.9424546","2023-03-01T18:21:47"
"2_3","32.2279652","-110.9424545","2023-03-01T18:21:49"
"2_3","32.2278607","-110.9424546","2023-03-01T18:21:51"
"2_3","32.2277703","-110.9424521","2023-03-01T18:21:51"
"2_3","32.2277496","-110.9424515","2023-03-01T18:21:58"
"2_3","32.2273424","-110.9424401","2023-03-01T18:22:04"
"2_3","32.2270439","-110.9424347","2023-03-01T18:22:12"
"2_3","32.2266222","-110.942427","2023-03-01T18:22:13"
"2_3","32.2265464","-110.9424256","2023-03-01T18:22:22"
"2_3","32.2260593","-110.9424362","2023-03-01T18:22:27"
"2_3","32.2257528","-110.9424366","2023-03-01T18:22:37"
"2_3","32.2252473","-110.9424206","2023-03-01T18:22:38"
"2_3","32.2251572","-110.9424205","2023-03-01T18:22:45"
"2_3","32.224785","-110.9424202","2023-03-01T18:22:51"
"2_3","32.2244791","-110.94242","2023-03-01T18:22:58"
"2_3","32.2240748","-110.9424196","2023-03-01T18:23"
"2_3","32.2239766","-110.9424195","2023-03-01T18:23:01"
"2_3","32.2239771","-110.9423395","2023-03-01T18:23:13"
"2_3","32.2239809","-110.9416954","2023-03-01T18:23:26"
"2_3","32.2239852","-110.940954","2023-03-01T18:23:28"
"2_3","32.2238939","-110.9409542","2023-03-01T18:23:35"
"2_3","32.2234937","-110.9409548","2023-03-01T18:23:41"
"2_3","32.2231836","-110.9409553","2023-03-01T18:23:48"
"2_3","32.2227794","-110.9409559","2023-03-01T18:23:50"
"2_3","32.2226852","-110.9409561","2023-03-01T18:23:52"
"2_3","32.2226858","-110.9408721","2023-03-01T18:23:53"
"2_3","32.2226863","-110.9408018","2023-03-01T18:24:15"
"2_3","32.222695","-110.939578","2023-03-01T18:24:17"
"2_3","32.222696","-110.939496","2023-03-01T18:24:19"
"2_3","32.2225539","-110.939496","2023-03-01T18:24:21"
"2_3","32.2224602","-110.939496","2023-03-01T18:24:24"
"2_3","32.22232","-110.9394965","2023-03-01T18:24:25"
"2_3","32.2222509","-110.9394958","2023-03-01T18:24:25"
"2_3","32.2222315","-110.939495","2023-03-01T18:24:26"
"2_3","32.2221937","-110.9394952","2023-03-01T18:24:27"
"2_3","32.2221371","-110.9394942","2023-03-01T18:24:27"
"2_3","32.2221187","-110.9394945","2023-03-01T18:24:28"
"2_3","32.2220758","-110.9394941","2023-03-01T18:24:37"
"2_3","32.2215843","-110.9394917","2023-03-01T18:24:40"
"2_3","32.2215764","-110.9391875","2023-03-01T18:24:40"
"3_0","32.2466016","-110.9385437","2023-03-01T18:11"
"3_0","32.2474772","-110.9385537","2023-03-01T18:11:15"
"3_0","32.2483449","-110.9385622","2023-03-01T18:11:17"
"3_0","32.2484346","-110.9385635","2023-03-01T18:11:49"
"3_0","32.24842","-110.940348","2023-03-01T18:11:54"
"3_0","32.2484367","-110.9406193","2023-03-01T18:11:58"
"3_0","32.2484659","-110.9408216","2023-03-01T18:12:03"
"3_0","32.248541","-110.9411077","2023-03-01T18:12:10"
"3_0","32.2486974","-110.9414349","2023-03-01T18:12:14"
"3_0","32.2487913","-110.9416528","2023-03-01T18:12:19"
"3_0","32.2488852","-110.9418921","2023-03-01T18:12:23"
"3_0","32.2489248","-110.9421264","2023-03-01T18:12:29"
"3_0","32.2489454","-110.942407","2023-03-01T18:12:30"
"3_0","32.2489462","-110.942468","2023-03-01T18:12:30"
"3_0","32.2489573","-110.9424808","2023-03-01T18:12:31"
"3_0","32.2489688","-110.9425083","2023-03-01T18:12:31"
"3_0","32.248972","-110.9425387","2023-03-01T18:12:32"
"3_0","32.2489666","-110.9425687","2023-03-01T18:12:32"
"3_0","32.2489531","-110.9425949","2023-03-01T18:12:33"
"3_0","32.2489331","-110.9426144","2023-03-01T18:12:33"
"3_0","32.2489088","-110.942625","2023-03-01T18:12:34"
"3_0","32.2488829","-110.9426256","2023-03-01T18:12:34"
"3_0","32.2488588","-110.9426164","2023-03-01T18:12:34"
"3_0","32.2488522","-110.9426106","2023-03-01T18:12:36"
"3_0","32.2488548","-110.9426934","2023-03-01T18:12:58"
"3_0","32.2488582","-110.9438932","2023-03-01T18:12:59"
"3_0","32.2488585","-110.9439725","2023-03-01T18:13:01"
"3_0","32.2487223","-110.9439724","2023-03-01T18:13:02"
"3_0","32.2485484","-110.9439718","2023-03-01T18:13:06"
"3_0","32.2481937","-110.9439686","2023-03-01T18:13:08"
"3_0","32.2479965","-110.9439668","2023-03-01T18:13:10"
"3_0","32.2478875","-110.9439658","2023-03-01T18:13:17"
"3_0","32.2472117","-110.9439775","2023-03-01T18:13:17"
"3_0","32.2471828","-110.9439789","2023-03-01T18:13:18"
"3_0","32.2471661","-110.9439792","2023-03-01T18:13:21"
"3_0","32.2471655","-110.9441691","2023-03-01T18:13:23"
"3_0","32.2471669","-110.9442745","2023-03-01T18:13:26"
"3_0","32.2471691","-110.9444477","2023-03-01T18:13:28"
"3_0","32.2470831","-110.9444479","2023-03-01T18:13:32"
"3_0","32.2468469","-110.9444087","2023-03-01T18:13:34"
"3_0","32.2468462","-110.94451","2023-03-01T18:13:35"
"3_0","32.2468459","-110.9445536","2023-03-01T18:13:49"
"3_0","32.2468399","-110.9453533","2023-03-01T18:13:51"
"3_0","32.2468394","-110.9454489","2023-03-01T18:14:15"
"3_0","32.2468298","-110.9467576","2023-03-01T18:14:16"
"3_0","32.2468292","-110.9468435","2023-03-01T18:14:26"
"3_0","32.2463124","-110.9468375","2023-03-01T18:14:35"
"3_0","32.2457968","-110.946835","2023-03-01T18:15:29"
"3_0","32.2457759","-110.9498066","2023-03-01T18:15:39"
"3_0","32.2452622","-110.9498068","2023-03-01T18:15:48"
"3_0","32.2447463","-110.9498013","2023-03-01T18:15:57"
"3_0","32.2442301","-110.949795","2023-03-01T18:16:07"
"3_0","32.2437163","-110.9497933","2023-03-01T18:16:16"
"3_0","32.2431852","-110.9497864","2023-03-01T18:16:18"
"3_0","32.2430834","-110.9497849","2023-03-01T18:16:25"
"3_0","32.2427157","-110.9497823","2023-03-01T18:16:26"
"3_0","32.2426691","-110.949782","2023-03-01T18:16:35"
"3_0","32.2421674","-110.9497756","2023-03-01T18:16:44"
"3_0","32.2416549","-110.9497745","2023-03-01T18:16:54"
"3_0","32.2411372","-110.9497734","2023-03-01T18:16:55"
"3_0","32.2410822","-110.9497725","2023-03-01T18:17:03"
"3_0","32.2406354","-110.9497687","2023-03-01T18:17:30"
"3_0","32.2406271","-110.951261","2023-03-01T18:17:39"
"3_0","32.2401282","-110.9512573","2023-03-01T18:17:49"
"3_0","32.239616","-110.9512535","2023-03-01T18:17:55"
"3_0","32.2396142","-110.9516203","2023-03-01T18:18:03"
"3_0","32.239612","-110.9520649","2023-03-01T18:18:09"
"3_0","32.2396106","-110.952359","2023-03-01T18:18:09"
"3_0","32.2396105","-110.9523873","2023-03-01T18:18:11"
"3_0","32.2396101","-110.9524687","2023-03-01T18:18:12"
"3_0","32.2396096","-110.9525679","2023-03-01T18:18:13"
"3_0","32.2396094","-110.952592","2023-03-01T18:18:19"
"3_0","32.2396077","-110.9529141","2023-03-01T18:18:29"
"3_0","32.2396049","-110.9534532","2023-03-01T18:18:35"
"3_0","32.239603","-110.9538086","2023-03-01T18:18:58"
"3_0","32.2395957","-110.9550703","2023-03-01T18:19:02"
"3_0","32.2395944","-110.9553007","2023-03-01T18:19:08"
"3_0","32.2395929","-110.9556","2023-03-01T18:19:24"
"3_0","32.2395884","-110.9565108","2023-03-01T18:19:28"
"3_0","32.2395874","-110.956706","2023-03-01T18:19:28"
"3_0","32.2395873","-110.9567246","2023-03-01T18:19:29"
"3_0","32.239587","-110.9567951","2023-03-01T18:19:31"
"3_0","32.2395864","-110.9568692","2023-03-01T18:19:31"
"3_0","32.2395862","-110.9569","2023-03-01T18:19:41"
"3_0","32.2395821","-110.9574096","2023-03-01T18:19:52"
"3_0","32.2395785","-110.9580182","2023-03-01T18:19:57"
"3_0","32.239577","-110.9582944","2023-03-01T18:20"
"3_0","32.239576","-110.9584872","2023-03-01T18:20:05"
"3_0","32.2395746","-110.9587487","2023-03-01T18:20:17"
"3_0","32.2395707","-110.9594007","2023-03-01T18:20:17"
"3_0","32.2395706","-110.9594142","2023-03-01T18:20:19"
"3_0","32.2395699","-110.9595353","2023-03-01T18:20:30"
"3_0","32.2385877","-110.9595263","2023-03-01T18:20:32"
"3_0","32.2385866","-110.9596508","2023-03-01T18:20:33"
"3_0","32.2385865","-110.9596623","2023-03-01T18:20:44"
"3_0","32.2385811","-110.9603011","2023-03-01T18:20:58"
"3_0","32.2385775","-110.9610719","2023-03-01T18:21:22"
"3_0","32.2372703","-110.9610664","2023-03-01T18:21:36"
"3_0","32.2372659","-110.9618412","2023-03-01T18:21:50"
"3_0","32.2372608","-110.9626122","2023-03-01T18:22:04"
"3_0","32.2372573","-110.9633729","2023-03-01T18:22:18"
"3_0","32.237253","-110.9641264","2023-03-01T18:22:32"
"3_0","32.2372487","-110.9648952","2023-03-01T18:22:44"
"3_0","32.2372449","-110.9655655","2023-03-01T18:22:45"
"3_0","32.2372447","-110.9656022","2023-03-01T18:22:45"
"3_0","32.237232","-110.9656029","2023-03-01T18:22:45"
"3_0","32.2372133","-110.9656113","2023-03-01T18:22:46"
"3_0","32.2371954","-110.9656287","2023-03-01T18:22:46"
"3_0","32.2371835","-110.9656526","2023-03-01T18:22:47"
"3_0","32.2371791","-110.9656799","2023-03-01T18:22:47"
"3_0","32.2371832","-110.965708","2023-03-01T18:22:48"
"3_0","32.237195","-110.9657321","2023-03-01T18:22:48"
"3_0","32.2372129","-110.9657499","2023-03-01T18:22:49"
"3_0","32.2372449","-110.9657593","2023-03-01T18:22:49"
"3_0","32.2372446","-110.9657994","2023-03-01T18:22:56"
"3_0","32.2372414","-110.9661676","2023-03-01T18:22:59"
"3_0","32.2372402","-110.9663113","2023-03-01T18:23:01"
"3_0","32.2372415","-110.9664444","2023-03-01T18:23:04"
"3_0","32.2372417","-110.9665903","2023-03-01T18:23:07"
"3_0","32.237242","-110.9667518","2023-03-01T18:23:15"
"3_0","32.2372427","-110.967212","2023-03-01T18:23:17"
"3_0","32.237118","-110.9672116","2023-03-01T18:23:29"
"3_0","32.2364905","-110.9672013","2023-03-01T18:23:32"
"3_0","32.2363141","-110.9672031","2023-03-01T18:23:35"
"3_0","32.2361755","-110.9672044","2023-03-01T18:23:37"
"3_0","32.2360363","-110.9672024","2023-03-01T18:23:37"
"3_0","32.2360227","-110.967201","2023-03-01T18:23:39"
"3_0","32.2359223","-110.9672018","2023-03-01T18:23:41"
"3_0","32.2358286","-110.967199","2023-03-01T18:23:41"
"3_0","32.2358183","-110.9671996","2023-03-01T18:23:43"
"3_0","32.2356946","-110.9671986","2023-03-01T18:23:48"
"3_0","32.2354381","-110.9671969","2023-03-01T18:23:54"
"3_0","32.2351347","-110.9671938","2023-03-01T18:23:56"
"3_0","32.2350299","-110.9671935","2023-03-01T18:24:01"
"3_0","32.2347536","-110.9671912","2023-03-01T18:24:10"
"3_0","32.2342508","-110.967187","2023-03-01T18:24:19"
"3_0","32.2337494","-110.9671851","2023-03-01T18:24:33"
"3_0","32.23295","-110.967174","2023-03-01T18:24:46"
"3_0","32.2322818","-110.9671712","2023-03-01T18:24:55"
"3_0","32.2317608","-110.9671685","2023-03-01T18:24:55"
"3_0","32.2317443","-110.9671685","2023-03-01T18:24:57"
"3_0","32.2316486","-110.9671686","2023-03-01T18:25:08"
"3_0","32.2316518","-110.966387","2023-03-01T18:25:09"
"3_0","32.2315589","-110.9663865","2023-03-01T18:25:10"
"3_0","32.2315321","-110.9663859","2023-03-01T18:25:18"
"3_0","32.2310825","-110.9663847","2023-03-01T18:25:21"
"3_0","32.2309184","-110.9663842","2023-03-01T18:25:23"
"3_0","32.2308372","-110.966384","2023-03-01T18:25:23"
"3_0","32.2307997","-110.9663838","2023-03-01T18:25:30"
"3_0","32.2304486","-110.9663824","2023-03-01T18:25:32"
"3_0","32.2303361","-110.9663827","2023-03-01T18:25:33"
"3_0","32.2302519","-110.9663814","2023-03-01T18:25:39"
"3_0","32.2299335","-110.9663787","2023-03-01T18:25:54"
"3_0","32.2291402","-110.9663738","2023-03-01T18:25:56"
"3_0","32.2290265","-110.966373","2023-03-01T18:25:57"
"3_0","32.2289426","-110.9663719","2023-03-01T18:26:07"
"3_0","32.228414","-110.966364","2023-03-01T18:26:09"
"3_0","32.2282768","-110.966362","2023-03-01T18:26:12"
"3_0","32.2281198","-110.9663599","2023-03-01T18:26:17"
"3_0","32.2278525","-110.9663562","2023-03-01T18:26:17"
"3_0","32.2278288","-110.9663563","2023-03-01T18:26:19"
"3_0","32.2277343","-110.9663556","2023-03-01T18:26:29"
"3_0","32.2277299","-110.9671269","2023-03-01T18:26:30"
"3_0","32.227633","-110.967127","2023-03-01T18:26:30"
"3_0","32.2276227","-110.9671272","2023-03-01T18:26:32"
"3_0","32.2275441","-110.9671281","2023-03-01T18:26:35"
"3_0","32.22737","-110.9671289","2023-03-01T18:26:37"
"3_0","32.2272437","-110.9671295","2023-03-01T18:26:40"
"3_0","32.2270777","-110.9671303","2023-03-01T18:26:40"
"3_0","32.2270737","-110.9671303","2023-03-01T18:26:52"
"3_0","32.2264203","-110.9671334","2023-03-01T18:26:54"
"3_0","32.2263174","-110.9671314","2023-03-01T18:26:55"
"3_0","32.2262868","-110.9671265","2023-03-01T18:26:56"
"3_0","32.2262355","-110.9671074","2023-03-01T18:26:56"
"3_0","32.2262297","-110.9671053","2023-03-01T18:26:56"
"3_0","32.2262212","-110.9671022","2023-03-01T18:26:57"
"3_0","32.2261884","-110.9670955","2023-03-01T18:26:57"
"3_0","32.2261487","-110.9670922","2023-03-01T18:26:58"
"3_0","32.2261098","-110.9670915","2023-03-01T18:26:59"
"3_0","32.226049","-110.9670905","2023-03-01T18:27:03"
"3_0","32.2258598","-110.9670872","2023-03-01T18:27:03"
"3_0","32.2258254","-110.9670866","2023-03-01T18:27:07"
"3_0","32.2256113","-110.9670828","2023-03-01T18:27:08"
"3_0","32.2255904","-110.9670815","2023-03-01T18:27:08"
"3_0","32.2255851","-110.9670812","2023-03-01T18:27:09"
"3_0","32.2255329","-110.9670756","2023-03-01T18:27:09"
"3_0","32.225509","-110.9670741","2023-03-01T18:27:12"
"3_0","32.225322","-110.9670697","2023-03-01T18:27:14"
"3_0","32.2252293","-110.9670675","2023-03-01T18:27:14"
"3_0","32.2252112","-110.9670631","2023-03-01T18:27:15"
"3_0","32.2251967","-110.9670541","2023-03-01T18:27:15"
"3_0","32.2251805","-110.967038","2023-03-01T18:27:16"
"3_0","32.2251653","-110.9670189","2023-03-01T18:27:16"
"3_0","32.2251492","-110.9669957","2023-03-01T18:27:17"
"3_0","32.2251194","-110.9669313","2023-03-01T18:27:18"
"3_0","32.2250965","-110.9669636","2023-03-01T18:27:19"
"3_0","32.2250744","-110.9669913","2023-03-01T18:27:20"
"3_0","32.2250325","-110.9670197","2023-03-01T18:27:20"
"3_0","32.2250079","-110.9670364","2023-03-01T18:27:22"
"3_0","32.2248951","-110.9670732","2023-03-01T18:27:25"
"3_0","32.2247766","-110.9670769","2023-03-01T18:27:27"
"3_0","32.2246643","-110.967003","2023-03-01T18:27:44"
"3_0","32.2240624","-110.966291","2023-03-01T18:27:48"
"3_0","32.2239354","-110.9661408","2023-03-01T18:27:48"
"3_0","32.2239129","-110.9661131","2023-03-01T18:27:49"
"3_0","32.2238965","-110.9660904","2023-03-01T18:27:49"
"3_0","32.2238793","-110.9660611","2023-03-01T18:27:50"
"3_0","32.2238678","-110.9660367","2023-03-01T18:27:50"
"3_0","32.2238585","-110.9660106","2023-03-01T18:27:51"
"3_0","32.223851","-110.9659766","2023-03-01T18:27:52"
"3_0","32.2238473","-110.9659442","2023-03-01T18:27:52"
"3_0","32.223846","-110.9659156","2023-03-01T18:27:53"
"3_0","32.2238457","-110.9658886","2023-03-01T18:27:56"
"3_0","32.2238447","-110.9657058","2023-03-01T18:27:56"
"3_0","32.2238454","-110.9656901","2023-03-01T18:27:56"
"3_0","32.2238455","-110.9656867","2023-03-01T18:27:57"
"3_0","32.2238482","-110.9656678","2023-03-01T18:27:57"
"3_0","32.2238521","-110.965651","2023-03-01T18:27:57"
"3_0","32.2238533","-110.9656417","2023-03-01T18:27:57"
"3_0","32.2238541","-110.9656348","2023-03-01T18:27:58"
"3_0","32.223855","-110.9656212","2023-03-01T18:27:58"
"3_0","32.2238536","-110.965579","2023-03-01T18:27:59"
"3_0","32.2238531","-110.9655463","2023-03-01T18:27:59"
"3_0","32.2238516","-110.9655351","2023-03-01T18:28"
"3_0","32.2238537","-110.9654812","2023-03-01T18:28"
"3_0","32.2238538","-110.9654769","2023-03-01T18:28:01"
"3_0","32.2238542","-110.9654429","2023-03-01T18:28:01"
"3_0","32.2238545","-110.965411","2023-03-01T18:28:02"
"3_0","32.2238543","-110.9653669","2023-03-01T18:28:03"
"3_0","32.2238524","-110.9653241","2023-03-01T18:28:05"
"3_0","32.2238468","-110.96523","2023-03-01T18:28:05"
"3_0","32.2238454","-110.9652055","2023-03-01T18:28:06"
"3_0","32.2238447","-110.9651822","2023-03-01T18:28:12"
"3_0","32.2238435","-110.9648254","2023-03-01T18:28:12"
"3_0","32.2238435","-110.9648077","2023-03-01T18:28:19"
"3_0","32.22347","-110.9648051","2023-03-01T18:28:31"
"3_0","32.2227971","-110.9648003","2023-03-01T18:28:38"
"3_0","32.2230137","-110.9651139","2023-03-01T18:28:40"
"3_0","32.2230698","-110.9651787","2023-03-01T18:28:47"
"3_0","32.2232995","-110.965461","2023-03-01T18:28:47"
"3_1","32.2466016","-110.9385437","2023-03-01T18:09:10"
"3_1","32.2474772","-110.9385537","2023-03-01T18:09:25"
"3_1","32.2483449","-110.9385622","2023-03-01T18:09:27"
"3_1","32.2484346","-110.9385635","2023-03-01T18:09:59"
"3_1","32.24842","-110.940348","2023-03-01T18:10:04"
"3_1","32.2484367","-110.9406193","2023-03-01T18:10:08"
"3_1","32.2484659","-110.9408216","2023-03-01T18:10:13"
"3_1","32.248541","-110.9411077","2023-03-01T18:10:20"
"3_1","32.2486974","-110.9414349","2023-03-01T18:10:24"
"3_1","32.2487913","-110.9416528","2023-03-01T18:10:29"
"3_1","32.2488852","-110.9418921","2023-03-01T18:10:33"
"3_1","32.2489248","-110.9421264","2023-03-01T18:10:39"
"3_1","32.2489454","-110.942407","2023-03-01T18:10:40"
"3_1","32.2489462","-110.942468","2023-03-01T18:10:40"
"3_1","32.2489573","-110.9424808","2023-03-01T18:10:41"
"3_1","32.2489688","-110.9425083","2023-03-01T18:10:41"
"3_1","32.248972","-110.9425387","2023-03-01T18:10:42"
"3_1","32.2489666","-110.9425687","2023-03-01T18:10:42"
"3_1","32.2489531","-110.9425949","2023-03-01T18:10:43"
"3_1","32.2489331","-110.9426144","2023-03-01T18:10:43"
"3_1","32.2489088","-110.942625","2023-03-01T18:10:44"
"3_1","32.2488829","-110.9426256","2023-03-01T18:10:44"
"3_1","32.2488588","-110.9426164","2023-03-01T18:10:44"
"3_1","32.2488522","-110.9426106","2023-03-01T18:10:46"
"3_1","32.2488548","-110.9426934","2023-03-01T18:11:08"
"3_1","32.2488582","-110.9438932","2023-03-01T18:11:09"
"3_1","32.2488585","-110.9439725","2023-03-01T18:11:11"
"3_1","32.2487223","-110.9439724","2023-03-01T18:11:12"
"3_1","32.2485484","-110.9439718","2023-03-01T18:11:14"
"3_1","32.2485492","-110.9438911","2023-03-01T18:11:14"
"3_1","32.2485494","-110.9438718","2023-03-01T18:11:15"
"3_1","32.2485499","-110.94382","2023-03-01T18:11:17"
"3_1","32.248494","-110.9437516","2023-03-01T18:11:58"
"3_1","32.2462606","-110.9437416","2023-03-01T18:12:10"
"3_1","32.2455608","-110.9437375","2023-03-01T18:12:12"
"3_1","32.2454474","-110.9437368","2023-03-01T18:12:42"
"3_1","32.2438072","-110.9437328","2023-03-01T18:12:44"
"3_1","32.2437609","-110.9437907","2023-03-01T18:12:44"
"3_1","32.2437301","-110.9438294","2023-03-01T18:12:45"
"3_1","32.2437301","-110.9438657","2023-03-01T18:12:45"
"3_1","32.2437301","-110.9438816","2023-03-01T18:12:47"
"3_1","32.2437301","-110.9439586","2023-03-01T18:12:56"
"3_1","32.2428612","-110.943951","2023-03-01T18:12:57"
"3_1","32.2427913","-110.943951","2023-03-01T18:12:57"
"3_1","32.242769","-110.9439502","2023-03-01T18:12:57"
"3_1","32.2427629","-110.9439508","2023-03-01T18:12:58"
"3_1","32.2427312","-110.943949","2023-03-01T18:12:58"
"3_1","32.2426839","-110.9439492","2023-03-01T18:12:59"
"3_1","32.2426452","-110.943948","2023-03-01T18:12:59"
"3_1","32.2426007","-110.9439476","2023-03-01T18:12:59"
"3_1","32.242596","-110.943947","2023-03-01T18:12:59"
"3_1","32.2425882","-110.943947","2023-03-01T18:13:04"
"3_1","32.2421879","-110.9439347","2023-03-01T18:13:09"
"3_1","32.2416646","-110.9439183","2023-03-01T18:13:15"
"3_1","32.24116","-110.9439234","2023-03-01T18:13:16"
"3_1","32.2410837","-110.943922","2023-03-01T18:13:16"
"3_1","32.2410693","-110.943922","2023-03-01T18:13:17"
"3_1","32.2409831","-110.9439236","2023-03-01T18:13:20"
"3_1","32.2406506","-110.9439262","2023-03-01T18:13:22"
"3_1","32.2406509","-110.9438193","2023-03-01T18:13:23"
"3_1","32.2406517","-110.9437675","2023-03-01T18:13:34"
"3_1","32.2406614","-110.9431692","2023-03-01T18:13:45"
"3_1","32.240663","-110.9425982","2023-03-01T18:13:46"
"3_1","32.2406631","-110.942546","2023-03-01T18:13:49"
"3_1","32.2406661","-110.9423712","2023-03-01T18:13:52"
"3_1","32.2406625","-110.942202","2023-03-01T18:14:12"
"3_1","32.240673","-110.941086","2023-03-01T18:14:21"
"3_1","32.2401724","-110.9410717","2023-03-01T18:14:31"
"3_1","32.2396664","-110.9410754","2023-03-01T18:14:40"
"3_1","32.2391528","-110.9410724","2023-03-01T18:14:49"
"3_1","32.2386322","-110.9410833","2023-03-01T18:15:01"
"3_1","32.2379879","-110.9410686","2023-03-01T18:15:13"
"3_1","32.2373254","-110.9410605","2023-03-01T18:15:25"
"3_1","32.2366527","-110.9410592","2023-03-01T18:15:31"
"3_1","32.2363669","-110.9410578","2023-03-01T18:15:33"
"3_1","32.2362444","-110.941057","2023-03-01T18:15:33"
"3_1","32.2362239","-110.941057","2023-03-01T18:15:34"
"3_1","32.2361677","-110.9410575","2023-03-01T18:15:36"
"3_1","32.2360865","-110.9410562","2023-03-01T18:15:37"
"3_1","32.2359936","-110.9410547","2023-03-01T18:15:39"
"3_1","32.2359163","-110.9410533","2023-03-01T18:15:39"
"3_1","32.2359036","-110.9410532","2023-03-01T18:15:39"
"3_1","32.2358843","-110.9410534","2023-03-01T18:15:40"
"3_1","32.2358332","-110.941053","2023-03-01T18:15:45"
"3_1","32.2356032","-110.9410522","2023-03-01T18:15:45"
"3_1","32.2355685","-110.9410517","2023-03-01T18:15:47"
"3_1","32.2354869","-110.9410514","2023-03-01T18:15:49"
"3_1","32.2353606","-110.9410506","2023-03-01T18:15:57"
"3_1","32.2348981","-110.9410475","2023-03-01T18:16:07"
"3_1","32.2343799","-110.941048","2023-03-01T18:16:16"
"3_1","32.2338689","-110.941048","2023-03-01T18:16:26"
"3_1","32.2333522","-110.94104","2023-03-01T18:16:35"
"3_1","32.2328357","-110.9410323","2023-03-01T18:16:44"
"3_1","32.2323593","-110.9410326","2023-03-01T18:16:53"
"3_1","32.2318565","-110.941033","2023-03-01T18:16:54"
"3_1","32.2317789","-110.941033","2023-03-01T18:16:55"
"3_1","32.2317781","-110.941091","2023-03-01T18:17:19"
"3_1","32.2317758","-110.942421","2023-03-01T18:17:21"
"3_1","32.2317758","-110.942482","2023-03-01T18:17:22"
"3_1","32.2317165","-110.94248","2023-03-01T18:17:30"
"3_1","32.2312799","-110.9424794","2023-03-01T18:17:35"
"3_1","32.2309703","-110.9424778","2023-03-01T18:17:44"
"3_1","32.2304638","-110.9424752","2023-03-01T18:18:08"
"3_1","32.2304572","-110.9437686","2023-03-01T18:18:08"
"3_1","32.2304572","-110.9437812","2023-03-01T18:18:10"
"3_1","32.2304568","-110.943857","2023-03-01T18:18:15"
"3_1","32.2299808","-110.9438558","2023-03-01T18:18:18"
"3_1","32.2296599","-110.943855","2023-03-01T18:18:19"
"3_1","32.2295947","-110.9438548","2023-03-01T18:18:24"
"3_1","32.2291798","-110.9438496","2023-03-01T18:18:29"
"3_1","32.2286648","-110.9438246","2023-03-01T18:18:31"
"3_1","32.2285386","-110.9438185","2023-03-01T18:18:31"
"3_1","32.2285371","-110.9438186","2023-03-01T18:18:31"
"3_1","32.228474","-110.9438149","2023-03-01T18:18:33"
"3_1","32.2282741","-110.9438056","2023-03-01T18:18:37"
"3_1","32.2279759","-110.9438135","2023-03-01T18:18:37"
"3_1","32.227958","-110.943814","2023-03-01T18:18:38"
"3_1","32.2278428","-110.943815","2023-03-01T18:18:40"
"3_1","32.2278413","-110.943987","2023-03-01T18:18:42"
"3_1","32.2277304","-110.9439877","2023-03-01T18:18:42"
"3_1","32.227704","-110.9439878","2023-03-01T18:18:46"
"3_1","32.2273436","-110.9439906","2023-03-01T18:18:48"
"3_1","32.2271672","-110.9439912","2023-03-01T18:18:49"
"3_1","32.2270434","-110.9439928","2023-03-01T18:18:55"
"3_1","32.2265321","-110.9439966","2023-03-01T18:18:56"
"3_1","32.2265316","-110.9440804","2023-03-01T18:18:57"
"3_1","32.2265315","-110.9441047","2023-03-01T18:19:17"
"3_1","32.226525","-110.9452077","2023-03-01T18:19:43"
"3_1","32.2265166","-110.9466529","2023-03-01T18:19:52"
"3_1","32.2260246","-110.9466703","2023-03-01T18:20"
"3_1","32.2255671","-110.9466706","2023-03-01T18:20:09"
"3_1","32.2250944","-110.9466696","2023-03-01T18:20:25"
"3_1","32.2250905","-110.9475414","2023-03-01T18:20:30"
"3_1","32.225081","-110.947839","2023-03-01T18:20:35"
"3_1","32.2250556","-110.9480773","2023-03-01T18:20:37"
"3_1","32.2250441","-110.9481846","2023-03-01T18:20:42"
"3_1","32.2250176","-110.9484945","2023-03-01T18:20:51"
"3_1","32.2250206","-110.9489549","2023-03-01T18:21:01"
"3_1","32.2250208","-110.9495119","2023-03-01T18:21:01"
"3_1","32.2250207","-110.9495195","2023-03-01T18:21:11"
"3_1","32.2250126","-110.950069","2023-03-01T18:21:28"
"3_1","32.2250043","-110.9509872","2023-03-01T18:21:37"
"3_1","32.2250032","-110.9514901","2023-03-01T18:21:42"
"3_1","32.2250025","-110.9517979","2023-03-01T18:21:50"
"3_1","32.2250017","-110.9521959","2023-03-01T18:21:53"
"3_1","32.2250013","-110.9523664","2023-03-01T18:22:03"
"3_1","32.224425","-110.9523677","2023-03-01T18:22:05"
"3_1","32.224306","-110.952366","2023-03-01T18:22:14"
"3_1","32.2238521","-110.9523611","2023-03-01T18:22:30"
"3_1","32.2238346","-110.9532479","2023-03-01T18:22:58"
"3_1","32.2238646","-110.954814","2023-03-01T18:23:11"
"3_1","32.2231861","-110.9548121","2023-03-01T18:23:21"
"3_1","32.2226277","-110.9548103","2023-03-01T18:23:22"
"3_1","32.2225417","-110.9548105","2023-03-01T18:23:24"
"3_1","32.2225416","-110.9549005","2023-03-01T18:23:32"
"3_1","32.222541","-110.9553499","2023-03-01T18:23:33"
"3_1","32.2225409","-110.9554004","2023-03-01T18:23:35"
"3_1","32.2225407","-110.955523","2023-03-01T18:23:45"
"3_1","32.22254","-110.9560613","2023-03-01T18:23:51"
"3_1","32.2225379","-110.9563568","2023-03-01T18:23:56"
"3_1","32.2222249","-110.9563538","2023-03-01T18:24:02"
"3_1","32.2218837","-110.9563479","2023-03-01T18:24:02"
"3_2","32.2466016","-110.9385437","2023-03-01T18:32:58"
"3_2","32.2474772","-110.9385537","2023-03-01T18:33:13"
"3_2","32.2483449","-110.9385622","2023-03-01T18:33:15"
"3_2","32.2484346","-110.9385635","2023-03-01T18:33:47"
"3_2","32.24842","-110.940348","2023-03-01T18:33:52"
"3_2","32.2484367","-110.9406193","2023-03-01T18:33:56"
"3_2","32.2484659","-110.9408216","2023-03-01T18:34:01"
"3_2","32.248541","-110.9411077","2023-03-01T18:34:08"
"3_2","32.2486974","-110.9414349","2023-03-01T18:34:12"
"3_2","32.2487913","-110.9416528","2023-03-01T18:34:17"
"3_2","32.2488852","-110.9418921","2023-03-01T18:34:21"
"3_2","32.2489248","-110.9421264","2023-03-01T18:34:27"
"3_2","32.2489454","-110.942407","2023-03-01T18:34:28"
"3_2","32.2489462","-110.942468","2023-03-01T18:34:28"
"3_2","32.2489573","-110.9424808","2023-03-01T18:34:29"
"3_2","32.2489688","-110.9425083","2023-03-01T18:34:29"
"3_2","32.248972","-110.9425387","2023-03-01T18:34:30"
"3_2","32.2489666","-110.9425687","2023-03-01T18:34:30"
"3_2","32.2489531","-110.9425949","2023-03-01T18:34:31"
"3_2","32.2489331","-110.9426144","2023-03-01T18:34:31"
"3_2","32.2489088","-110.942625","2023-03-01T18:34:32"
"3_2","32.2488829","-110.9426256","2023-03-01T18:34:32"
"3_2","32.2488588","-110.9426164","2023-03-01T18:34:32"
"3_2","32.2488522","-110.9426106","2023-03-01T18:34:34"
"3_2","32.2488548","-110.9426934","2023-03-01T18:34:56"
"3_2","32.2488582","-110.9438932","2023-03-01T18:34:57"
"3_2","32.2488585","-110.9439725","2023-03-01T18:34:59"
"3_2","32.2487223","-110.9439724","2023-03-01T18:35"
"3_2","32.2485484","-110.9439718","2023-03-01T18:35:02"
"3_2","32.2485492","-110.9438911","2023-03-01T18:35:02"
"3_2","32.2485494","-110.9438718","2023-03-01T18:35:03"
"3_2","32.2485499","-110.94382","2023-03-01T18:35:05"
"3_2","32.248494","-110.9437516","2023-03-01T18:35:46"
"3_2","32.2462606","-110.9437416","2023-03-01T18:35:58"
"3_2","32.2455608","-110.9437375","2023-03-01T18:36"
"3_2","32.2454474","-110.9437368","2023-03-01T18:36:30"
"3_2","32.2438072","-110.9437328","2023-03-01T18:36:32"
"3_2","32.2437609","-110.9437907","2023-03-01T18:36:32"
"3_2","32.2437301","-110.9438294","2023-03-01T18:36:33"
"3_2","32.2437301","-110.9438657","2023-03-01T18:36:33"
"3_2","32.2437301","-110.9438816","2023-03-01T18:36:35"
"3_2","32.2437301","-110.9439586","2023-03-01T18:36:44"
"3_2","32.2428612","-110.943951","2023-03-01T18:36:45"
"3_2","32.2427913","-110.943951","2023-03-01T18:36:45"
"3_2","32.242769","-110.9439502","2023-03-01T18:36:45"
"3_2","32.2427629","-110.9439508","2023-03-01T18:36:46"
"3_2","32.2427312","-110.943949","2023-03-01T18:36:46"
"3_2","32.2426839","-110.9439492","2023-03-01T18:36:47"
"3_2","32.2426452","-110.943948","2023-03-01T18:36:47"
"3_2","32.2426007","-110.9439476","2023-03-01T18:36:47"
"3_2","32.242596","-110.943947","2023-03-01T18:36:47"
"3_2","32.2425882","-110.943947","2023-03-01T18:36:52"
"3_2","32.2421879","-110.9439347","2023-03-01T18:36:57"
"3_2","32.2416646","-110.9439183","2023-03-01T18:37:03"
"3_2","32.24116","-110.9439234","2023-03-01T18:37:04"
"3_2","32.2410837","-110.943922","2023-03-01T18:37:04"
"3_2","32.2410693","-110.943922","2023-03-01T18:37:05"
"3_2","32.2409831","-110.9439236","2023-03-01T18:37:08"
"3_2","32.2406506","-110.9439262","2023-03-01T18:37:10"
"3_2","32.2406509","-110.9438193","2023-03-01T18:37:11"
"3_2","32.2406517","-110.9437675","2023-03-01T18:37:22"
"3_2","32.2406614","-110.9431692","2023-03-01T18:37:33"
"3_2","32.240663","-110.9425982","2023-03-01T18:37:34"
"3_2","32.2406631","-110.942546","2023-03-01T18:37:37"
"3_2","32.2406661","-110.9423712","2023-03-01T18:37:40"
"3_2","32.2406625","-110.942202","2023-03-01T18:38"
"3_2","32.240673","-110.941086","2023-03-01T18:38:09"
"3_2","32.2401724","-110.9410717","2023-03-01T18:38:19"
"3_2","32.2396664","-110.9410754","2023-03-01T18:38:28"
"3_2","32.2391528","-110.9410724","2023-03-01T18:38:37"
"3_2","32.2386322","-110.9410833","2023-03-01T18:38:49"
"3_2","32.2379879","-110.9410686","2023-03-01T18:39:01"
"3_2","32.2373254","-110.9410605","2023-03-01T18:39:13"
"3_2","32.2366527","-110.9410592","2023-03-01T18:39:19"
"3_2","32.2363669","-110.9410578","2023-03-01T18:39:21"
"3_2","32.2362444","-110.941057","2023-03-01T18:39:21"
"3_2","32.2362239","-110.941057","2023-03-01T18:39:22"
"3_2","32.2361677","-110.9410575","2023-03-01T18:39:24"
"3_2","32.2360865","-110.9410562","2023-03-01T18:39:25"
"3_2","32.2359936","-110.9410547","2023-03-01T18:39:27"
"3_2","32.2359163","-110.9410533","2023-03-01T18:39:27"
"3_2","32.2359036","-110.9410532","2023-03-01T18:39:27"
"3_2","32.2358843","-110.9410534","2023-03-01T18:39:28"
"3_2","32.2358332","-110.941053","2023-03-01T18:39:33"
"3_2","32.2356032","-110.9410522","2023-03-01T18:39:33"
"3_2","32.2355685","-110.9410517","2023-03-01T18:39:35"
"3_2","32.2354869","-110.9410514","2023-03-01T18:39:37"
"3_2","32.2353606","-110.9410506","2023-03-01T18:39:45"
"3_2","32.2348981","-110.9410475","2023-03-01T18:39:55"
"3_2","32.2343799","-110.941048","2023-03-01T18:40:04"
"3_2","32.2338689","-110.941048","2023-03-01T18:40:14"
"3_2","32.2333522","-110.94104","2023-03-01T18:40:23"
"3_2","32.2328357","-110.9410323","2023-03-01T18:40:32"
"3_2","32.2323593","-110.9410326","2023-03-01T18:40:41"
"3_2","32.2318565","-110.941033","2023-03-01T18:40:42"
"3_2","32.2317789","-110.941033","2023-03-01T18:40:43"
"3_2","32.2317781","-110.941091","2023-03-01T18:41:07"
"3_2","32.2317758","-110.942421","2023-03-01T18:41:09"
"3_2","32.2317758","-110.942482","2023-03-01T18:41:10"
"3_2","32.2317165","-110.94248","2023-03-01T18:41:18"
"3_2","32.2312799","-110.9424794","2023-03-01T18:41:23"
"3_2","32.2309703","-110.9424778","2023-03-01T18:41:32"
"3_2","32.2304638","-110.9424752","2023-03-01T18:41:56"
"3_2","32.2304572","-110.9437686","2023-03-01T18:41:56"
"3_2","32.2304572","-110.9437812","2023-03-01T18:41:58"
"3_2","32.2304568","-110.943857","2023-03-01T18:42:03"
"3_2","32.2299808","-110.9438558","2023-03-01T18:42:06"
"3_2","32.2296599","-110.943855","2023-03-01T18:42:07"
"3_2","32.2295947","-110.9438548","2023-03-01T18:42:12"
"3_2","32.2291798","-110.9438496","2023-03-01T18:42:17"
"3_2","32.2286648","-110.9438246","2023-03-01T18:42:19"
"3_2","32.2285386","-110.9438185","2023-03-01T18:42:19"
"3_2","32.2285371","-110.9438186","2023-03-01T18:42:19"
"3_2","32.228474","-110.9438149","2023-03-01T18:42:21"
"3_2","32.2282741","-110.9438056","2023-03-01T18:42:25"
"3_2","32.2279759","-110.9438135","2023-03-01T18:42:25"
"3_2","32.227958","-110.943814","2023-03-01T18:42:26"
"3_2","32.2278428","-110.943815","2023-03-01T18:42:28"
"3_2","32.2278413","-110.943987","2023-03-01T18:42:30"
"3_2","32.2277304","-110.9439877","2023-03-01T18:42:30"
"3_2","32.227704","-110.9439878","2023-03-01T18:42:34"
"3_2","32.2273436","-110.9439906","2023-03-01T18:42:36"
"3_2","32.2271672","-110.9439912","2023-03-01T18:42:37"
"3_2","32.2270434","-110.9439928","2023-03-01T18:42:43"
"3_2","32.2265321","-110.9439966","2023-03-01T18:42:44"
"3_2","32.2265316","-110.9440804","2023-03-01T18:42:45"
"3_2","32.2265315","-110.9441047","2023-03-01T18:43:05"
"3_2","32.226525","-110.9452077","2023-03-01T18:43:31"
"3_2","32.2265166","-110.9466529","2023-03-01T18:43:40"
"3_2","32.2260246","-110.9466703","2023-03-01T18:43:48"
"3_2","32.2255671","-110.9466706","2023-03-01T18:43:57"
"3_2","32.2250944","-110.9466696","2023-03-01T18:44:13"
"3_2","32.2250905","-110.9475414","2023-03-01T18:44:18"
"3_2","32.225081","-110.947839","2023-03-01T18:44:23"
"3_2","32.2250556","-110.9480773","2023-03-01T18:44:25"
"3_2","32.2250441","-110.9481846","2023-03-01T18:44:30"
"3_2","32.2250176","-110.9484945","2023-03-01T18:44:39"
"3_2","32.2250206","-110.9489549","2023-03-01T18:44:49"
"3_2","32.2250208","-110.9495119","2023-03-01T18:44:49"
"3_2","32.2250207","-110.9495195","2023-03-01T18:44:50"
"3_2","32.2249709","-110.949524","2023-03-01T18:44:59"
"3_2","32.2244768","-110.9495299","2023-03-01T18:45:10"
"3_2","32.2238571","-110.9495282","2023-03-01T18:45:15"
"3_2","32.2238544","-110.9497741","2023-03-01T18:45:22"
"3_2","32.2238496","-110.9502031","2023-03-01T18:45:37"
"3_2","32.2238407","-110.9510039","2023-03-01T18:45:44"
"3_2","32.2233506","-110.9510045","2023-03-01T18:45:44"
"3_2","32.2232964","-110.9510046","2023-03-01T18:45:49"
"3_2","32.2229919","-110.9510049","2023-03-01T18:45:49"
"3_3","32.2466016","-110.9385437","2023-03-01T18:14:23"
"3_3","32.2474772","-110.9385537","2023-03-01T18:14:38"
"3_3","32.2483449","-110.9385622","2023-03-01T18:14:40"
"3_3","32.2484346","-110.9385635","2023-03-01T18:15:12"
"3_3","32.24842","-110.940348","2023-03-01T18:15:17"
"3_3","32.2484367","-110.9406193","2023-03-01T18:15:21"
"3_3","32.2484659","-110.9408216","2023-03-01T18:15:26"
"3_3","32.248541","-110.9411077","2023-03-01T18:15:33"
"3_3","32.2486974","-110.9414349","2023-03-01T18:15:37"
"3_3","32.2487913","-110.9416528","2023-03-01T18:15:42"
"3_3","32.2488852","-110.9418921","2023-03-01T18:15:46"
"3_3","32.2489248","-110.9421264","2023-03-01T18:15:52"
"3_3","32.2489454","-110.942407","2023-03-01T18:15:53"
"3_3","32.2489462","-110.942468","2023-03-01T18:15:53"
"3_3","32.2489573","-110.9424808","2023-03-01T18:15:54"
"3_3","32.2489688","-110.9425083","2023-03-01T18:15:54"
"3_3","32.248972","-110.9425387","2023-03-01T18:15:55"
"3_3","32.2489666","-110.9425687","2023-03-01T18:15:55"
"3_3","32.2489531","-110.9425949","2023-03-01T18:15:56"
"3_3","32.2489331","-110.9426144","2023-03-01T18:15:56"
"3_3","32.2489088","-110.942625","2023-03-01T18:15:57"
"3_3","32.2488829","-110.9426256","2023-03-01T18:15:57"
"3_3","32.2488588","-110.9426164","2023-03-01T18:15:57"
"3_3","32.2488522","-110.9426106","2023-03-01T18:15:59"
"3_3","32.2488548","-110.9426934","2023-03-01T18:16:21"
"3_3","32.2488582","-110.9438932","2023-03-01T18:16:22"
"3_3","32.2488585","-110.9439725","2023-03-01T18:16:24"
"3_3","32.2487223","-110.9439724","2023-03-01T18:16:25"
"3_3","32.2485484","-110.9439718","2023-03-01T18:16:27"
"3_3","32.2485492","-110.9438911","2023-03-01T18:16:27"
"3_3","32.2485494","-110.9438718","2023-03-01T18:16:28"
"3_3","32.2485499","-110.94382","2023-03-01T18:16:30"
"3_3","32.248494","-110.9437516","2023-03-01T18:17:11"
"3_3","32.2462606","-110.9437416","2023-03-01T18:17:23"
"3_3","32.2455608","-110.9437375","2023-03-01T18:17:25"
"3_3","32.2454474","-110.9437368","2023-03-01T18:17:55"
"3_3","32.2438072","-110.9437328","2023-03-01T18:17:57"
"3_3","32.2437609","-110.9437907","2023-03-01T18:17:57"
"3_3","32.2437301","-110.9438294","2023-03-01T18:17:58"
"3_3","32.2437301","-110.9438657","2023-03-01T18:17:58"
"3_3","32.2437301","-110.9438816","2023-03-01T18:18"
"3_3","32.2437301","-110.9439586","2023-03-01T18:18:09"
"3_3","32.2428612","-110.943951","2023-03-01T18:18:10"
"3_3","32.2427913","-110.943951","2023-03-01T18:18:10"
"3_3","32.242769","-110.9439502","2023-03-01T18:18:10"
"3_3","32.2427629","-110.9439508","2023-03-01T18:18:11"
"3_3","32.2427312","-110.943949","2023-03-01T18:18:11"
"3_3","32.2426839","-110.9439492","2023-03-01T18:18:12"
"3_3","32.2426452","-110.943948","2023-03-01T18:18:12"
"3_3","32.2426007","-110.9439476","2023-03-01T18:18:12"
"3_3","32.242596","-110.943947","2023-03-01T18:18:12"
"3_3","32.2425882","-110.943947","2023-03-01T18:18:17"
"3_3","32.2421879","-110.9439347","2023-03-01T18:18:22"
"3_3","32.2416646","-110.9439183","2023-03-01T18:18:28"
"3_3","32.24116","-110.9439234","2023-03-01T18:18:29"
"3_3","32.2410837","-110.943922","2023-03-01T18:18:29"
"3_3","32.2410693","-110.943922","2023-03-01T18:18:30"
"3_3","32.2409831","-110.9439236","2023-03-01T18:18:33"
"3_3","32.2406506","-110.9439262","2023-03-01T18:18:44"
"3_3","32.239648","-110.9439151","2023-03-01T18:18:50"
"3_3","32.239154","-110.9439104","2023-03-01T18:18:55"
"3_3","32.2386588","-110.9439057","2023-03-01T18:18:56"
"3_3","32.2386585","-110.9438362","2023-03-01T18:18:58"
"3_3","32.2386584","-110.943763","2023-03-01T18:19:03"
"3_3","32.2386575","-110.9434625","2023-03-01T18:19:07"
"3_3","32.2386569","-110.9432565","2023-03-01T18:19:20"
"3_3","32.2386549","-110.9425398","2023-03-01T18:19:32"
"3_3","32.2380106","-110.942525","2023-03-01T18:19:44"
"3_3","32.2373424","-110.9425237","2023-03-01T18:19:56"
"3_3","32.2366831","-110.942505","2023-03-01T18:19:58"
"3_3","32.2365619","-110.9425066","2023-03-01T18:20:01"
"3_3","32.236389","-110.9425098","2023-03-01T18:20:04"
"3_3","32.2362474","-110.9425115","2023-03-01T18:20:04"
"3_3","32.2362261","-110.9425121","2023-03-01T18:20:05"
"3_3","32.2361761","-110.9425133","2023-03-01T18:20:07"
"3_3","32.2361749","-110.9423134","2023-03-01T18:20:11"
"3_3","32.2361733","-110.9420298","2023-03-01T18:20:13"
"3_3","32.2361722","-110.9418378","2023-03-01T18:20:19"
"3_3","32.2361689","-110.9412686","2023-03-01T18:20:21"
"3_3","32.2361677","-110.9410575","2023-03-01T18:20:23"
"3_3","32.2360865","-110.9410562","2023-03-01T18:20:24"
"3_3","32.2359936","-110.9410547","2023-03-01T18:20:26"
"3_3","32.2359163","-110.9410533","2023-03-01T18:20:26"
"3_3","32.2359036","-110.9410532","2023-03-01T18:20:26"
"3_3","32.2358843","-110.9410534","2023-03-01T18:20:27"
"3_3","32.2358332","-110.941053","2023-03-01T18:20:31"
"3_3","32.2356032","-110.9410522","2023-03-01T18:20:32"
"3_3","32.2355685","-110.9410517","2023-03-01T18:20:34"
"3_3","32.2354869","-110.9410514","2023-03-01T18:20:36"
"3_3","32.2353606","-110.9410506","2023-03-01T18:20:44"
"3_3","32.2348981","-110.9410475","2023-03-01T18:20:54"
"3_3","32.2343799","-110.941048","2023-03-01T18:21:03"
"3_3","32.2338689","-110.941048","2023-03-01T18:21:12"
"3_3","32.2333522","-110.94104","2023-03-01T18:21:22"
"3_3","32.2328357","-110.9410323","2023-03-01T18:21:31"
"3_3","32.2323593","-110.9410326","2023-03-01T18:21:40"
"3_3","32.2318565","-110.941033","2023-03-01T18:21:41"
"3_3","32.2317789","-110.941033","2023-03-01T18:21:42"
"3_3","32.2317218","-110.941031","2023-03-01T18:21:50"
"3_3","32.2313007","-110.941026","2023-03-01T18:21:56"
"3_3","32.2309689","-110.9410211","2023-03-01T18:22:05"
"3_3","32.2304709","-110.9410138","2023-03-01T18:22:14"
"3_3","32.2299875","-110.9410185","2023-03-01T18:22:20"
"3_3","32.2296672","-110.9410099","2023-03-01T18:22:28"
"3_3","32.2291868","-110.9410037","2023-03-01T18:22:30"
"3_3","32.2290867","-110.9410004","2023-03-01T18:22:38"
"3_3","32.2286762","-110.9409986","2023-03-01T18:22:43"
"3_3","32.2283704","-110.9410045","2023-03-01T18:22:50"
"3_3","32.2279768","-110.9410021","2023-03-01T18:22:51"
"3_3","32.2279618","-110.941002","2023-03-01T18:22:52"
"3_3","32.2278714","-110.9410064","2023-03-01T18:22:54"
"3_3","32.2277946","-110.9410024","2023-03-01T18:22:54"
"3_3","32.2277867","-110.9410023","2023-03-01T18:23:02"
"3_3","32.2273587","-110.9409991","2023-03-01T18:23:16"
"3_3","32.2265439","-110.941006","2023-03-01T18:23:25"
"3_3","32.2260718","-110.9409886","2023-03-01T18:23:31"
"3_3","32.2257641","-110.9409795","2023-03-01T18:23:40"
"3_3","32.225256","-110.9409736","2023-03-01T18:23:42"
"3_3","32.225168","-110.9409722","2023-03-01T18:23:48"
"3_3","32.2247991","-110.9409665","2023-03-01T18:23:54"
"3_3","32.2244928","-110.9409618","2023-03-01T18:24:01"
"3_3","32.224084","-110.9409555","2023-03-01T18:24:03"
"3_3","32.2239852","-110.940954","2023-03-01T18:24:05"
"3_3","32.2238939","-110.9409542","2023-03-01T18:24:12"
"3_3","32.2234937","-110.9409548","2023-03-01T18:24:18"
"3_3","32.2231836","-110.9409553","2023-03-01T18:24:25"
"3_3","32.2227794","-110.9409559","2023-03-01T18:24:27"
"3_3","32.2226852","-110.9409561","2023-03-01T18:24:28"
"3_3","32.2226858","-110.9408721","2023-03-01T18:24:30"
"3_3","32.2226863","-110.9408018","2023-03-01T18:24:52"
"3_3","32.222695","-110.939578","2023-03-01T18:24:53"
"3_3","32.222696","-110.939496","2023-03-01T18:24:56"
"3_3","32.2225539","-110.939496","2023-03-01T18:24:58"
"3_3","32.2224602","-110.939496","2023-03-01T18:25"
"3_3","32.22232","-110.9394965","2023-03-01T18:25:01"
"3_3","32.2222509","-110.9394958","2023-03-01T18:25:02"
"3_3","32.2222315","-110.939495","2023-03-01T18:25:02"
"3_3","32.2221937","-110.9394952","2023-03-01T18:25:04"
"3_3","32.2221371","-110.9394942","2023-03-01T18:25:04"
"3_3","32.2221187","-110.9394945","2023-03-01T18:25:05"
"3_3","32.2220758","-110.9394941","2023-03-01T18:25:14"
"3_3","32.2215843","-110.9394917","2023-03-01T18:25:17"
"3_3","32.2215764","-110.9391875","2023-03-01T18:25:17"
