"0_0","32.2228294","-110.9757402","2023-03-01T18:56:56"
"0_0","32.2225841","-110.9763907","2023-03-01T18:56:58"
"0_0","32.2225217","-110.976556","2023-03-01T18:56:59"
"0_0","32.2224953","-110.976508","2023-03-01T18:56:59"
"0_0","32.2224681","-110.9764651","2023-03-01T18:57"
"0_0","32.2224559","-110.9764396","2023-03-01T18:57"
"0_0","32.222391","-110.9764028","2023-03-01T18:57:02"
"0_0","32.2222392","-110.9763413","2023-03-01T18:57:11"
"0_0","32.2215775","-110.9760676","2023-03-01T18:57:12"
"0_0","32.2215447","-110.9760543","2023-03-01T18:57:13"
"0_0","32.2214561","-110.9760182","2023-03-01T18:57:14"
"0_0","32.2213539","-110.9759747","2023-03-01T18:57:15"
"0_0","32.2212941","-110.9759451","2023-03-01T18:57:16"
"0_0","32.221193","-110.9759116","2023-03-01T18:57:19"
"0_0","32.2210059","-110.9758348","2023-03-01T18:57:21"
"0_0","32.2208488","-110.9757832","2023-03-01T18:57:23"
"0_0","32.2207202","-110.9757509","2023-03-01T18:57:25"
"0_0","32.2206014","-110.9757362","2023-03-01T18:57:27"
"0_0","32.2204608","-110.9757386","2023-03-01T18:57:29"
"0_0","32.2203109","-110.9757559","2023-03-01T18:57:38"
"0_0","32.2196118","-110.975864","2023-03-01T18:57:40"
"0_0","32.2195023","-110.97589","2023-03-01T18:57:42"
"0_0","32.2193715","-110.9759293","2023-03-01T18:57:45"
"0_0","32.2191386","-110.9760189","2023-03-01T18:57:50"
"0_0","32.2188417","-110.9761939","2023-03-01T18:57:52"
"0_0","32.2187415","-110.9762665","2023-03-01T18:57:54"
"0_0","32.2186306","-110.9763632","2023-03-01T18:57:57"
"0_0","32.2184371","-110.9765537","2023-03-01T18:58:02"
"0_0","32.2182368","-110.9767958","2023-03-01T18:58:05"
"0_0","32.2180652","-110.9770066","2023-03-01T18:58:09"
"0_0","32.2178781","-110.9772294","2023-03-01T18:58:17"
"0_0","32.2175238","-110.9776523","2023-03-01T18:58:17"
"0_0","32.2175011","-110.977681","2023-03-01T18:58:18"
"0_0","32.2174762","-110.9777145","2023-03-01T18:58:19"
"0_0","32.217446","-110.9777568","2023-03-01T18:58:20"
"0_0","32.2174124","-110.9778084","2023-03-01T18:58:20"
"0_0","32.2173811","-110.977858","2023-03-01T18:58:21"
"0_0","32.21735","-110.9779134","2023-03-01T18:58:22"
"0_0","32.217329","-110.9779536","2023-03-01T18:58:22"
"0_0","32.2173085","-110.9779971","2023-03-01T18:58:23"
"0_0","32.2172881","-110.9780433","2023-03-01T18:58:24"
"0_0","32.217271","-110.9780855","2023-03-01T18:58:24"
"0_0","32.2172571","-110.9781218","2023-03-01T18:58:25"
"0_0","32.2172438","-110.9781575","2023-03-01T18:58:26"
"0_0","32.217226","-110.9782088","2023-03-01T18:58:26"
"0_0","32.2172105","-110.9782598","2023-03-01T18:58:27"
"0_0","32.2171948","-110.9783152","2023-03-01T18:58:28"
"0_0","32.2171831","-110.978361","2023-03-01T18:58:28"
"0_0","32.217174","-110.9784023","2023-03-01T18:58:29"
"0_0","32.2171653","-110.9784487","2023-03-01T18:58:29"
"0_0","32.2171625","-110.9784652","2023-03-01T18:58:30"
"0_0","32.2171402","-110.9784636","2023-03-01T18:58:31"
"0_0","32.2170742","-110.9784622","2023-03-01T18:58:33"
"0_0","32.2169577","-110.9784615","2023-03-01T18:58:37"
"0_0","32.216728","-110.9784595","2023-03-01T18:58:41"
"0_0","32.2165202","-110.9784577","2023-03-01T18:58:42"
"0_0","32.2164653","-110.9784572","2023-03-01T18:58:43"
"0_0","32.2163791","-110.9784564","2023-03-01T18:58:46"
"0_0","32.2162274","-110.9784549","2023-03-01T18:58:48"
"0_0","32.2161224","-110.9784539","2023-03-01T18:58:48"
"0_0","32.216103","-110.9784537","2023-03-01T18:58:52"
"0_0","32.2159117","-110.9784519","2023-03-01T18:58:53"
"0_0","32.2158598","-110.9784514","2023-03-01T18:58:55"
"0_0","32.2157231","-110.9784501","2023-03-01T18:59:04"
"0_0","32.2152679","-110.9784464","2023-03-01T18:59:06"
"0_0","32.2151238","-110.9784452","2023-03-01T18:59:11"
"0_0","32.2148885","-110.9784433","2023-03-01T18:59:13"
"0_0","32.2148621","-110.9785531","2023-03-01T18:59:21"
"0_0","32.2147493","-110.9790216","2023-03-01T18:59:22"
"0_0","32.2147405","-110.9790581","2023-03-01T18:59:23"
"0_0","32.2147318","-110.9790946","2023-03-01T18:59:24"
"0_0","32.2147182","-110.9791514","2023-03-01T18:59:44"
"0_0","32.213076","-110.979147","2023-03-01T18:59:57"
"0_0","32.2119886","-110.9791287","2023-03-01T18:59:59"
"0_0","32.2119898","-110.9790082","2023-03-01T18:59:59"
"0_0","32.2119901","-110.9789625","2023-03-01T19:00:04"
"0_0","32.2119922","-110.9785999","2023-03-01T19:00:05"
"0_0","32.2119927","-110.9785205","2023-03-01T19:00:12"
"0_0","32.2119956","-110.9780051","2023-03-01T19:00:13"
"0_0","32.2119958","-110.9779782","2023-03-01T19:00:15"
"0_0","32.2119966","-110.9778395","2023-03-01T19:00:15"
"0_0","32.2119969","-110.9777851","2023-03-01T19:00:16"
"0_0","32.2119971","-110.9777486","2023-03-01T19:00:21"
"0_0","32.2119994","-110.977353","2023-03-01T19:00:22"
"0_0","32.2119996","-110.9773149","2023-03-01T19:00:23"
"0_0","32.212","-110.9772541","2023-03-01T19:00:26"
"0_0","32.2120005","-110.9769814","2023-03-01T19:00:27"
"0_0","32.2120006","-110.9769211","2023-03-01T19:00:36"
"0_0","32.2120058","-110.9762391","2023-03-01T19:00:37"
"0_0","32.212006","-110.9762086","2023-03-01T19:00:45"
"0_0","32.2120095","-110.975608","2023-03-01T19:00:56"
"0_0","32.2114681","-110.9758036","2023-03-01T19:01:11"
"0_0","32.210689","-110.9760856","2023-03-01T19:01:22"
"0_0","32.2100843","-110.9762996","2023-03-01T19:01:38"
"0_0","32.210085","-110.9754155","2023-03-01T19:01:49"
"0_0","32.2100858","-110.9748324","2023-03-01T19:01:50"
"0_0","32.2100858","-110.9748003","2023-03-01T19:01:51"
"0_0","32.2100859","-110.9747394","2023-03-01T19:01:52"
"0_0","32.2099656","-110.9747408","2023-03-01T19:01:59"
"0_0","32.2094539","-110.9747483","2023-03-01T19:02:04"
"0_0","32.2091189","-110.974738","2023-03-01T19:02:04"
"0_0","32.2090958","-110.9747374","2023-03-01T19:02:08"
"0_0","32.2088192","-110.9747322","2023-03-01T19:02:09"
"0_0","32.2087753","-110.9747314","2023-03-01T19:02:16"
"0_0","32.208257","-110.9747266","2023-03-01T19:02:18"
"0_0","32.2080834","-110.9747276","2023-03-01T19:02:26"
"0_0","32.2074971","-110.9747111","2023-03-01T19:02:34"
"0_0","32.2069329","-110.9746953","2023-03-01T19:02:34"
"0_0","32.2069198","-110.9746908","2023-03-01T19:02:36"
"0_0","32.2067823","-110.974647","2023-03-01T19:02:38"
"0_0","32.2066695","-110.9746461","2023-03-01T19:02:38"
"0_0","32.206656","-110.974646","2023-03-01T19:02:44"
"0_0","32.2061704","-110.9746411","2023-03-01T19:02:44"
"0_1","32.2228294","-110.9757402","2023-03-01T18:56:23"
"0_1","32.2229148","-110.9755138","2023-03-01T18:56:23"
"0_1","32.222937","-110.9754549","2023-03-01T18:56:26"
"0_1","32.2230079","-110.9752558","2023-03-01T18:56:35"
"0_1","32.2232112","-110.9746334","2023-03-01T18:56:36"
"0_1","32.2232317","-110.9745705","2023-03-01T18:56:39"
"0_1","32.2232985","-110.9743659","2023-03-01T18:56:41"
"0_1","32.2233542","-110.9742014","2023-03-01T18:56:43"
"0_1","32.2233904","-110.9740853","2023-03-01T18:56:45"
"0_1","32.2234367","-110.973922","2023-03-01T18:56:46"
"0_1","32.2234392","-110.9739133","2023-03-01T18:56:47"
"0_1","32.2234703","-110.9738045","2023-03-01T18:56:48"
"0_1","32.2234995","-110.9737141","2023-03-01T18:56:49"
"0_1","32.2235109","-110.9736809","2023-03-01T18:56:50"
"0_1","32.2235277","-110.9736323","2023-03-01T18:56:50"
"0_1","32.2235352","-110.9736128","2023-03-01T18:56:56"
"0_1","32.2236889","-110.9732172","2023-03-01T18:56:58"
"0_1","32.223702","-110.973079","2023-03-01T18:56:58"
"0_1","32.223698","-110.9730337","2023-03-01T18:56:58"
"0_1","32.223693","-110.9730165","2023-03-01T18:56:59"
"0_1","32.2236842","-110.972986","2023-03-01T18:56:59"
"0_1","32.2236607","-110.9729438","2023-03-01T18:57"
"0_1","32.223629","-110.9728991","2023-03-01T18:57:02"
"0_1","32.2235627","-110.9728212","2023-03-01T18:57:06"
"0_1","32.223235","-110.9727328","2023-03-01T18:57:14"
"0_1","32.2227115","-110.972591","2023-03-01T18:57:15"
"0_1","32.2226151","-110.9725656","2023-03-01T18:57:16"
"0_1","32.2225582","-110.972552","2023-03-01T18:57:21"
"0_1","32.2222189","-110.9724773","2023-03-01T18:57:23"
"0_1","32.222042","-110.9724399","2023-03-01T18:57:24"
"0_1","32.2219509","-110.9724227","2023-03-01T18:57:25"
"0_1","32.2218916","-110.9724121","2023-03-01T18:57:26"
"0_1","32.2218597","-110.9724064","2023-03-01T18:57:27"
"0_1","32.2217535","-110.9723833","2023-03-01T18:57:27"
"0_1","32.2217358","-110.9723803","2023-03-01T18:57:28"
"0_1","32.2216986","-110.9723735","2023-03-01T18:57:28"
"0_1","32.2216728","-110.9723697","2023-03-01T18:57:30"
"0_1","32.2215359","-110.9723579","2023-03-01T18:57:31"
"0_1","32.221454","-110.9723593","2023-03-01T18:57:32"
"0_1","32.2213916","-110.9723613","2023-03-01T18:57:32"
"0_1","32.2213703","-110.9723619","2023-03-01T18:57:33"
"0_1","32.2213122","-110.9723726","2023-03-01T18:57:34"
"0_1","32.2212375","-110.9723864","2023-03-01T18:57:35"
"0_1","32.2211677","-110.9723992","2023-03-01T18:57:36"
"0_1","32.2211373","-110.9724048","2023-03-01T18:57:37"
"0_1","32.2210669","-110.972424","2023-03-01T18:57:37"
"0_1","32.221012","-110.972437","2023-03-01T18:57:38"
"0_1","32.2209623","-110.97245","2023-03-01T18:57:38"
"0_1","32.2209353","-110.9724574","2023-03-01T18:57:40"
"0_1","32.220846","-110.9724818","2023-03-01T18:57:42"
"0_1","32.2206606","-110.9725222","2023-03-01T18:57:45"
"0_1","32.220481","-110.9725478","2023-03-01T18:57:46"
"0_1","32.2203615","-110.9725573","2023-03-01T18:57:49"
"0_1","32.2202056","-110.9725524","2023-03-01T18:57:49"
"0_1","32.2201804","-110.9725496","2023-03-01T18:57:54"
"0_1","32.2197784","-110.9725114","2023-03-01T18:57:59"
"0_1","32.219406","-110.9724627","2023-03-01T18:58:07"
"0_1","32.218864","-110.9723917","2023-03-01T18:58:08"
"0_1","32.2187732","-110.9723809","2023-03-01T18:58:10"
"0_1","32.2186631","-110.9723692","2023-03-01T18:58:15"
"0_1","32.2182596","-110.972325","2023-03-01T18:58:31"
"0_1","32.2183321","-110.9714585","2023-03-01T18:58:34"
"0_1","32.2183451","-110.971303","2023-03-01T18:58:44"
"0_1","32.2184066","-110.9707785","2023-03-01T18:58:46"
"0_1","32.2184168","-110.9706594","2023-03-01T18:58:46"
"0_1","32.2183888","-110.9706539","2023-03-01T18:58:49"
"0_1","32.2182023","-110.9706169","2023-03-01T18:59:01"
"0_1","32.2173316","-110.9704604","2023-03-01T18:59:02"
"0_1","32.2172688","-110.9704491","2023-03-01T18:59:02"
"0_1","32.2172155","-110.9704395","2023-03-01T18:59:03"
"0_1","32.2171803","-110.9704335","2023-03-01T18:59:05"
"0_1","32.2170499","-110.9704093","2023-03-01T18:59:07"
"0_1","32.2168982","-110.970381","2023-03-01T18:59:08"
"0_1","32.2167952","-110.9703618","2023-03-01T18:59:12"
"0_1","32.216541","-110.9703146","2023-03-01T18:59:18"
"0_1","32.2160896","-110.9702307","2023-03-01T18:59:20"
"0_1","32.215952","-110.9702051","2023-03-01T18:59:24"
"0_1","32.2156887","-110.9701563","2023-03-01T18:59:31"
"0_1","32.2151253","-110.9700527","2023-03-01T18:59:32"
"0_1","32.2150889","-110.9700469","2023-03-01T18:59:34"
"0_1","32.2150844","-110.9701696","2023-03-01T18:59:50"
"0_1","32.2150539","-110.9710185","2023-03-01T18:59:56"
"0_1","32.214705","-110.9709835","2023-03-01T19:00"
"0_1","32.2144825","-110.9709222","2023-03-01T19:00:01"
"0_1","32.2144563","-110.9709109","2023-03-01T19:00:02"
"0_1","32.2143712","-110.9708754","2023-03-01T19:00:07"
"0_1","32.2141069","-110.970836","2023-03-01T19:00:09"
"0_1","32.2140404","-110.9708369","2023-03-01T19:00:21"
"0_1","32.2133286","-110.9708464","2023-03-01T19:00:27"
"0_1","32.2133324","-110.9705595","2023-03-01T19:00:31"
"0_1","32.2133355","-110.9703209","2023-03-01T19:00:32"
"0_1","32.2133362","-110.9702684","2023-03-01T19:00:35"
"0_1","32.2133383","-110.9701025","2023-03-01T19:00:37"
"0_1","32.2132509","-110.9701009","2023-03-01T19:00:50"
"0_1","32.2124903","-110.9700911","2023-03-01T19:00:57"
"0_1","32.2121454","-110.9700858","2023-03-01T19:00:57"
"0_1","32.2121264","-110.9700843","2023-03-01T19:00:59"
"0_1","32.2120325","-110.9700849","2023-03-01T19:01:01"
"0_1","32.2119351","-110.970083","2023-03-01T19:01:01"
"0_1","32.2119147","-110.970083","2023-03-01T19:01:23"
"0_1","32.2107308","-110.9700804","2023-03-01T19:01:35"
"0_1","32.2100617","-110.9700588","2023-03-01T19:01:40"
"0_1","32.2097752","-110.9700523","2023-03-01T19:01:47"
"0_1","32.2094088","-110.9700449","2023-03-01T19:01:48"
"0_1","32.2093413","-110.970045","2023-03-01T19:02:10"
"0_1","32.208111","-110.9700456","2023-03-01T19:02:24"
"0_1","32.2081202","-110.9692727","2023-03-01T19:02:35"
"0_1","32.2075428","-110.9692774","2023-03-01T19:02:38"
"0_1","32.2073543","-110.9692789","2023-03-01T19:02:46"
"0_1","32.2069508","-110.969283","2023-03-01T19:02:48"
"0_1","32.2068412","-110.9692852","2023-03-01T19:02:54"
"0_1","32.2068519","-110.9686586","2023-03-01T19:02:55"
"0_1","32.2068522","-110.968644","2023-03-01T19:02:56"
"0_1","32.2068531","-110.968495","2023-03-01T19:02:58"
"0_1","32.206733","-110.968494","2023-03-01T19:02:58"
"0_2","32.2228294","-110.9757402","2023-03-01T18:20:17"
"0_2","32.2229148","-110.9755138","2023-03-01T18:20:17"
"0_2","32.222937","-110.9754549","2023-03-01T18:20:20"
"0_2","32.2230079","-110.9752558","2023-03-01T18:20:29"
"0_2","32.2232112","-110.9746334","2023-03-01T18:20:30"
"0_2","32.2232317","-110.9745705","2023-03-01T18:20:33"
"0_2","32.2232985","-110.9743659","2023-03-01T18:20:35"
"0_2","32.2233542","-110.9742014","2023-03-01T18:20:37"
"0_2","32.2233904","-110.9740853","2023-03-01T18:20:39"
"0_2","32.2234367","-110.973922","2023-03-01T18:20:40"
"0_2","32.2234392","-110.9739133","2023-03-01T18:20:41"
"0_2","32.2234703","-110.9738045","2023-03-01T18:20:42"
"0_2","32.2234995","-110.9737141","2023-03-01T18:20:43"
"0_2","32.2235109","-110.9736809","2023-03-01T18:20:44"
"0_2","32.2235277","-110.9736323","2023-03-01T18:20:44"
"0_2","32.2235352","-110.9736128","2023-03-01T18:20:50"
"0_2","32.2236889","-110.9732172","2023-03-01T18:20:52"
"0_2","32.223702","-110.973079","2023-03-01T18:20:52"
"0_2","32.223698","-110.9730337","2023-03-01T18:20:52"
"0_2","32.223693","-110.9730165","2023-03-01T18:20:53"
"0_2","32.2236842","-110.972986","2023-03-01T18:20:53"
"0_2","32.2236607","-110.9729438","2023-03-01T18:20:54"
"0_2","32.223629","-110.9728991","2023-03-01T18:20:56"
"0_2","32.2235627","-110.9728212","2023-03-01T18:21"
"0_2","32.223235","-110.9727328","2023-03-01T18:21:08"
"0_2","32.2227115","-110.972591","2023-03-01T18:21:09"
"0_2","32.2226151","-110.9725656","2023-03-01T18:21:10"
"0_2","32.2225582","-110.972552","2023-03-01T18:21:15"
"0_2","32.2222189","-110.9724773","2023-03-01T18:21:17"
"0_2","32.222042","-110.9724399","2023-03-01T18:21:18"
"0_2","32.2219509","-110.9724227","2023-03-01T18:21:19"
"0_2","32.2218916","-110.9724121","2023-03-01T18:21:20"
"0_2","32.2218597","-110.9724064","2023-03-01T18:21:21"
"0_2","32.2217535","-110.9723833","2023-03-01T18:21:21"
"0_2","32.2217358","-110.9723803","2023-03-01T18:21:22"
"0_2","32.2216986","-110.9723735","2023-03-01T18:21:22"
"0_2","32.2216728","-110.9723697","2023-03-01T18:21:24"
"0_2","32.2215359","-110.9723579","2023-03-01T18:21:25"
"0_2","32.221454","-110.9723593","2023-03-01T18:21:26"
"0_2","32.2213916","-110.9723613","2023-03-01T18:21:26"
"0_2","32.2213703","-110.9723619","2023-03-01T18:21:27"
"0_2","32.2213122","-110.9723726","2023-03-01T18:21:28"
"0_2","32.2212375","-110.9723864","2023-03-01T18:21:29"
"0_2","32.2211677","-110.9723992","2023-03-01T18:21:30"
"0_2","32.2211373","-110.9724048","2023-03-01T18:21:31"
"0_2","32.2210669","-110.972424","2023-03-01T18:21:31"
"0_2","32.221012","-110.972437","2023-03-01T18:21:32"
"0_2","32.2209623","-110.97245","2023-03-01T18:21:32"
"0_2","32.2209353","-110.9724574","2023-03-01T18:21:34"
"0_2","32.220846","-110.9724818","2023-03-01T18:21:36"
"0_2","32.2206606","-110.9725222","2023-03-01T18:21:39"
"0_2","32.220481","-110.9725478","2023-03-01T18:21:40"
"0_2","32.2203615","-110.9725573","2023-03-01T18:21:43"
"0_2","32.2202056","-110.9725524","2023-03-01T18:21:43"
"0_2","32.2201804","-110.9725496","2023-03-01T18:21:48"
"0_2","32.2197784","-110.9725114","2023-03-01T18:21:53"
"0_2","32.219406","-110.9724627","2023-03-01T18:22:01"
"0_2","32.218864","-110.9723917","2023-03-01T18:22:02"
"0_2","32.2187732","-110.9723809","2023-03-01T18:22:04"
"0_2","32.2186631","-110.9723692","2023-03-01T18:22:09"
"0_2","32.2182596","-110.972325","2023-03-01T18:22:25"
"0_2","32.2183321","-110.9714585","2023-03-01T18:22:28"
"0_2","32.2183451","-110.971303","2023-03-01T18:22:38"
"0_2","32.2184066","-110.9707785","2023-03-01T18:22:40"
"0_2","32.2184168","-110.9706594","2023-03-01T18:22:40"
"0_2","32.2183888","-110.9706539","2023-03-01T18:22:43"
"0_2","32.2182023","-110.9706169","2023-03-01T18:22:55"
"0_2","32.2173316","-110.9704604","2023-03-01T18:22:56"
"0_2","32.2172688","-110.9704491","2023-03-01T18:22:56"
"0_2","32.2172155","-110.9704395","2023-03-01T18:22:57"
"0_2","32.2171803","-110.9704335","2023-03-01T18:22:59"
"0_2","32.2170499","-110.9704093","2023-03-01T18:23:01"
"0_2","32.2168982","-110.970381","2023-03-01T18:23:02"
"0_2","32.2167952","-110.9703618","2023-03-01T18:23:06"
"0_2","32.216541","-110.9703146","2023-03-01T18:23:12"
"0_2","32.2160896","-110.9702307","2023-03-01T18:23:14"
"0_2","32.215952","-110.9702051","2023-03-01T18:23:18"
"0_2","32.2156887","-110.9701563","2023-03-01T18:23:25"
"0_2","32.2151253","-110.9700527","2023-03-01T18:23:26"
"0_2","32.2150889","-110.9700469","2023-03-01T18:23:31"
"0_2","32.214705","-110.9699758","2023-03-01T18:23:32"
"0_2","32.2146388","-110.9699623","2023-03-01T18:23:44"
"0_2","32.214645","-110.9693421","2023-03-01T18:23:58"
"0_2","32.2146554","-110.9685646","2023-03-01T18:24:07"
"0_2","32.2139145","-110.9685616","2023-03-01T18:24:12"
"0_2","32.2134396","-110.96856","2023-03-01T18:24:14"
"0_2","32.2133483","-110.96856","2023-03-01T18:24:16"
"0_2","32.2133485","-110.9684489","2023-03-01T18:24:16"
"0_2","32.2133486","-110.968403","2023-03-01T18:24:22"
"0_2","32.2133492","-110.968091","2023-03-01T18:24:27"
"0_2","32.2133498","-110.9678032","2023-03-01T18:24:29"
"0_2","32.213258","-110.9678023","2023-03-01T18:24:34"
"0_2","32.2129614","-110.9678005","2023-03-01T18:24:35"
"0_2","32.2129484","-110.9677999","2023-03-01T18:24:41"
"0_2","32.2125926","-110.9677988","2023-03-01T18:24:50"
"0_2","32.2121288","-110.9677878","2023-03-01T18:24:50"
"0_2","32.2120937","-110.967787","2023-03-01T18:24:51"
"0_2","32.2120444","-110.9677863","2023-03-01T18:24:51"
"0_2","32.2120253","-110.9677859","2023-03-01T18:24:52"
"0_2","32.2119704","-110.9677858","2023-03-01T18:25"
"0_2","32.211579","-110.9677852","2023-03-01T18:25:15"
"0_2","32.2107422","-110.967783","2023-03-01T18:25:39"
"0_2","32.2094233","-110.967744","2023-03-01T18:25:53"
"0_2","32.2094269","-110.966975","2023-03-01T18:26:07"
"0_2","32.2094305","-110.9662211","2023-03-01T18:26:30"
"0_2","32.2081249","-110.9662137","2023-03-01T18:26:42"
"0_2","32.208132","-110.9655911","2023-03-01T18:26:42"
"0_2","32.2081323","-110.9655614","2023-03-01T18:26:43"
"0_2","32.2081334","-110.9654941","2023-03-01T18:26:44"
"0_2","32.2081265","-110.9654903","2023-03-01T18:26:44"
"0_2","32.2081165","-110.9654789","2023-03-01T18:26:44"
"0_2","32.2081102","-110.9654642","2023-03-01T18:26:44"
"0_2","32.2081084","-110.9654479","2023-03-01T18:26:44"
"0_3","32.2228294","-110.9757402","2023-03-01T18:30:06"
"0_3","32.2229148","-110.9755138","2023-03-01T18:30:06"
"0_3","32.222937","-110.9754549","2023-03-01T18:30:09"
"0_3","32.2230079","-110.9752558","2023-03-01T18:30:18"
"0_3","32.2232112","-110.9746334","2023-03-01T18:30:19"
"0_3","32.2232317","-110.9745705","2023-03-01T18:30:22"
"0_3","32.2232985","-110.9743659","2023-03-01T18:30:24"
"0_3","32.2233542","-110.9742014","2023-03-01T18:30:26"
"0_3","32.2233904","-110.9740853","2023-03-01T18:30:28"
"0_3","32.2234367","-110.973922","2023-03-01T18:30:29"
"0_3","32.2234392","-110.9739133","2023-03-01T18:30:30"
"0_3","32.2234703","-110.9738045","2023-03-01T18:30:31"
"0_3","32.2234995","-110.9737141","2023-03-01T18:30:32"
"0_3","32.2235109","-110.9736809","2023-03-01T18:30:33"
"0_3","32.2235277","-110.9736323","2023-03-01T18:30:33"
"0_3","32.2235352","-110.9736128","2023-03-01T18:30:39"
"0_3","32.2236889","-110.9732172","2023-03-01T18:30:41"
"0_3","32.223702","-110.973079","2023-03-01T18:30:41"
"0_3","32.223698","-110.9730337","2023-03-01T18:30:41"
"0_3","32.223693","-110.9730165","2023-03-01T18:30:42"
"0_3","32.2236842","-110.972986","2023-03-01T18:30:42"
"0_3","32.2236607","-110.9729438","2023-03-01T18:30:43"
"0_3","32.223629","-110.9728991","2023-03-01T18:30:45"
"0_3","32.2235627","-110.9728212","2023-03-01T18:30:49"
"0_3","32.223235","-110.9727328","2023-03-01T18:30:57"
"0_3","32.2227115","-110.972591","2023-03-01T18:30:58"
"0_3","32.2226151","-110.9725656","2023-03-01T18:31"
"0_3","32.2226371","-110.9724547","2023-03-01T18:31:13"
"0_3","32.2228249","-110.971512","2023-03-01T18:31:14"
"0_3","32.2228444","-110.9714133","2023-03-01T18:31:16"
"0_3","32.2228645","-110.9713104","2023-03-01T18:31:26"
"0_3","32.2230126","-110.9705515","2023-03-01T18:31:32"
"0_3","32.2231017","-110.9700952","2023-03-01T18:31:34"
"0_3","32.2231248","-110.9699763","2023-03-01T18:31:34"
"0_3","32.2231304","-110.9699563","2023-03-01T18:31:35"
"0_3","32.2231393","-110.9699315","2023-03-01T18:31:35"
"0_3","32.2231503","-110.9699074","2023-03-01T18:31:35"
"0_3","32.2231605","-110.9698833","2023-03-01T18:31:36"
"0_3","32.2231673","-110.9698627","2023-03-01T18:31:36"
"0_3","32.2231723","-110.9698427","2023-03-01T18:31:37"
"0_3","32.2231799","-110.9698067","2023-03-01T18:31:38"
"0_3","32.2232024","-110.9696928","2023-03-01T18:31:51"
"0_3","32.223387","-110.9687662","2023-03-01T18:31:53"
"0_3","32.2234115","-110.9686436","2023-03-01T18:31:54"
"0_3","32.2234338","-110.9685322","2023-03-01T18:31:57"
"0_3","32.223474","-110.9683321","2023-03-01T18:31:58"
"0_3","32.2234928","-110.9682769","2023-03-01T18:31:59"
"0_3","32.2235203","-110.9682238","2023-03-01T18:32"
"0_3","32.2235076","-110.9681337","2023-03-01T18:32:01"
"0_3","32.2235011","-110.9680836","2023-03-01T18:32:01"
"0_3","32.223501","-110.9680655","2023-03-01T18:32:01"
"0_3","32.2235008","-110.9680345","2023-03-01T18:32:02"
"0_3","32.2235081","-110.9679795","2023-03-01T18:32:03"
"0_3","32.2235324","-110.9678793","2023-03-01T18:32:04"
"0_3","32.2235413","-110.9678535","2023-03-01T18:32:04"
"0_3","32.2235543","-110.9678163","2023-03-01T18:32:05"
"0_3","32.223588","-110.9677692","2023-03-01T18:32:09"
"0_3","32.2234147","-110.9675743","2023-03-01T18:32:14"
"0_3","32.2231733","-110.9672929","2023-03-01T18:32:17"
"0_3","32.2230192","-110.9671087","2023-03-01T18:32:18"
"0_3","32.2229788","-110.9670603","2023-03-01T18:32:26"
"0_3","32.2226144","-110.9666212","2023-03-01T18:32:26"
"0_3","32.2225928","-110.9665952","2023-03-01T18:32:27"
"0_3","32.2225622","-110.9665583","2023-03-01T18:32:31"
"0_3","32.2223773","-110.9663518","2023-03-01T18:32:32"
"0_3","32.2223171","-110.9662955","2023-03-01T18:32:33"
"0_3","32.2222502","-110.9662539","2023-03-01T18:32:33"
"0_3","32.2222191","-110.9662397","2023-03-01T18:32:34"
"0_3","32.22216","-110.9662102","2023-03-01T18:32:34"
"0_3","32.2221457","-110.9662006","2023-03-01T18:32:35"
"0_3","32.2221266","-110.9661889","2023-03-01T18:32:35"
"0_3","32.2221222","-110.9661469","2023-03-01T18:32:36"
"0_3","32.2221084","-110.9660796","2023-03-01T18:32:36"
"0_3","32.2220868","-110.9660326","2023-03-01T18:32:38"
"0_3","32.2220231","-110.9659285","2023-03-01T18:32:38"
"0_3","32.2220097","-110.9659066","2023-03-01T18:32:40"
"0_3","32.2219053","-110.9657832","2023-03-01T18:32:43"
"0_3","32.2217054","-110.9655445","2023-03-01T18:32:45"
"0_3","32.2216041","-110.9654235","2023-03-01T18:32:45"
"0_3","32.2215833","-110.9653982","2023-03-01T18:32:46"
"0_3","32.2215595","-110.9653702","2023-03-01T18:32:46"
"0_3","32.2215312","-110.9653364","2023-03-01T18:32:47"
"0_3","32.221496","-110.9652988","2023-03-01T18:32:48"
"0_3","32.2214479","-110.9652474","2023-03-01T18:32:48"
"0_3","32.2214321","-110.9652305","2023-03-01T18:32:49"
"0_3","32.2214219","-110.9651784","2023-03-01T18:32:49"
"0_3","32.2214265","-110.9651193","2023-03-01T18:32:50"
"0_3","32.2214317","-110.965092","2023-03-01T18:32:50"
"0_3","32.2214367","-110.965067","2023-03-01T18:32:51"
"0_3","32.2214639","-110.9649893","2023-03-01T18:32:52"
"0_3","32.2215013","-110.9649034","2023-03-01T18:32:54"
"0_3","32.2215277","-110.9648179","2023-03-01T18:32:55"
"0_3","32.2215483","-110.9647597","2023-03-01T18:32:55"
"0_3","32.2215479","-110.9647186","2023-03-01T18:32:55"
"0_3","32.2215467","-110.9647094","2023-03-01T18:32:56"
"0_3","32.2215428","-110.9646784","2023-03-01T18:32:56"
"0_3","32.2215285","-110.9646431","2023-03-01T18:32:57"
"0_3","32.221491","-110.9645783","2023-03-01T18:33:02"
"0_3","32.2212516","-110.9643005","2023-03-01T18:33:14"
"0_3","32.2206487","-110.9636704","2023-03-01T18:33:19"
"0_3","32.2203813","-110.9634121","2023-03-01T18:33:24"
"0_3","32.2201334","-110.9631779","2023-03-01T18:33:26"
"0_3","32.2200304","-110.9630807","2023-03-01T18:33:34"
"0_3","32.2196295","-110.9626748","2023-03-01T18:33:34"
"0_3","32.2195908","-110.9626356","2023-03-01T18:33:42"
"0_3","32.2192186","-110.9622172","2023-03-01T18:33:56"
"0_3","32.2185421","-110.9614504","2023-03-01T18:33:58"
"0_3","32.2184405","-110.9613462","2023-03-01T18:34:01"
"0_3","32.2182701","-110.9611899","2023-03-01T18:34:04"
"0_3","32.2180863","-110.9610746","2023-03-01T18:34:07"
"0_3","32.2179116","-110.9609834","2023-03-01T18:34:09"
"0_3","32.21773","-110.9609244","2023-03-01T18:34:12"
"0_3","32.2175598","-110.9608895","2023-03-01T18:34:14"
"0_3","32.2173851","-110.9608707","2023-03-01T18:34:16"
"0_3","32.2172467","-110.960868","2023-03-01T18:34:19"
"0_3","32.2170159","-110.9608655","2023-03-01T18:34:26"
"0_3","32.2165264","-110.9608601","2023-03-01T18:34:26"
"0_3","32.2165137","-110.96086","2023-03-01T18:34:28"
"0_3","32.2163571","-110.960852","2023-03-01T18:34:31"
"0_3","32.2161756","-110.9608251","2023-03-01T18:34:32"
"0_3","32.2160559","-110.9607954","2023-03-01T18:34:33"
"0_3","32.2160099","-110.9607849","2023-03-01T18:34:36"
"0_3","32.2158352","-110.9607205","2023-03-01T18:34:38"
"0_3","32.2156945","-110.9606383","2023-03-01T18:34:38"
"0_3","32.2156514","-110.9606132","2023-03-01T18:34:42"
"0_3","32.2154721","-110.9604711","2023-03-01T18:34:43"
"0_3","32.2154047","-110.9604067","2023-03-01T18:34:45"
"0_3","32.2153178","-110.9603236","2023-03-01T18:34:47"
"0_3","32.2152131","-110.9602085","2023-03-01T18:34:49"
"0_3","32.2151226","-110.9600875","2023-03-01T18:34:51"
"0_3","32.2150319","-110.9599856","2023-03-01T18:34:52"
"0_3","32.2149524","-110.9599221","2023-03-01T18:34:54"
"0_3","32.2148318","-110.9598491","2023-03-01T18:34:56"
"0_3","32.2147042","-110.9598033","2023-03-01T18:34:56"
"0_3","32.2146578","-110.9598015","2023-03-01T18:35:02"
"0_3","32.2142176","-110.9597871","2023-03-01T18:35:03"
"0_3","32.2141846","-110.959786","2023-03-01T18:35:04"
"0_3","32.2141056","-110.9597834","2023-03-01T18:35:04"
"0_3","32.2140704","-110.9597834","2023-03-01T18:35:14"
"0_3","32.2133896","-110.9597836","2023-03-01T18:35:21"
"0_3","32.2128258","-110.9597676","2023-03-01T18:35:22"
"0_3","32.2127654","-110.9597665","2023-03-01T18:35:25"
"0_3","32.2125506","-110.9597686","2023-03-01T18:35:31"
"0_3","32.212094","-110.9597749","2023-03-01T18:35:34"
"0_3","32.212093","-110.9595841","2023-03-01T18:35:54"
"0_3","32.2120851","-110.9580997","2023-03-01T18:35:55"
"0_3","32.2120848","-110.9580392","2023-03-01T18:35:58"
"0_3","32.2120838","-110.9578468","2023-03-01T18:36:03"
"0_3","32.2120818","-110.9574619","2023-03-01T18:36:04"
"0_3","32.2120812","-110.9573529","2023-03-01T18:36:08"
"0_3","32.21208","-110.9571169","2023-03-01T18:36:12"
"0_3","32.2120968","-110.9568155","2023-03-01T18:36:15"
"0_3","32.2120961","-110.9565491","2023-03-01T18:36:16"
"0_3","32.212096","-110.9565364","2023-03-01T18:36:17"
"0_3","32.2120957","-110.9564127","2023-03-01T18:36:18"
"0_3","32.2120052","-110.9564097","2023-03-01T18:36:19"
"0_3","32.211998","-110.9564095","2023-03-01T18:36:20"
"0_3","32.2118596","-110.956406","2023-03-01T18:36:21"
"0_3","32.2117541","-110.9564004","2023-03-01T18:36:23"
"0_3","32.2116495","-110.9563903","2023-03-01T18:36:24"
"0_3","32.2115721","-110.9563806","2023-03-01T18:36:24"
"0_3","32.2115344","-110.9563768","2023-03-01T18:36:26"
"0_3","32.2114232","-110.9563577","2023-03-01T18:36:27"
"0_3","32.2112967","-110.9563386","2023-03-01T18:36:28"
"0_3","32.2112092","-110.9563217","2023-03-01T18:36:29"
"0_3","32.2111398","-110.9563015","2023-03-01T18:36:31"
"0_3","32.2110298","-110.9562474","2023-03-01T18:36:33"
"0_3","32.2108068","-110.956244","2023-03-01T18:36:36"
"0_3","32.2105524","-110.9562425","2023-03-01T18:36:43"
"0_3","32.2100173","-110.9562393","2023-03-01T18:36:49"
"0_3","32.2094751","-110.9562368","2023-03-01T18:37:01"
"0_3","32.2084921","-110.9562263","2023-03-01T18:37:03"
"0_3","32.2083628","-110.9562256","2023-03-01T18:37:05"
"0_3","32.2081953","-110.956224","2023-03-01T18:37:17"
"0_3","32.2072341","-110.9562147","2023-03-01T18:37:18"
"0_3","32.2071602","-110.9562143","2023-03-01T18:37:19"
"0_3","32.2070003","-110.9562128","2023-03-01T18:37:21"
"0_3","32.2068881","-110.956212","2023-03-01T18:37:23"
"0_3","32.2068884","-110.9560566","2023-03-01T18:37:23"
"1_0","32.2251191","-110.9717455","2023-03-01T18:46:39"
"1_0","32.2250755","-110.971743","2023-03-01T18:46:39"
"1_0","32.2250617","-110.9717418","2023-03-01T18:46:40"
"1_0","32.2249957","-110.971736","2023-03-01T18:46:44"
"1_0","32.2246809","-110.9717143","2023-03-01T18:46:48"
"1_0","32.2243936","-110.971688","2023-03-01T18:46:48"
"1_0","32.2243776","-110.9716839","2023-03-01T18:46:48"
"1_0","32.2243711","-110.9716807","2023-03-01T18:46:48"
"1_0","32.2243651","-110.9716767","2023-03-01T18:46:49"
"1_0","32.2243451","-110.9716603","2023-03-01T18:46:49"
"1_0","32.2243391","-110.9716555","2023-03-01T18:46:49"
"1_0","32.2243323","-110.9716516","2023-03-01T18:46:49"
"1_0","32.2243097","-110.9716446","2023-03-01T18:46:50"
"1_0","32.2242322","-110.9716323","2023-03-01T18:47:08"
"1_0","32.2229457","-110.9714293","2023-03-01T18:47:09"
"1_0","32.2228444","-110.9714133","2023-03-01T18:47:10"
"1_0","32.2227805","-110.9714028","2023-03-01T18:47:22"
"1_0","32.221949","-110.9712707","2023-03-01T18:47:23"
"1_0","32.2218628","-110.9712569","2023-03-01T18:47:23"
"1_0","32.2218464","-110.9712554","2023-03-01T18:47:24"
"1_0","32.2218143","-110.97125","2023-03-01T18:47:30"
"1_0","32.2213199","-110.9711771","2023-03-01T18:47:34"
"1_0","32.2210853","-110.9711425","2023-03-01T18:47:34"
"1_0","32.2210337","-110.9711354","2023-03-01T18:47:35"
"1_0","32.2209873","-110.9711279","2023-03-01T18:47:36"
"1_0","32.2209568","-110.971122","2023-03-01T18:47:43"
"1_0","32.2204447","-110.9710365","2023-03-01T18:47:48"
"1_0","32.2200263","-110.9709587","2023-03-01T18:47:49"
"1_0","32.2199647","-110.9709473","2023-03-01T18:47:50"
"1_0","32.2198902","-110.9709332","2023-03-01T18:47:53"
"1_0","32.2196893","-110.970895","2023-03-01T18:47:53"
"1_0","32.2196813","-110.9708935","2023-03-01T18:47:58"
"1_0","32.2193096","-110.9708232","2023-03-01T18:48:01"
"1_0","32.2190855","-110.9707807","2023-03-01T18:48:05"
"1_0","32.2188165","-110.9707319","2023-03-01T18:48:11"
"1_0","32.2184168","-110.9706594","2023-03-01T18:48:11"
"1_0","32.2183888","-110.9706539","2023-03-01T18:48:14"
"1_0","32.2182023","-110.9706169","2023-03-01T18:48:26"
"1_0","32.2173316","-110.9704604","2023-03-01T18:48:27"
"1_0","32.2172688","-110.9704491","2023-03-01T18:48:27"
"1_0","32.2172155","-110.9704395","2023-03-01T18:48:28"
"1_0","32.2171803","-110.9704335","2023-03-01T18:48:30"
"1_0","32.2170499","-110.9704093","2023-03-01T18:48:32"
"1_0","32.2168982","-110.970381","2023-03-01T18:48:33"
"1_0","32.2167952","-110.9703618","2023-03-01T18:48:37"
"1_0","32.216541","-110.9703146","2023-03-01T18:48:43"
"1_0","32.2160896","-110.9702307","2023-03-01T18:48:45"
"1_0","32.215952","-110.9702051","2023-03-01T18:48:49"
"1_0","32.2156887","-110.9701563","2023-03-01T18:48:56"
"1_0","32.2151253","-110.9700527","2023-03-01T18:48:57"
"1_0","32.2150889","-110.9700469","2023-03-01T18:48:59"
"1_0","32.2150844","-110.9701696","2023-03-01T18:49:15"
"1_0","32.2150539","-110.9710185","2023-03-01T18:49:21"
"1_0","32.214705","-110.9709835","2023-03-01T18:49:25"
"1_0","32.2144825","-110.9709222","2023-03-01T18:49:26"
"1_0","32.2144563","-110.9709109","2023-03-01T18:49:27"
"1_0","32.2143712","-110.9708754","2023-03-01T18:49:32"
"1_0","32.2141069","-110.970836","2023-03-01T18:49:34"
"1_0","32.2140404","-110.9708369","2023-03-01T18:49:47"
"1_0","32.2133286","-110.9708464","2023-03-01T18:49:52"
"1_0","32.2133324","-110.9705595","2023-03-01T18:49:56"
"1_0","32.2133355","-110.9703209","2023-03-01T18:49:57"
"1_0","32.2133362","-110.9702684","2023-03-01T18:50"
"1_0","32.2133383","-110.9701025","2023-03-01T18:50:02"
"1_0","32.2132509","-110.9701009","2023-03-01T18:50:16"
"1_0","32.2124903","-110.9700911","2023-03-01T18:50:22"
"1_0","32.2121454","-110.9700858","2023-03-01T18:50:22"
"1_0","32.2121264","-110.9700843","2023-03-01T18:50:24"
"1_0","32.2120325","-110.9700849","2023-03-01T18:50:26"
"1_0","32.2119351","-110.970083","2023-03-01T18:50:26"
"1_0","32.2119147","-110.970083","2023-03-01T18:50:48"
"1_0","32.2107308","-110.9700804","2023-03-01T18:51"
"1_0","32.2100617","-110.9700588","2023-03-01T18:51:05"
"1_0","32.2097752","-110.9700523","2023-03-01T18:51:12"
"1_0","32.2094088","-110.9700449","2023-03-01T18:51:26"
"1_0","32.2094012","-110.9708327","2023-03-01T18:51:40"
"1_0","32.2093955","-110.9715891","2023-03-01T18:51:41"
"1_0","32.2093333","-110.9715884","2023-03-01T18:52:03"
"1_0","32.208095","-110.9715753","2023-03-01T18:52:25"
"1_0","32.2069382","-110.9715759","2023-03-01T18:52:25"
"1_0","32.2069033","-110.9715748","2023-03-01T18:52:27"
"1_0","32.2068005","-110.9715769","2023-03-01T18:52:29"
"1_0","32.206701","-110.9715742","2023-03-01T18:52:29"
"1_0","32.2066709","-110.9715745","2023-03-01T18:52:37"
"1_0","32.2062657","-110.9715702","2023-03-01T18:52:47"
"1_0","32.2057295","-110.9715636","2023-03-01T18:53:01"
"1_0","32.2057283","-110.9723427","2023-03-01T18:53:15"
"1_0","32.2057272","-110.973104","2023-03-01T18:53:18"
"1_0","32.2055449","-110.9731058","2023-03-01T18:53:28"
"1_0","32.2055432","-110.9736508","2023-03-01T18:53:35"
"1_0","32.205542","-110.9740391","2023-03-01T18:53:36"
"1_0","32.2055418","-110.974102","2023-03-01T18:53:39"
"1_0","32.2055413","-110.9742849","2023-03-01T18:53:40"
"1_0","32.2055412","-110.9743156","2023-03-01T18:53:41"
"1_0","32.205541","-110.9743725","2023-03-01T18:53:44"
"1_0","32.2055406","-110.9745203","2023-03-01T18:53:44"
"1_0","32.2055405","-110.9745423","2023-03-01T18:53:46"
"1_0","32.2055402","-110.9746362","2023-03-01T18:53:54"
"1_0","32.2061704","-110.9746411","2023-03-01T18:53:54"
"1_1","32.2251191","-110.9717455","2023-03-01T18:09:22"
"1_1","32.2250755","-110.971743","2023-03-01T18:09:22"
"1_1","32.2250617","-110.9717418","2023-03-01T18:09:23"
"1_1","32.2249957","-110.971736","2023-03-01T18:09:27"
"1_1","32.2246809","-110.9717143","2023-03-01T18:09:31"
"1_1","32.2243936","-110.971688","2023-03-01T18:09:31"
"1_1","32.2243776","-110.9716839","2023-03-01T18:09:31"
"1_1","32.2243711","-110.9716807","2023-03-01T18:09:31"
"1_1","32.2243651","-110.9716767","2023-03-01T18:09:32"
"1_1","32.2243451","-110.9716603","2023-03-01T18:09:32"
"1_1","32.2243391","-110.9716555","2023-03-01T18:09:32"
"1_1","32.2243323","-110.9716516","2023-03-01T18:09:32"
"1_1","32.2243097","-110.9716446","2023-03-01T18:09:33"
"1_1","32.2242322","-110.9716323","2023-03-01T18:09:51"
"1_1","32.2229457","-110.9714293","2023-03-01T18:09:52"
"1_1","32.2228444","-110.9714133","2023-03-01T18:09:53"
"1_1","32.2227805","-110.9714028","2023-03-01T18:10:05"
"1_1","32.221949","-110.9712707","2023-03-01T18:10:06"
"1_1","32.2218628","-110.9712569","2023-03-01T18:10:06"
"1_1","32.2218464","-110.9712554","2023-03-01T18:10:07"
"1_1","32.2218143","-110.97125","2023-03-01T18:10:13"
"1_1","32.2213199","-110.9711771","2023-03-01T18:10:17"
"1_1","32.2210853","-110.9711425","2023-03-01T18:10:17"
"1_1","32.2210337","-110.9711354","2023-03-01T18:10:18"
"1_1","32.2209873","-110.9711279","2023-03-01T18:10:19"
"1_1","32.2209568","-110.971122","2023-03-01T18:10:26"
"1_1","32.2204447","-110.9710365","2023-03-01T18:10:31"
"1_1","32.2200263","-110.9709587","2023-03-01T18:10:32"
"1_1","32.2199647","-110.9709473","2023-03-01T18:10:33"
"1_1","32.2198902","-110.9709332","2023-03-01T18:10:36"
"1_1","32.2196893","-110.970895","2023-03-01T18:10:36"
"1_1","32.2196813","-110.9708935","2023-03-01T18:10:41"
"1_1","32.2193096","-110.9708232","2023-03-01T18:10:44"
"1_1","32.2190855","-110.9707807","2023-03-01T18:10:48"
"1_1","32.2188165","-110.9707319","2023-03-01T18:10:54"
"1_1","32.2184168","-110.9706594","2023-03-01T18:10:54"
"1_1","32.2183888","-110.9706539","2023-03-01T18:10:57"
"1_1","32.2182023","-110.9706169","2023-03-01T18:11:09"
"1_1","32.2173316","-110.9704604","2023-03-01T18:11:10"
"1_1","32.2172688","-110.9704491","2023-03-01T18:11:10"
"1_1","32.2172155","-110.9704395","2023-03-01T18:11:11"
"1_1","32.2171803","-110.9704335","2023-03-01T18:11:13"
"1_1","32.2170499","-110.9704093","2023-03-01T18:11:15"
"1_1","32.2168982","-110.970381","2023-03-01T18:11:16"
"1_1","32.2167952","-110.9703618","2023-03-01T18:11:20"
"1_1","32.216541","-110.9703146","2023-03-01T18:11:26"
"1_1","32.2160896","-110.9702307","2023-03-01T18:11:28"
"1_1","32.215952","-110.9702051","2023-03-01T18:11:32"
"1_1","32.2156887","-110.9701563","2023-03-01T18:11:39"
"1_1","32.2151253","-110.9700527","2023-03-01T18:11:40"
"1_1","32.2150889","-110.9700469","2023-03-01T18:11:42"
"1_1","32.2150844","-110.9701696","2023-03-01T18:11:58"
"1_1","32.2150539","-110.9710185","2023-03-01T18:12:04"
"1_1","32.214705","-110.9709835","2023-03-01T18:12:08"
"1_1","32.2144825","-110.9709222","2023-03-01T18:12:09"
"1_1","32.2144563","-110.9709109","2023-03-01T18:12:10"
"1_1","32.2143712","-110.9708754","2023-03-01T18:12:15"
"1_1","32.2141069","-110.970836","2023-03-01T18:12:17"
"1_1","32.2140404","-110.9708369","2023-03-01T18:12:30"
"1_1","32.2133286","-110.9708464","2023-03-01T18:12:35"
"1_1","32.2133324","-110.9705595","2023-03-01T18:12:39"
"1_1","32.2133355","-110.9703209","2023-03-01T18:12:40"
"1_1","32.2133362","-110.9702684","2023-03-01T18:12:43"
"1_1","32.2133383","-110.9701025","2023-03-01T18:12:45"
"1_1","32.2132509","-110.9701009","2023-03-01T18:12:59"
"1_1","32.2124903","-110.9700911","2023-03-01T18:13:05"
"1_1","32.2121454","-110.9700858","2023-03-01T18:13:05"
"1_1","32.2121264","-110.9700843","2023-03-01T18:13:07"
"1_1","32.2120325","-110.9700849","2023-03-01T18:13:09"
"1_1","32.2119351","-110.970083","2023-03-01T18:13:09"
"1_1","32.2119147","-110.970083","2023-03-01T18:13:31"
"1_1","32.2107308","-110.9700804","2023-03-01T18:13:43"
"1_1","32.2100617","-110.9700588","2023-03-01T18:13:48"
"1_1","32.2097752","-110.9700523","2023-03-01T18:13:55"
"1_1","32.2094088","-110.9700449","2023-03-01T18:13:56"
"1_1","32.2093413","-110.970045","2023-03-01T18:14:18"
"1_1","32.208111","-110.9700456","2023-03-01T18:14:32"
"1_1","32.2081202","-110.9692727","2023-03-01T18:14:43"
"1_1","32.2075428","-110.9692774","2023-03-01T18:14:46"
"1_1","32.2073543","-110.9692789","2023-03-01T18:14:54"
"1_1","32.2069508","-110.969283","2023-03-01T18:14:56"
"1_1","32.2068412","-110.9692852","2023-03-01T18:15:03"
"1_1","32.2068519","-110.9686586","2023-03-01T18:15:03"
"1_1","32.2068522","-110.968644","2023-03-01T18:15:04"
"1_1","32.2068531","-110.968495","2023-03-01T18:15:06"
"1_1","32.206733","-110.968494","2023-03-01T18:15:06"
"1_2","32.2251191","-110.9717455","2023-03-01T18:08:41"
"1_2","32.2250755","-110.971743","2023-03-01T18:08:41"
"1_2","32.2250617","-110.9717418","2023-03-01T18:08:42"
"1_2","32.2249957","-110.971736","2023-03-01T18:08:46"
"1_2","32.2246809","-110.9717143","2023-03-01T18:08:50"
"1_2","32.2243936","-110.971688","2023-03-01T18:08:50"
"1_2","32.2243776","-110.9716839","2023-03-01T18:08:50"
"1_2","32.2243711","-110.9716807","2023-03-01T18:08:50"
"1_2","32.2243651","-110.9716767","2023-03-01T18:08:51"
"1_2","32.2243451","-110.9716603","2023-03-01T18:08:51"
"1_2","32.2243391","-110.9716555","2023-03-01T18:08:51"
"1_2","32.2243323","-110.9716516","2023-03-01T18:08:51"
"1_2","32.2243097","-110.9716446","2023-03-01T18:08:52"
"1_2","32.2242322","-110.9716323","2023-03-01T18:09:10"
"1_2","32.2229457","-110.9714293","2023-03-01T18:09:11"
"1_2","32.2228444","-110.9714133","2023-03-01T18:09:12"
"1_2","32.2227805","-110.9714028","2023-03-01T18:09:24"
"1_2","32.221949","-110.9712707","2023-03-01T18:09:25"
"1_2","32.2218628","-110.9712569","2023-03-01T18:09:25"
"1_2","32.2218464","-110.9712554","2023-03-01T18:09:26"
"1_2","32.2218143","-110.97125","2023-03-01T18:09:32"
"1_2","32.2213199","-110.9711771","2023-03-01T18:09:36"
"1_2","32.2210853","-110.9711425","2023-03-01T18:09:36"
"1_2","32.2210337","-110.9711354","2023-03-01T18:09:37"
"1_2","32.2209873","-110.9711279","2023-03-01T18:09:38"
"1_2","32.2209568","-110.971122","2023-03-01T18:09:45"
"1_2","32.2204447","-110.9710365","2023-03-01T18:09:50"
"1_2","32.2200263","-110.9709587","2023-03-01T18:09:51"
"1_2","32.2199647","-110.9709473","2023-03-01T18:09:52"
"1_2","32.2198902","-110.9709332","2023-03-01T18:09:55"
"1_2","32.2196893","-110.970895","2023-03-01T18:09:55"
"1_2","32.2196813","-110.9708935","2023-03-01T18:10"
"1_2","32.2193096","-110.9708232","2023-03-01T18:10:03"
"1_2","32.2190855","-110.9707807","2023-03-01T18:10:07"
"1_2","32.2188165","-110.9707319","2023-03-01T18:10:13"
"1_2","32.2184168","-110.9706594","2023-03-01T18:10:13"
"1_2","32.2183888","-110.9706539","2023-03-01T18:10:16"
"1_2","32.2182023","-110.9706169","2023-03-01T18:10:28"
"1_2","32.2173316","-110.9704604","2023-03-01T18:10:29"
"1_2","32.2172688","-110.9704491","2023-03-01T18:10:29"
"1_2","32.2172155","-110.9704395","2023-03-01T18:10:30"
"1_2","32.2171803","-110.9704335","2023-03-01T18:10:32"
"1_2","32.2170499","-110.9704093","2023-03-01T18:10:34"
"1_2","32.2168982","-110.970381","2023-03-01T18:10:35"
"1_2","32.2167952","-110.9703618","2023-03-01T18:10:39"
"1_2","32.216541","-110.9703146","2023-03-01T18:10:45"
"1_2","32.2160896","-110.9702307","2023-03-01T18:10:47"
"1_2","32.215952","-110.9702051","2023-03-01T18:10:51"
"1_2","32.2156887","-110.9701563","2023-03-01T18:10:58"
"1_2","32.2151253","-110.9700527","2023-03-01T18:10:59"
"1_2","32.2150889","-110.9700469","2023-03-01T18:11:04"
"1_2","32.214705","-110.9699758","2023-03-01T18:11:05"
"1_2","32.2146388","-110.9699623","2023-03-01T18:11:17"
"1_2","32.214645","-110.9693421","2023-03-01T18:11:31"
"1_2","32.2146554","-110.9685646","2023-03-01T18:11:40"
"1_2","32.2139145","-110.9685616","2023-03-01T18:11:45"
"1_2","32.2134396","-110.96856","2023-03-01T18:11:47"
"1_2","32.2133483","-110.96856","2023-03-01T18:11:49"
"1_2","32.2133485","-110.9684489","2023-03-01T18:11:49"
"1_2","32.2133486","-110.968403","2023-03-01T18:11:55"
"1_2","32.2133492","-110.968091","2023-03-01T18:12"
"1_2","32.2133498","-110.9678032","2023-03-01T18:12:02"
"1_2","32.213258","-110.9678023","2023-03-01T18:12:07"
"1_2","32.2129614","-110.9678005","2023-03-01T18:12:08"
"1_2","32.2129484","-110.9677999","2023-03-01T18:12:14"
"1_2","32.2125926","-110.9677988","2023-03-01T18:12:23"
"1_2","32.2121288","-110.9677878","2023-03-01T18:12:23"
"1_2","32.2120937","-110.967787","2023-03-01T18:12:24"
"1_2","32.2120444","-110.9677863","2023-03-01T18:12:24"
"1_2","32.2120253","-110.9677859","2023-03-01T18:12:25"
"1_2","32.2119704","-110.9677858","2023-03-01T18:12:33"
"1_2","32.211579","-110.9677852","2023-03-01T18:12:48"
"1_2","32.2107422","-110.967783","2023-03-01T18:13:12"
"1_2","32.2094233","-110.967744","2023-03-01T18:13:26"
"1_2","32.2094269","-110.966975","2023-03-01T18:13:40"
"1_2","32.2094305","-110.9662211","2023-03-01T18:14:03"
"1_2","32.2081249","-110.9662137","2023-03-01T18:14:15"
"1_2","32.208132","-110.9655911","2023-03-01T18:14:15"
"1_2","32.2081323","-110.9655614","2023-03-01T18:14:17"
"1_2","32.2081334","-110.9654941","2023-03-01T18:14:17"
"1_2","32.2081265","-110.9654903","2023-03-01T18:14:17"
"1_2","32.2081165","-110.9654789","2023-03-01T18:14:17"
"1_2","32.2081102","-110.9654642","2023-03-01T18:14:17"
"1_2","32.2081084","-110.9654479","2023-03-01T18:14:17"
"1_3","32.2251191","-110.9717455","2023-03-01T18:48"
"1_3","32.2250755","-110.971743","2023-03-01T18:48"
"1_3","32.2250617","-110.9717418","2023-03-01T18:48:01"
"1_3","32.2249957","-110.971736","2023-03-01T18:48:05"
"1_3","32.2246809","-110.9717143","2023-03-01T18:48:09"
"1_3","32.2243936","-110.971688","2023-03-01T18:48:09"
"1_3","32.2243776","-110.9716839","2023-03-01T18:48:09"
"1_3","32.2243711","-110.9716807","2023-03-01T18:48:09"
"1_3","32.2243651","-110.9716767","2023-03-01T18:48:10"
"1_3","32.2243451","-110.9716603","2023-03-01T18:48:10"
"1_3","32.2243391","-110.9716555","2023-03-01T18:48:10"
"1_3","32.2243323","-110.9716516","2023-03-01T18:48:10"
"1_3","32.2243097","-110.9716446","2023-03-01T18:48:11"
"1_3","32.2242322","-110.9716323","2023-03-01T18:48:29"
"1_3","32.2229457","-110.9714293","2023-03-01T18:48:30"
"1_3","32.2228444","-110.9714133","2023-03-01T18:48:32"
"1_3","32.2228645","-110.9713104","2023-03-01T18:48:42"
"1_3","32.2230126","-110.9705515","2023-03-01T18:48:49"
"1_3","32.2231017","-110.9700952","2023-03-01T18:48:50"
"1_3","32.2231248","-110.9699763","2023-03-01T18:48:51"
"1_3","32.2231304","-110.9699563","2023-03-01T18:48:51"
"1_3","32.2231393","-110.9699315","2023-03-01T18:48:51"
"1_3","32.2231503","-110.9699074","2023-03-01T18:48:52"
"1_3","32.2231605","-110.9698833","2023-03-01T18:48:52"
"1_3","32.2231673","-110.9698627","2023-03-01T18:48:52"
"1_3","32.2231723","-110.9698427","2023-03-01T18:48:53"
"1_3","32.2231799","-110.9698067","2023-03-01T18:48:54"
"1_3","32.2232024","-110.9696928","2023-03-01T18:49:07"
"1_3","32.223387","-110.9687662","2023-03-01T18:49:09"
"1_3","32.2234115","-110.9686436","2023-03-01T18:49:11"
"1_3","32.2234338","-110.9685322","2023-03-01T18:49:13"
"1_3","32.223474","-110.9683321","2023-03-01T18:49:14"
"1_3","32.2234928","-110.9682769","2023-03-01T18:49:15"
"1_3","32.2235203","-110.9682238","2023-03-01T18:49:16"
"1_3","32.2235076","-110.9681337","2023-03-01T18:49:17"
"1_3","32.2235011","-110.9680836","2023-03-01T18:49:17"
"1_3","32.223501","-110.9680655","2023-03-01T18:49:18"
"1_3","32.2235008","-110.9680345","2023-03-01T18:49:18"
"1_3","32.2235081","-110.9679795","2023-03-01T18:49:20"
"1_3","32.2235324","-110.9678793","2023-03-01T18:49:20"
"1_3","32.2235413","-110.9678535","2023-03-01T18:49:21"
"1_3","32.2235543","-110.9678163","2023-03-01T18:49:21"
"1_3","32.223588","-110.9677692","2023-03-01T18:49:25"
"1_3","32.2234147","-110.9675743","2023-03-01T18:49:30"
"1_3","32.2231733","-110.9672929","2023-03-01T18:49:33"
"1_3","32.2230192","-110.9671087","2023-03-01T18:49:34"
"1_3","32.2229788","-110.9670603","2023-03-01T18:49:42"
"1_3","32.2226144","-110.9666212","2023-03-01T18:49:43"
"1_3","32.2225928","-110.9665952","2023-03-01T18:49:43"
"1_3","32.2225622","-110.9665583","2023-03-01T18:49:47"
"1_3","32.2223773","-110.9663518","2023-03-01T18:49:48"
"1_3","32.2223171","-110.9662955","2023-03-01T18:49:49"
"1_3","32.2222502","-110.9662539","2023-03-01T18:49:50"
"1_3","32.2222191","-110.9662397","2023-03-01T18:49:51"
"1_3","32.22216","-110.9662102","2023-03-01T18:49:51"
"1_3","32.2221457","-110.9662006","2023-03-01T18:49:51"
"1_3","32.2221266","-110.9661889","2023-03-01T18:49:52"
"1_3","32.2221222","-110.9661469","2023-03-01T18:49:52"
"1_3","32.2221084","-110.9660796","2023-03-01T18:49:53"
"1_3","32.2220868","-110.9660326","2023-03-01T18:49:54"
"1_3","32.2220231","-110.9659285","2023-03-01T18:49:54"
"1_3","32.2220097","-110.9659066","2023-03-01T18:49:56"
"1_3","32.2219053","-110.9657832","2023-03-01T18:50"
"1_3","32.2217054","-110.9655445","2023-03-01T18:50:01"
"1_3","32.2216041","-110.9654235","2023-03-01T18:50:02"
"1_3","32.2215833","-110.9653982","2023-03-01T18:50:02"
"1_3","32.2215595","-110.9653702","2023-03-01T18:50:03"
"1_3","32.2215312","-110.9653364","2023-03-01T18:50:03"
"1_3","32.221496","-110.9652988","2023-03-01T18:50:04"
"1_3","32.2214479","-110.9652474","2023-03-01T18:50:04"
"1_3","32.2214321","-110.9652305","2023-03-01T18:50:05"
"1_3","32.2214219","-110.9651784","2023-03-01T18:50:06"
"1_3","32.2214265","-110.9651193","2023-03-01T18:50:06"
"1_3","32.2214317","-110.965092","2023-03-01T18:50:06"
"1_3","32.2214367","-110.965067","2023-03-01T18:50:08"
"1_3","32.2214639","-110.9649893","2023-03-01T18:50:09"
"1_3","32.2215013","-110.9649034","2023-03-01T18:50:10"
"1_3","32.2215277","-110.9648179","2023-03-01T18:50:11"
"1_3","32.2215483","-110.9647597","2023-03-01T18:50:11"
"1_3","32.2215479","-110.9647186","2023-03-01T18:50:12"
"1_3","32.2215467","-110.9647094","2023-03-01T18:50:12"
"1_3","32.2215428","-110.9646784","2023-03-01T18:50:13"
"1_3","32.2215285","-110.9646431","2023-03-01T18:50:14"
"1_3","32.221491","-110.9645783","2023-03-01T18:50:19"
"1_3","32.2212516","-110.9643005","2023-03-01T18:50:30"
"1_3","32.2206487","-110.9636704","2023-03-01T18:50:36"
"1_3","32.2203813","-110.9634121","2023-03-01T18:50:40"
"1_3","32.2201334","-110.9631779","2023-03-01T18:50:42"
"1_3","32.2200304","-110.9630807","2023-03-01T18:50:50"
"1_3","32.2196295","-110.9626748","2023-03-01T18:50:51"
"1_3","32.2195908","-110.9626356","2023-03-01T18:50:58"
"1_3","32.2192186","-110.9622172","2023-03-01T18:51:12"
"1_3","32.2185421","-110.9614504","2023-03-01T18:51:14"
"1_3","32.2184405","-110.9613462","2023-03-01T18:51:17"
"1_3","32.2182701","-110.9611899","2023-03-01T18:51:20"
"1_3","32.2180863","-110.9610746","2023-03-01T18:51:23"
"1_3","32.2179116","-110.9609834","2023-03-01T18:51:26"
"1_3","32.21773","-110.9609244","2023-03-01T18:51:28"
"1_3","32.2175598","-110.9608895","2023-03-01T18:51:30"
"1_3","32.2173851","-110.9608707","2023-03-01T18:51:32"
"1_3","32.2172467","-110.960868","2023-03-01T18:51:36"
"1_3","32.2170159","-110.9608655","2023-03-01T18:51:42"
"1_3","32.2165264","-110.9608601","2023-03-01T18:51:42"
"1_3","32.2165137","-110.96086","2023-03-01T18:51:45"
"1_3","32.2163571","-110.960852","2023-03-01T18:51:47"
"1_3","32.2161756","-110.9608251","2023-03-01T18:51:49"
"1_3","32.2160559","-110.9607954","2023-03-01T18:51:49"
"1_3","32.2160099","-110.9607849","2023-03-01T18:51:52"
"1_3","32.2158352","-110.9607205","2023-03-01T18:51:54"
"1_3","32.2156945","-110.9606383","2023-03-01T18:51:55"
"1_3","32.2156514","-110.9606132","2023-03-01T18:51:58"
"1_3","32.2154721","-110.9604711","2023-03-01T18:51:59"
"1_3","32.2154047","-110.9604067","2023-03-01T18:52:01"
"1_3","32.2153178","-110.9603236","2023-03-01T18:52:03"
"1_3","32.2152131","-110.9602085","2023-03-01T18:52:05"
"1_3","32.2151226","-110.9600875","2023-03-01T18:52:07"
"1_3","32.2150319","-110.9599856","2023-03-01T18:52:08"
"1_3","32.2149524","-110.9599221","2023-03-01T18:52:10"
"1_3","32.2148318","-110.9598491","2023-03-01T18:52:12"
"1_3","32.2147042","-110.9598033","2023-03-01T18:52:13"
"1_3","32.2146578","-110.9598015","2023-03-01T18:52:19"
"1_3","32.2142176","-110.9597871","2023-03-01T18:52:19"
"1_3","32.2141846","-110.959786","2023-03-01T18:52:20"
"1_3","32.2141056","-110.9597834","2023-03-01T18:52:21"
"1_3","32.2140704","-110.9597834","2023-03-01T18:52:30"
"1_3","32.2133896","-110.9597836","2023-03-01T18:52:38"
"1_3","32.2128258","-110.9597676","2023-03-01T18:52:39"
"1_3","32.2127654","-110.9597665","2023-03-01T18:52:42"
"1_3","32.2125506","-110.9597686","2023-03-01T18:52:48"
"1_3","32.212094","-110.9597749","2023-03-01T18:52:50"
"1_3","32.212093","-110.9595841","2023-03-01T18:53:11"
"1_3","32.2120851","-110.9580997","2023-03-01T18:53:11"
"1_3","32.2120848","-110.9580392","2023-03-01T18:53:14"
"1_3","32.2120838","-110.9578468","2023-03-01T18:53:19"
"1_3","32.2120818","-110.9574619","2023-03-01T18:53:21"
"1_3","32.2120812","-110.9573529","2023-03-01T18:53:24"
"1_3","32.21208","-110.9571169","2023-03-01T18:53:28"
"1_3","32.2120968","-110.9568155","2023-03-01T18:53:32"
"1_3","32.2120961","-110.9565491","2023-03-01T18:53:32"
"1_3","32.212096","-110.9565364","2023-03-01T18:53:34"
"1_3","32.2120957","-110.9564127","2023-03-01T18:53:35"
"1_3","32.2120052","-110.9564097","2023-03-01T18:53:35"
"1_3","32.211998","-110.9564095","2023-03-01T18:53:37"
"1_3","32.2118596","-110.956406","2023-03-01T18:53:38"
"1_3","32.2117541","-110.9564004","2023-03-01T18:53:39"
"1_3","32.2116495","-110.9563903","2023-03-01T18:53:40"
"1_3","32.2115721","-110.9563806","2023-03-01T18:53:41"
"1_3","32.2115344","-110.9563768","2023-03-01T18:53:42"
"1_3","32.2114232","-110.9563577","2023-03-01T18:53:43"
"1_3","32.2112967","-110.9563386","2023-03-01T18:53:45"
"1_3","32.2112092","-110.9563217","2023-03-01T18:53:45"
"1_3","32.2111398","-110.9563015","2023-03-01T18:53:47"
"1_3","32.2110298","-110.9562474","2023-03-01T18:53:50"
"1_3","32.2108068","-110.956244","2023-03-01T18:53:53"
"1_3","32.2105524","-110.9562425","2023-03-01T18:53:59"
"1_3","32.2100173","-110.9562393","2023-03-01T18:54:06"
"1_3","32.2094751","-110.9562368","2023-03-01T18:54:18"
"1_3","32.2084921","-110.9562263","2023-03-01T18:54:19"
"1_3","32.2083628","-110.9562256","2023-03-01T18:54:21"
"1_3","32.2081953","-110.956224","2023-03-01T18:54:33"
"1_3","32.2072341","-110.9562147","2023-03-01T18:54:34"
"1_3","32.2071602","-110.9562143","2023-03-01T18:54:36"
"1_3","32.2070003","-110.9562128","2023-03-01T18:54:37"
"1_3","32.2068881","-110.956212","2023-03-01T18:54:39"
"1_3","32.2068884","-110.9560566","2023-03-01T18:54:39"
"2_0","32.2250308","-110.9686563","2023-03-01T18:31:44"
"2_0","32.2254915","-110.9686615","2023-03-01T18:31:51"
"2_0","32.2260369","-110.9686674","2023-03-01T18:31:54"
"2_0","32.2262536","-110.9686703","2023-03-01T18:31:54"
"2_0","32.2262711","-110.9686707","2023-03-01T18:31:55"
"2_0","32.2263234","-110.9686722","2023-03-01T18:31:56"
"2_0","32.226408","-110.9686747","2023-03-01T18:31:58"
"2_0","32.2264094","-110.9685887","2023-03-01T18:31:58"
"2_0","32.2264096","-110.9685649","2023-03-01T18:31:58"
"2_0","32.2264084","-110.9685432","2023-03-01T18:31:59"
"2_0","32.2264063","-110.9685147","2023-03-01T18:32"
"2_0","32.2264038","-110.9684805","2023-03-01T18:32"
"2_0","32.2264012","-110.9684467","2023-03-01T18:32:01"
"2_0","32.2263975","-110.9683964","2023-03-01T18:32:01"
"2_0","32.2263964","-110.9683744","2023-03-01T18:32:02"
"2_0","32.2263961","-110.9683514","2023-03-01T18:32:05"
"2_0","32.2263958","-110.9681887","2023-03-01T18:32:10"
"2_0","32.2263953","-110.9679039","2023-03-01T18:32:11"
"2_0","32.2263954","-110.9678388","2023-03-01T18:32:14"
"2_0","32.2263956","-110.9677084","2023-03-01T18:32:19"
"2_0","32.2263961","-110.9674287","2023-03-01T18:32:19"
"2_0","32.2263973","-110.9674084","2023-03-01T18:32:19"
"2_0","32.2263995","-110.9673891","2023-03-01T18:32:23"
"2_0","32.2264171","-110.9672189","2023-03-01T18:32:23"
"2_0","32.2264187","-110.9671998","2023-03-01T18:32:23"
"2_0","32.2264196","-110.967181","2023-03-01T18:32:24"
"2_0","32.2264203","-110.9671334","2023-03-01T18:32:26"
"2_0","32.2263174","-110.9671314","2023-03-01T18:32:27"
"2_0","32.2262868","-110.9671265","2023-03-01T18:32:28"
"2_0","32.2262355","-110.9671074","2023-03-01T18:32:28"
"2_0","32.2262297","-110.9671053","2023-03-01T18:32:28"
"2_0","32.2262212","-110.9671022","2023-03-01T18:32:28"
"2_0","32.2261884","-110.9670955","2023-03-01T18:32:29"
"2_0","32.2261487","-110.9670922","2023-03-01T18:32:30"
"2_0","32.2261098","-110.9670915","2023-03-01T18:32:31"
"2_0","32.226049","-110.9670905","2023-03-01T18:32:34"
"2_0","32.2258598","-110.9670872","2023-03-01T18:32:35"
"2_0","32.2258254","-110.9670866","2023-03-01T18:32:39"
"2_0","32.2256113","-110.9670828","2023-03-01T18:32:39"
"2_0","32.2255904","-110.9670815","2023-03-01T18:32:39"
"2_0","32.2255851","-110.9670812","2023-03-01T18:32:40"
"2_0","32.2255329","-110.9670756","2023-03-01T18:32:41"
"2_0","32.225509","-110.9670741","2023-03-01T18:32:44"
"2_0","32.225322","-110.9670697","2023-03-01T18:32:46"
"2_0","32.2252293","-110.9670675","2023-03-01T18:32:46"
"2_0","32.2252112","-110.9670631","2023-03-01T18:32:47"
"2_0","32.2251967","-110.9670541","2023-03-01T18:32:47"
"2_0","32.2251805","-110.967038","2023-03-01T18:32:47"
"2_0","32.2251653","-110.9670189","2023-03-01T18:32:48"
"2_0","32.2251492","-110.9669957","2023-03-01T18:32:49"
"2_0","32.2251194","-110.9669313","2023-03-01T18:32:50"
"2_0","32.2250965","-110.9669636","2023-03-01T18:32:51"
"2_0","32.2250744","-110.9669913","2023-03-01T18:32:52"
"2_0","32.2250325","-110.9670197","2023-03-01T18:32:52"
"2_0","32.2250079","-110.9670364","2023-03-01T18:32:54"
"2_0","32.2248951","-110.9670732","2023-03-01T18:32:56"
"2_0","32.2247766","-110.9670769","2023-03-01T18:32:59"
"2_0","32.2246643","-110.967003","2023-03-01T18:33:16"
"2_0","32.2240624","-110.966291","2023-03-01T18:33:19"
"2_0","32.2239354","-110.9661408","2023-03-01T18:33:20"
"2_0","32.2239129","-110.9661131","2023-03-01T18:33:21"
"2_0","32.2238965","-110.9660904","2023-03-01T18:33:21"
"2_0","32.2238793","-110.9660611","2023-03-01T18:33:22"
"2_0","32.2238678","-110.9660367","2023-03-01T18:33:22"
"2_0","32.2238585","-110.9660106","2023-03-01T18:33:23"
"2_0","32.223851","-110.9659766","2023-03-01T18:33:23"
"2_0","32.2238473","-110.9659442","2023-03-01T18:33:24"
"2_0","32.223846","-110.9659156","2023-03-01T18:33:24"
"2_0","32.2238457","-110.9658886","2023-03-01T18:33:28"
"2_0","32.2238447","-110.9657058","2023-03-01T18:33:28"
"2_0","32.2238454","-110.9656901","2023-03-01T18:33:28"
"2_0","32.2238455","-110.9656867","2023-03-01T18:33:28"
"2_0","32.2238482","-110.9656678","2023-03-01T18:33:29"
"2_0","32.2238521","-110.965651","2023-03-01T18:33:29"
"2_0","32.2238533","-110.9656417","2023-03-01T18:33:29"
"2_0","32.2238541","-110.9656348","2023-03-01T18:33:29"
"2_0","32.223855","-110.9656212","2023-03-01T18:33:30"
"2_0","32.2238536","-110.965579","2023-03-01T18:33:31"
"2_0","32.2238531","-110.9655463","2023-03-01T18:33:31"
"2_0","32.2238516","-110.9655351","2023-03-01T18:33:32"
"2_0","32.2237965","-110.9655458","2023-03-01T18:33:32"
"2_0","32.2237735","-110.9655507","2023-03-01T18:33:32"
"2_0","32.2237356","-110.9655592","2023-03-01T18:33:33"
"2_0","32.2236977","-110.9655678","2023-03-01T18:33:34"
"2_0","32.2236636","-110.9655763","2023-03-01T18:33:38"
"2_0","32.2233787","-110.9656547","2023-03-01T18:33:47"
"2_0","32.2227116","-110.9658349","2023-03-01T18:33:52"
"2_0","32.2223813","-110.9659321","2023-03-01T18:33:53"
"2_0","32.2222702","-110.9659587","2023-03-01T18:33:54"
"2_0","32.2222075","-110.9659652","2023-03-01T18:33:55"
"2_0","32.2221462","-110.9659535","2023-03-01T18:33:56"
"2_0","32.2221016","-110.9659384","2023-03-01T18:33:57"
"2_0","32.2220097","-110.9659066","2023-03-01T18:33:59"
"2_0","32.2219053","-110.9657832","2023-03-01T18:34:02"
"2_0","32.2217054","-110.9655445","2023-03-01T18:34:04"
"2_0","32.2216041","-110.9654235","2023-03-01T18:34:04"
"2_0","32.2215833","-110.9653982","2023-03-01T18:34:06"
"2_0","32.2214843","-110.9653274","2023-03-01T18:34:07"
"2_0","32.2214287","-110.9653067","2023-03-01T18:34:07"
"2_0","32.2213865","-110.9653096","2023-03-01T18:34:08"
"2_0","32.2213551","-110.9653193","2023-03-01T18:34:08"
"2_0","32.2213153","-110.9653553","2023-03-01T18:34:09"
"2_0","32.2212887","-110.9654014","2023-03-01T18:34:10"
"2_0","32.2212701","-110.9654526","2023-03-01T18:34:13"
"2_0","32.2212356","-110.9656585","2023-03-01T18:34:15"
"2_0","32.2212096","-110.9658152","2023-03-01T18:34:16"
"2_0","32.22121","-110.9658864","2023-03-01T18:34:18"
"2_0","32.2212112","-110.9661044","2023-03-01T18:34:20"
"2_0","32.2212122","-110.9662866","2023-03-01T18:34:22"
"2_0","32.2211074","-110.966282","2023-03-01T18:34:25"
"2_0","32.2209458","-110.9662749","2023-03-01T18:34:38"
"2_0","32.2202495","-110.9662639","2023-03-01T18:34:42"
"2_0","32.2199933","-110.9662663","2023-03-01T18:34:44"
"2_0","32.2198875","-110.9663079","2023-03-01T18:34:46"
"2_0","32.2198027","-110.9663073","2023-03-01T18:34:50"
"2_0","32.2195729","-110.9663058","2023-03-01T18:34:52"
"2_0","32.2194837","-110.9663052","2023-03-01T18:34:52"
"2_0","32.2194754","-110.9663051","2023-03-01T18:34:52"
"2_0","32.2194596","-110.966305","2023-03-01T18:34:55"
"2_0","32.2192892","-110.9663043","2023-03-01T18:34:57"
"2_0","32.2192101","-110.9663039","2023-03-01T18:34:57"
"2_0","32.219199","-110.9663039","2023-03-01T18:35"
"2_0","32.2190279","-110.9663034","2023-03-01T18:35:06"
"2_0","32.2186868","-110.9663025","2023-03-01T18:35:08"
"2_0","32.218606","-110.9663023","2023-03-01T18:35:09"
"2_0","32.2186057","-110.9662111","2023-03-01T18:35:12"
"2_0","32.2186074","-110.9660404","2023-03-01T18:35:19"
"2_0","32.2186109","-110.9656835","2023-03-01T18:35:20"
"2_0","32.2186114","-110.965635","2023-03-01T18:35:22"
"2_0","32.2186124","-110.9655329","2023-03-01T18:35:23"
"2_0","32.2185006","-110.9655309","2023-03-01T18:35:24"
"2_0","32.2184092","-110.9655306","2023-03-01T18:35:27"
"2_0","32.2182233","-110.9655285","2023-03-01T18:35:32"
"2_0","32.2178835","-110.9655247","2023-03-01T18:35:38"
"2_0","32.2173993","-110.9655163","2023-03-01T18:35:39"
"2_0","32.2173797","-110.9655165","2023-03-01T18:35:39"
"2_0","32.2173383","-110.9655135","2023-03-01T18:35:39"
"2_0","32.2173386","-110.9655192","2023-03-01T18:35:39"
"2_0","32.2173343","-110.9655366","2023-03-01T18:35:40"
"2_0","32.2173255","-110.9655515","2023-03-01T18:35:40"
"2_0","32.2173131","-110.9655621","2023-03-01T18:35:40"
"2_0","32.2172984","-110.9655673","2023-03-01T18:35:40"
"2_0","32.2172885","-110.9655669","2023-03-01T18:35:41"
"2_0","32.2172897","-110.9656351","2023-03-01T18:35:42"
"2_0","32.2172897","-110.9656698","2023-03-01T18:35:50"
"2_0","32.2172897","-110.966089","2023-03-01T18:35:53"
"2_0","32.2172897","-110.9662807","2023-03-01T18:35:55"
"2_0","32.2171879","-110.96628","2023-03-01T18:36:05"
"2_0","32.2166432","-110.9662807","2023-03-01T18:36:07"
"2_0","32.2165159","-110.96628","2023-03-01T18:36:15"
"2_0","32.2160739","-110.96628","2023-03-01T18:36:17"
"2_0","32.2159809","-110.9662807","2023-03-01T18:36:19"
"2_0","32.2158845","-110.9662772","2023-03-01T18:36:39"
"2_0","32.2147699","-110.9662683","2023-03-01T18:36:41"
"2_0","32.2146674","-110.9662653","2023-03-01T18:36:43"
"2_0","32.2145743","-110.9662653","2023-03-01T18:36:57"
"2_0","32.2137842","-110.9662585","2023-03-01T18:37:03"
"2_0","32.2134627","-110.9662545","2023-03-01T18:37:05"
"2_0","32.2133627","-110.9662557","2023-03-01T18:37:06"
"2_0","32.2132739","-110.9662543","2023-03-01T18:37:14"
"2_0","32.2128817","-110.9662587","2023-03-01T18:37:27"
"2_0","32.212155","-110.9662464","2023-03-01T18:37:28"
"2_0","32.2120635","-110.9662464","2023-03-01T18:37:30"
"2_0","32.2119654","-110.9662462","2023-03-01T18:37:51"
"2_0","32.210825","-110.9662234","2023-03-01T18:37:52"
"2_0","32.2107624","-110.9662234","2023-03-01T18:37:53"
"2_0","32.2107348","-110.9662259","2023-03-01T18:38:06"
"2_0","32.2107546","-110.9669604","2023-03-01T18:38:06"
"2_0","32.2107414","-110.9669631","2023-03-01T18:38:06"
"2_0","32.2107297","-110.9669707","2023-03-01T18:38:07"
"2_0","32.2107208","-110.9669825","2023-03-01T18:38:07"
"2_0","32.2107156","-110.9669971","2023-03-01T18:38:08"
"2_0","32.2106688","-110.9669989","2023-03-01T18:38:18"
"2_0","32.2100987","-110.9669938","2023-03-01T18:38:31"
"2_0","32.2094269","-110.966975","2023-03-01T18:38:45"
"2_0","32.2094233","-110.967744","2023-03-01T18:38:53"
"2_0","32.2094212","-110.9681932","2023-03-01T18:38:53"
"2_0","32.2094211","-110.9682174","2023-03-01T18:38:56"
"2_0","32.2094205","-110.9683921","2023-03-01T18:38:57"
"2_0","32.2094201","-110.9684176","2023-03-01T18:38:58"
"2_0","32.2094199","-110.9684701","2023-03-01T18:38:59"
"2_0","32.209357","-110.968469","2023-03-01T18:39:01"
"2_0","32.2091832","-110.9684684","2023-03-01T18:39:02"
"2_0","32.2091275","-110.9685311","2023-03-01T18:39:03"
"2_0","32.2091719","-110.9685873","2023-03-01T18:39:05"
"2_0","32.209393","-110.968592","2023-03-01T18:39:06"
"2_0","32.2094214","-110.9685927","2023-03-01T18:39:06"
"2_0","32.2094213","-110.9686406","2023-03-01T18:39:07"
"2_0","32.2094206","-110.968687","2023-03-01T18:39:11"
"2_0","32.2094188","-110.9688948","2023-03-01T18:39:18"
"2_0","32.2094154","-110.969286","2023-03-01T18:39:32"
"2_0","32.2094088","-110.9700449","2023-03-01T18:39:46"
"2_0","32.2094012","-110.9708327","2023-03-01T18:40"
"2_0","32.2093955","-110.9715891","2023-03-01T18:40:01"
"2_0","32.2093333","-110.9715884","2023-03-01T18:40:24"
"2_0","32.208095","-110.9715753","2023-03-01T18:40:45"
"2_0","32.2069382","-110.9715759","2023-03-01T18:40:46"
"2_0","32.2069033","-110.9715748","2023-03-01T18:40:47"
"2_0","32.2068005","-110.9715769","2023-03-01T18:40:49"
"2_0","32.206701","-110.9715742","2023-03-01T18:40:50"
"2_0","32.2066709","-110.9715745","2023-03-01T18:40:57"
"2_0","32.2062657","-110.9715702","2023-03-01T18:41:07"
"2_0","32.2057295","-110.9715636","2023-03-01T18:41:21"
"2_0","32.2057283","-110.9723427","2023-03-01T18:41:35"
"2_0","32.2057272","-110.973104","2023-03-01T18:41:38"
"2_0","32.2055449","-110.9731058","2023-03-01T18:41:48"
"2_0","32.2055432","-110.9736508","2023-03-01T18:41:55"
"2_0","32.205542","-110.9740391","2023-03-01T18:41:56"
"2_0","32.2055418","-110.974102","2023-03-01T18:42"
"2_0","32.2055413","-110.9742849","2023-03-01T18:42"
"2_0","32.2055412","-110.9743156","2023-03-01T18:42:01"
"2_0","32.205541","-110.9743725","2023-03-01T18:42:04"
"2_0","32.2055406","-110.9745203","2023-03-01T18:42:04"
"2_0","32.2055405","-110.9745423","2023-03-01T18:42:06"
"2_0","32.2055402","-110.9746362","2023-03-01T18:42:15"
"2_0","32.2061704","-110.9746411","2023-03-01T18:42:15"
"2_1","32.2250308","-110.9686563","2023-03-01T18:08:28"
"2_1","32.2254915","-110.9686615","2023-03-01T18:08:35"
"2_1","32.2260369","-110.9686674","2023-03-01T18:08:38"
"2_1","32.2262536","-110.9686703","2023-03-01T18:08:38"
"2_1","32.2262711","-110.9686707","2023-03-01T18:08:39"
"2_1","32.2263234","-110.9686722","2023-03-01T18:08:40"
"2_1","32.226408","-110.9686747","2023-03-01T18:08:42"
"2_1","32.2264094","-110.9685887","2023-03-01T18:08:42"
"2_1","32.2264096","-110.9685649","2023-03-01T18:08:42"
"2_1","32.2264084","-110.9685432","2023-03-01T18:08:43"
"2_1","32.2264063","-110.9685147","2023-03-01T18:08:44"
"2_1","32.2264038","-110.9684805","2023-03-01T18:08:44"
"2_1","32.2264012","-110.9684467","2023-03-01T18:08:45"
"2_1","32.2263975","-110.9683964","2023-03-01T18:08:45"
"2_1","32.2263964","-110.9683744","2023-03-01T18:08:46"
"2_1","32.2263961","-110.9683514","2023-03-01T18:08:49"
"2_1","32.2263958","-110.9681887","2023-03-01T18:08:54"
"2_1","32.2263953","-110.9679039","2023-03-01T18:08:55"
"2_1","32.2263954","-110.9678388","2023-03-01T18:08:58"
"2_1","32.2263956","-110.9677084","2023-03-01T18:09:03"
"2_1","32.2263961","-110.9674287","2023-03-01T18:09:03"
"2_1","32.2263973","-110.9674084","2023-03-01T18:09:03"
"2_1","32.2263995","-110.9673891","2023-03-01T18:09:07"
"2_1","32.2264171","-110.9672189","2023-03-01T18:09:07"
"2_1","32.2264187","-110.9671998","2023-03-01T18:09:07"
"2_1","32.2264196","-110.967181","2023-03-01T18:09:08"
"2_1","32.2264203","-110.9671334","2023-03-01T18:09:10"
"2_1","32.2263174","-110.9671314","2023-03-01T18:09:11"
"2_1","32.2262868","-110.9671265","2023-03-01T18:09:12"
"2_1","32.2262355","-110.9671074","2023-03-01T18:09:12"
"2_1","32.2262297","-110.9671053","2023-03-01T18:09:12"
"2_1","32.2262212","-110.9671022","2023-03-01T18:09:12"
"2_1","32.2261884","-110.9670955","2023-03-01T18:09:13"
"2_1","32.2261487","-110.9670922","2023-03-01T18:09:14"
"2_1","32.2261098","-110.9670915","2023-03-01T18:09:15"
"2_1","32.226049","-110.9670905","2023-03-01T18:09:18"
"2_1","32.2258598","-110.9670872","2023-03-01T18:09:19"
"2_1","32.2258254","-110.9670866","2023-03-01T18:09:23"
"2_1","32.2256113","-110.9670828","2023-03-01T18:09:23"
"2_1","32.2255904","-110.9670815","2023-03-01T18:09:23"
"2_1","32.2255851","-110.9670812","2023-03-01T18:09:24"
"2_1","32.2255329","-110.9670756","2023-03-01T18:09:25"
"2_1","32.225509","-110.9670741","2023-03-01T18:09:28"
"2_1","32.225322","-110.9670697","2023-03-01T18:09:30"
"2_1","32.2252293","-110.9670675","2023-03-01T18:09:30"
"2_1","32.2252112","-110.9670631","2023-03-01T18:09:31"
"2_1","32.2251967","-110.9670541","2023-03-01T18:09:31"
"2_1","32.2251805","-110.967038","2023-03-01T18:09:31"
"2_1","32.2251653","-110.9670189","2023-03-01T18:09:32"
"2_1","32.2251492","-110.9669957","2023-03-01T18:09:33"
"2_1","32.2251194","-110.9669313","2023-03-01T18:09:34"
"2_1","32.2250965","-110.9669636","2023-03-01T18:09:35"
"2_1","32.2250744","-110.9669913","2023-03-01T18:09:36"
"2_1","32.2250325","-110.9670197","2023-03-01T18:09:36"
"2_1","32.2250079","-110.9670364","2023-03-01T18:09:38"
"2_1","32.2248951","-110.9670732","2023-03-01T18:09:40"
"2_1","32.2247766","-110.9670769","2023-03-01T18:09:43"
"2_1","32.2246643","-110.967003","2023-03-01T18:10"
"2_1","32.2240624","-110.966291","2023-03-01T18:10:03"
"2_1","32.2239354","-110.9661408","2023-03-01T18:10:04"
"2_1","32.2239129","-110.9661131","2023-03-01T18:10:05"
"2_1","32.2238965","-110.9660904","2023-03-01T18:10:05"
"2_1","32.2238793","-110.9660611","2023-03-01T18:10:06"
"2_1","32.2238678","-110.9660367","2023-03-01T18:10:06"
"2_1","32.2238585","-110.9660106","2023-03-01T18:10:07"
"2_1","32.223851","-110.9659766","2023-03-01T18:10:07"
"2_1","32.2238473","-110.9659442","2023-03-01T18:10:08"
"2_1","32.223846","-110.9659156","2023-03-01T18:10:08"
"2_1","32.2238457","-110.9658886","2023-03-01T18:10:12"
"2_1","32.2238447","-110.9657058","2023-03-01T18:10:12"
"2_1","32.2238454","-110.9656901","2023-03-01T18:10:12"
"2_1","32.2238455","-110.9656867","2023-03-01T18:10:12"
"2_1","32.2238482","-110.9656678","2023-03-01T18:10:13"
"2_1","32.2238521","-110.965651","2023-03-01T18:10:13"
"2_1","32.2238533","-110.9656417","2023-03-01T18:10:14"
"2_1","32.2238047","-110.9656473","2023-03-01T18:10:14"
"2_1","32.22376","-110.9656543","2023-03-01T18:10:16"
"2_1","32.2236657","-110.9656722","2023-03-01T18:10:19"
"2_1","32.2234274","-110.9657359","2023-03-01T18:10:28"
"2_1","32.2227648","-110.9659173","2023-03-01T18:10:34"
"2_1","32.222347","-110.9660359","2023-03-01T18:10:35"
"2_1","32.2222794","-110.9660681","2023-03-01T18:10:36"
"2_1","32.2222305","-110.9661055","2023-03-01T18:10:37"
"2_1","32.2221914","-110.9661513","2023-03-01T18:10:38"
"2_1","32.22216","-110.9662102","2023-03-01T18:10:38"
"2_1","32.2221457","-110.9662006","2023-03-01T18:10:38"
"2_1","32.2221266","-110.9661889","2023-03-01T18:10:39"
"2_1","32.2221222","-110.9661469","2023-03-01T18:10:40"
"2_1","32.2221084","-110.9660796","2023-03-01T18:10:40"
"2_1","32.2220868","-110.9660326","2023-03-01T18:10:41"
"2_1","32.2220231","-110.9659285","2023-03-01T18:10:42"
"2_1","32.2220097","-110.9659066","2023-03-01T18:10:44"
"2_1","32.2219053","-110.9657832","2023-03-01T18:10:47"
"2_1","32.2217054","-110.9655445","2023-03-01T18:10:49"
"2_1","32.2216041","-110.9654235","2023-03-01T18:10:49"
"2_1","32.2215833","-110.9653982","2023-03-01T18:10:49"
"2_1","32.2215595","-110.9653702","2023-03-01T18:10:50"
"2_1","32.2215312","-110.9653364","2023-03-01T18:10:50"
"2_1","32.221496","-110.9652988","2023-03-01T18:10:51"
"2_1","32.2214479","-110.9652474","2023-03-01T18:10:51"
"2_1","32.2214321","-110.9652305","2023-03-01T18:10:52"
"2_1","32.2214219","-110.9651784","2023-03-01T18:10:53"
"2_1","32.2214265","-110.9651193","2023-03-01T18:10:53"
"2_1","32.2214317","-110.965092","2023-03-01T18:10:54"
"2_1","32.2214367","-110.965067","2023-03-01T18:10:55"
"2_1","32.2214639","-110.9649893","2023-03-01T18:10:56"
"2_1","32.2215013","-110.9649034","2023-03-01T18:10:57"
"2_1","32.2215277","-110.9648179","2023-03-01T18:10:58"
"2_1","32.2215483","-110.9647597","2023-03-01T18:10:59"
"2_1","32.2215479","-110.9647186","2023-03-01T18:10:59"
"2_1","32.2215467","-110.9647094","2023-03-01T18:10:59"
"2_1","32.2215428","-110.9646784","2023-03-01T18:11"
"2_1","32.2215285","-110.9646431","2023-03-01T18:11:01"
"2_1","32.221491","-110.9645783","2023-03-01T18:11:06"
"2_1","32.2212516","-110.9643005","2023-03-01T18:11:18"
"2_1","32.2206487","-110.9636704","2023-03-01T18:11:23"
"2_1","32.2203813","-110.9634121","2023-03-01T18:11:28"
"2_1","32.2201334","-110.9631779","2023-03-01T18:11:29"
"2_1","32.2200304","-110.9630807","2023-03-01T18:11:32"
"2_1","32.2199649","-110.9631947","2023-03-01T18:11:33"
"2_1","32.2199356","-110.9632457","2023-03-01T18:11:36"
"2_1","32.2199138","-110.9634259","2023-03-01T18:11:46"
"2_1","32.2198957","-110.963988","2023-03-01T18:11:48"
"2_1","32.2198312","-110.9639877","2023-03-01T18:11:54"
"2_1","32.219468","-110.9639857","2023-03-01T18:12:09"
"2_1","32.2186711","-110.9639815","2023-03-01T18:12:10"
"2_1","32.2186034","-110.9639811","2023-03-01T18:12:12"
"2_1","32.2184919","-110.9639813","2023-03-01T18:12:14"
"2_1","32.2183838","-110.9639814","2023-03-01T18:12:33"
"2_1","32.2173541","-110.9639681","2023-03-01T18:12:33"
"2_1","32.2173208","-110.9639685","2023-03-01T18:12:33"
"2_1","32.2173205","-110.9639749","2023-03-01T18:12:34"
"2_1","32.2173167","-110.9639859","2023-03-01T18:12:34"
"2_1","32.2173099","-110.9639946","2023-03-01T18:12:34"
"2_1","32.2173011","-110.9640002","2023-03-01T18:12:34"
"2_1","32.2172944","-110.9640013","2023-03-01T18:12:48"
"2_1","32.2172852","-110.9647431","2023-03-01T18:12:49"
"2_1","32.2171971","-110.9647409","2023-03-01T18:13:10"
"2_1","32.2160674","-110.9647481","2023-03-01T18:13:12"
"2_1","32.2159774","-110.9647464","2023-03-01T18:13:13"
"2_1","32.2158835","-110.9647417","2023-03-01T18:13:34"
"2_1","32.2147615","-110.9647354","2023-03-01T18:13:35"
"2_1","32.2146722","-110.9647459","2023-03-01T18:13:37"
"2_1","32.2145778","-110.9647486","2023-03-01T18:13:57"
"2_1","32.2134676","-110.9647325","2023-03-01T18:13:59"
"2_1","32.2133544","-110.9647322","2023-03-01T18:14:01"
"2_1","32.2132695","-110.9647338","2023-03-01T18:14:21"
"2_1","32.212141","-110.9647156","2023-03-01T18:14:23"
"2_1","32.2120756","-110.9647127","2023-03-01T18:14:25"
"2_1","32.2119634","-110.9647113","2023-03-01T18:14:45"
"2_1","32.2108321","-110.9646928","2023-03-01T18:14:47"
"2_1","32.2107504","-110.9646986","2023-03-01T18:14:58"
"2_1","32.2107485","-110.9653235","2023-03-01T18:14:59"
"2_1","32.2107484","-110.9653556","2023-03-01T18:15"
"2_1","32.210748","-110.9654534","2023-03-01T18:15:05"
"2_1","32.2104471","-110.9654522","2023-03-01T18:15:06"
"2_1","32.210374","-110.9654521","2023-03-01T18:15:08"
"2_1","32.2101966","-110.9654517","2023-03-01T18:15:18"
"2_1","32.2094341","-110.9654501","2023-03-01T18:15:21"
"2_1","32.2094335","-110.9655685","2023-03-01T18:15:21"
"2_1","32.2094333","-110.9656014","2023-03-01T18:15:32"
"2_1","32.2094305","-110.9662211","2023-03-01T18:15:46"
"2_1","32.2094269","-110.966975","2023-03-01T18:15:59"
"2_1","32.2087018","-110.966976","2023-03-01T18:16:03"
"2_1","32.2085024","-110.9669778","2023-03-01T18:16:10"
"2_1","32.2081281","-110.9669791","2023-03-01T18:16:24"
"2_1","32.208124","-110.9677375","2023-03-01T18:16:25"
"2_1","32.2080576","-110.9677365","2023-03-01T18:16:28"
"2_1","32.2078818","-110.9677352","2023-03-01T18:16:37"
"2_1","32.2073915","-110.9677305","2023-03-01T18:16:45"
"2_1","32.2069774","-110.9677262","2023-03-01T18:16:47"
"2_1","32.2068499","-110.9677253","2023-03-01T18:16:50"
"2_1","32.2068518","-110.9680232","2023-03-01T18:16:52"
"2_1","32.2068531","-110.9682295","2023-03-01T18:16:53"
"2_1","32.2068537","-110.9683215","2023-03-01T18:16:54"
"2_1","32.2068538","-110.968336","2023-03-01T18:16:54"
"2_1","32.2068539","-110.968349","2023-03-01T18:16:54"
"2_1","32.2068537","-110.968388","2023-03-01T18:16:55"
"2_1","32.2068531","-110.968495","2023-03-01T18:16:57"
"2_1","32.206733","-110.968494","2023-03-01T18:16:57"
"2_2","32.2250308","-110.9686563","2023-03-01T18:32:34"
"2_2","32.2254915","-110.9686615","2023-03-01T18:32:41"
"2_2","32.2260369","-110.9686674","2023-03-01T18:32:44"
"2_2","32.2262536","-110.9686703","2023-03-01T18:32:44"
"2_2","32.2262711","-110.9686707","2023-03-01T18:32:45"
"2_2","32.2263234","-110.9686722","2023-03-01T18:32:46"
"2_2","32.226408","-110.9686747","2023-03-01T18:32:48"
"2_2","32.2264094","-110.9685887","2023-03-01T18:32:48"
"2_2","32.2264096","-110.9685649","2023-03-01T18:32:48"
"2_2","32.2264084","-110.9685432","2023-03-01T18:32:49"
"2_2","32.2264063","-110.9685147","2023-03-01T18:32:50"
"2_2","32.2264038","-110.9684805","2023-03-01T18:32:50"
"2_2","32.2264012","-110.9684467","2023-03-01T18:32:51"
"2_2","32.2263975","-110.9683964","2023-03-01T18:32:51"
"2_2","32.2263964","-110.9683744","2023-03-01T18:32:52"
"2_2","32.2263961","-110.9683514","2023-03-01T18:32:55"
"2_2","32.2263958","-110.9681887","2023-03-01T18:33"
"2_2","32.2263953","-110.9679039","2023-03-01T18:33:01"
"2_2","32.2263954","-110.9678388","2023-03-01T18:33:04"
"2_2","32.2263956","-110.9677084","2023-03-01T18:33:09"
"2_2","32.2263961","-110.9674287","2023-03-01T18:33:09"
"2_2","32.2263973","-110.9674084","2023-03-01T18:33:09"
"2_2","32.2263995","-110.9673891","2023-03-01T18:33:13"
"2_2","32.2264171","-110.9672189","2023-03-01T18:33:13"
"2_2","32.2264187","-110.9671998","2023-03-01T18:33:13"
"2_2","32.2264196","-110.967181","2023-03-01T18:33:14"
"2_2","32.2264203","-110.9671334","2023-03-01T18:33:16"
"2_2","32.2263174","-110.9671314","2023-03-01T18:33:17"
"2_2","32.2262868","-110.9671265","2023-03-01T18:33:18"
"2_2","32.2262355","-110.9671074","2023-03-01T18:33:18"
"2_2","32.2262297","-110.9671053","2023-03-01T18:33:18"
"2_2","32.2262212","-110.9671022","2023-03-01T18:33:18"
"2_2","32.2261884","-110.9670955","2023-03-01T18:33:19"
"2_2","32.2261487","-110.9670922","2023-03-01T18:33:20"
"2_2","32.2261098","-110.9670915","2023-03-01T18:33:21"
"2_2","32.226049","-110.9670905","2023-03-01T18:33:24"
"2_2","32.2258598","-110.9670872","2023-03-01T18:33:25"
"2_2","32.2258254","-110.9670866","2023-03-01T18:33:29"
"2_2","32.2256113","-110.9670828","2023-03-01T18:33:29"
"2_2","32.2255904","-110.9670815","2023-03-01T18:33:29"
"2_2","32.2255851","-110.9670812","2023-03-01T18:33:30"
"2_2","32.2255329","-110.9670756","2023-03-01T18:33:31"
"2_2","32.225509","-110.9670741","2023-03-01T18:33:34"
"2_2","32.225322","-110.9670697","2023-03-01T18:33:36"
"2_2","32.2252293","-110.9670675","2023-03-01T18:33:36"
"2_2","32.2252112","-110.9670631","2023-03-01T18:33:37"
"2_2","32.2251967","-110.9670541","2023-03-01T18:33:37"
"2_2","32.2251805","-110.967038","2023-03-01T18:33:37"
"2_2","32.2251653","-110.9670189","2023-03-01T18:33:38"
"2_2","32.2251492","-110.9669957","2023-03-01T18:33:39"
"2_2","32.2251194","-110.9669313","2023-03-01T18:33:40"
"2_2","32.2250965","-110.9669636","2023-03-01T18:33:41"
"2_2","32.2250744","-110.9669913","2023-03-01T18:33:42"
"2_2","32.2250325","-110.9670197","2023-03-01T18:33:42"
"2_2","32.2250079","-110.9670364","2023-03-01T18:33:44"
"2_2","32.2248951","-110.9670732","2023-03-01T18:33:46"
"2_2","32.2247766","-110.9670769","2023-03-01T18:33:49"
"2_2","32.2246643","-110.967003","2023-03-01T18:34:06"
"2_2","32.2240624","-110.966291","2023-03-01T18:34:09"
"2_2","32.2239354","-110.9661408","2023-03-01T18:34:10"
"2_2","32.2239129","-110.9661131","2023-03-01T18:34:11"
"2_2","32.2238965","-110.9660904","2023-03-01T18:34:11"
"2_2","32.2238793","-110.9660611","2023-03-01T18:34:12"
"2_2","32.2238678","-110.9660367","2023-03-01T18:34:12"
"2_2","32.2238585","-110.9660106","2023-03-01T18:34:13"
"2_2","32.223851","-110.9659766","2023-03-01T18:34:13"
"2_2","32.2238473","-110.9659442","2023-03-01T18:34:14"
"2_2","32.223846","-110.9659156","2023-03-01T18:34:14"
"2_2","32.2238457","-110.9658886","2023-03-01T18:34:18"
"2_2","32.2238447","-110.9657058","2023-03-01T18:34:18"
"2_2","32.2238454","-110.9656901","2023-03-01T18:34:18"
"2_2","32.2238455","-110.9656867","2023-03-01T18:34:18"
"2_2","32.2238482","-110.9656678","2023-03-01T18:34:19"
"2_2","32.2238521","-110.965651","2023-03-01T18:34:19"
"2_2","32.2238533","-110.9656417","2023-03-01T18:34:20"
"2_2","32.2238047","-110.9656473","2023-03-01T18:34:20"
"2_2","32.22376","-110.9656543","2023-03-01T18:34:22"
"2_2","32.2236657","-110.9656722","2023-03-01T18:34:25"
"2_2","32.2234274","-110.9657359","2023-03-01T18:34:34"
"2_2","32.2227648","-110.9659173","2023-03-01T18:34:40"
"2_2","32.222347","-110.9660359","2023-03-01T18:34:41"
"2_2","32.2222794","-110.9660681","2023-03-01T18:34:42"
"2_2","32.2222305","-110.9661055","2023-03-01T18:34:43"
"2_2","32.2221914","-110.9661513","2023-03-01T18:34:44"
"2_2","32.22216","-110.9662102","2023-03-01T18:34:44"
"2_2","32.2221457","-110.9662006","2023-03-01T18:34:44"
"2_2","32.2221266","-110.9661889","2023-03-01T18:34:45"
"2_2","32.2221222","-110.9661469","2023-03-01T18:34:46"
"2_2","32.2221084","-110.9660796","2023-03-01T18:34:46"
"2_2","32.2220868","-110.9660326","2023-03-01T18:34:47"
"2_2","32.2220231","-110.9659285","2023-03-01T18:34:48"
"2_2","32.2220097","-110.9659066","2023-03-01T18:34:50"
"2_2","32.2219053","-110.9657832","2023-03-01T18:34:53"
"2_2","32.2217054","-110.9655445","2023-03-01T18:34:55"
"2_2","32.2216041","-110.9654235","2023-03-01T18:34:55"
"2_2","32.2215833","-110.9653982","2023-03-01T18:34:55"
"2_2","32.2215595","-110.9653702","2023-03-01T18:34:56"
"2_2","32.2215312","-110.9653364","2023-03-01T18:34:56"
"2_2","32.221496","-110.9652988","2023-03-01T18:34:57"
"2_2","32.2214479","-110.9652474","2023-03-01T18:34:57"
"2_2","32.2214321","-110.9652305","2023-03-01T18:34:58"
"2_2","32.2214219","-110.9651784","2023-03-01T18:34:59"
"2_2","32.2214265","-110.9651193","2023-03-01T18:34:59"
"2_2","32.2214317","-110.965092","2023-03-01T18:35"
"2_2","32.2214367","-110.965067","2023-03-01T18:35:01"
"2_2","32.2214639","-110.9649893","2023-03-01T18:35:02"
"2_2","32.2215013","-110.9649034","2023-03-01T18:35:03"
"2_2","32.2215277","-110.9648179","2023-03-01T18:35:04"
"2_2","32.2215483","-110.9647597","2023-03-01T18:35:05"
"2_2","32.2215479","-110.9647186","2023-03-01T18:35:05"
"2_2","32.2215467","-110.9647094","2023-03-01T18:35:05"
"2_2","32.2215428","-110.9646784","2023-03-01T18:35:06"
"2_2","32.2215285","-110.9646431","2023-03-01T18:35:07"
"2_2","32.221491","-110.9645783","2023-03-01T18:35:12"
"2_2","32.2212516","-110.9643005","2023-03-01T18:35:24"
"2_2","32.2206487","-110.9636704","2023-03-01T18:35:29"
"2_2","32.2203813","-110.9634121","2023-03-01T18:35:34"
"2_2","32.2201334","-110.9631779","2023-03-01T18:35:35"
"2_2","32.2200304","-110.9630807","2023-03-01T18:35:38"
"2_2","32.2199649","-110.9631947","2023-03-01T18:35:39"
"2_2","32.2199356","-110.9632457","2023-03-01T18:35:42"
"2_2","32.2199138","-110.9634259","2023-03-01T18:35:52"
"2_2","32.2198957","-110.963988","2023-03-01T18:35:54"
"2_2","32.2198312","-110.9639877","2023-03-01T18:36"
"2_2","32.219468","-110.9639857","2023-03-01T18:36:15"
"2_2","32.2186711","-110.9639815","2023-03-01T18:36:16"
"2_2","32.2186034","-110.9639811","2023-03-01T18:36:18"
"2_2","32.2184919","-110.9639813","2023-03-01T18:36:20"
"2_2","32.2183838","-110.9639814","2023-03-01T18:36:39"
"2_2","32.2173541","-110.9639681","2023-03-01T18:36:39"
"2_2","32.2173208","-110.9639685","2023-03-01T18:36:39"
"2_2","32.2173205","-110.9639749","2023-03-01T18:36:40"
"2_2","32.2173167","-110.9639859","2023-03-01T18:36:40"
"2_2","32.2173099","-110.9639946","2023-03-01T18:36:40"
"2_2","32.2173011","-110.9640002","2023-03-01T18:36:40"
"2_2","32.2172944","-110.9640013","2023-03-01T18:36:54"
"2_2","32.2172852","-110.9647431","2023-03-01T18:36:55"
"2_2","32.2171971","-110.9647409","2023-03-01T18:37:16"
"2_2","32.2160674","-110.9647481","2023-03-01T18:37:18"
"2_2","32.2159774","-110.9647464","2023-03-01T18:37:19"
"2_2","32.2158835","-110.9647417","2023-03-01T18:37:40"
"2_2","32.2147615","-110.9647354","2023-03-01T18:37:41"
"2_2","32.2146722","-110.9647459","2023-03-01T18:37:43"
"2_2","32.2145778","-110.9647486","2023-03-01T18:38:03"
"2_2","32.2134676","-110.9647325","2023-03-01T18:38:05"
"2_2","32.2133544","-110.9647322","2023-03-01T18:38:07"
"2_2","32.2132695","-110.9647338","2023-03-01T18:38:27"
"2_2","32.212141","-110.9647156","2023-03-01T18:38:29"
"2_2","32.2120756","-110.9647127","2023-03-01T18:38:31"
"2_2","32.2119634","-110.9647113","2023-03-01T18:38:51"
"2_2","32.2108321","-110.9646928","2023-03-01T18:38:53"
"2_2","32.2107504","-110.9646986","2023-03-01T18:39:17"
"2_2","32.2094377","-110.964686","2023-03-01T18:39:18"
"2_2","32.209373","-110.9646846","2023-03-01T18:39:38"
"2_2","32.2082676","-110.9647012","2023-03-01T18:39:40"
"2_2","32.2081655","-110.9647185","2023-03-01T18:39:51"
"2_2","32.2081358","-110.9653124","2023-03-01T18:39:51"
"2_2","32.2081354","-110.965336","2023-03-01T18:39:52"
"2_2","32.2081345","-110.9654046","2023-03-01T18:39:52"
"2_2","32.2081282","-110.9654076","2023-03-01T18:39:53"
"2_2","32.2081179","-110.9654182","2023-03-01T18:39:53"
"2_2","32.2081111","-110.9654321","2023-03-01T18:39:53"
"2_2","32.2081084","-110.9654479","2023-03-01T18:39:53"
"2_3","32.2250308","-110.9686563","2023-03-01T18:12:37"
"2_3","32.2254915","-110.9686615","2023-03-01T18:12:44"
"2_3","32.2260369","-110.9686674","2023-03-01T18:12:47"
"2_3","32.2262536","-110.9686703","2023-03-01T18:12:47"
"2_3","32.2262711","-110.9686707","2023-03-01T18:12:48"
"2_3","32.2263234","-110.9686722","2023-03-01T18:12:49"
"2_3","32.226408","-110.9686747","2023-03-01T18:12:51"
"2_3","32.2264094","-110.9685887","2023-03-01T18:12:51"
"2_3","32.2264096","-110.9685649","2023-03-01T18:12:51"
"2_3","32.2264084","-110.9685432","2023-03-01T18:12:52"
"2_3","32.2264063","-110.9685147","2023-03-01T18:12:53"
"2_3","32.2264038","-110.9684805","2023-03-01T18:12:53"
"2_3","32.2264012","-110.9684467","2023-03-01T18:12:54"
"2_3","32.2263975","-110.9683964","2023-03-01T18:12:54"
"2_3","32.2263964","-110.9683744","2023-03-01T18:12:55"
"2_3","32.2263961","-110.9683514","2023-03-01T18:12:58"
"2_3","32.2263958","-110.9681887","2023-03-01T18:13:03"
"2_3","32.2263953","-110.9679039","2023-03-01T18:13:04"
"2_3","32.2263954","-110.9678388","2023-03-01T18:13:07"
"2_3","32.2263956","-110.9677084","2023-03-01T18:13:12"
"2_3","32.2263961","-110.9674287","2023-03-01T18:13:12"
"2_3","32.2263973","-110.9674084","2023-03-01T18:13:12"
"2_3","32.2263995","-110.9673891","2023-03-01T18:13:16"
"2_3","32.2264171","-110.9672189","2023-03-01T18:13:16"
"2_3","32.2264187","-110.9671998","2023-03-01T18:13:16"
"2_3","32.2264196","-110.967181","2023-03-01T18:13:17"
"2_3","32.2264203","-110.9671334","2023-03-01T18:13:19"
"2_3","32.2263174","-110.9671314","2023-03-01T18:13:20"
"2_3","32.2262868","-110.9671265","2023-03-01T18:13:21"
"2_3","32.2262355","-110.9671074","2023-03-01T18:13:21"
"2_3","32.2262297","-110.9671053","2023-03-01T18:13:21"
"2_3","32.2262212","-110.9671022","2023-03-01T18:13:21"
"2_3","32.2261884","-110.9670955","2023-03-01T18:13:22"
"2_3","32.2261487","-110.9670922","2023-03-01T18:13:23"
"2_3","32.2261098","-110.9670915","2023-03-01T18:13:24"
"2_3","32.226049","-110.9670905","2023-03-01T18:13:27"
"2_3","32.2258598","-110.9670872","2023-03-01T18:13:28"
"2_3","32.2258254","-110.9670866","2023-03-01T18:13:32"
"2_3","32.2256113","-110.9670828","2023-03-01T18:13:32"
"2_3","32.2255904","-110.9670815","2023-03-01T18:13:32"
"2_3","32.2255851","-110.9670812","2023-03-01T18:13:33"
"2_3","32.2255329","-110.9670756","2023-03-01T18:13:34"
"2_3","32.225509","-110.9670741","2023-03-01T18:13:37"
"2_3","32.225322","-110.9670697","2023-03-01T18:13:39"
"2_3","32.2252293","-110.9670675","2023-03-01T18:13:39"
"2_3","32.2252112","-110.9670631","2023-03-01T18:13:40"
"2_3","32.2251967","-110.9670541","2023-03-01T18:13:40"
"2_3","32.2251805","-110.967038","2023-03-01T18:13:40"
"2_3","32.2251653","-110.9670189","2023-03-01T18:13:41"
"2_3","32.2251492","-110.9669957","2023-03-01T18:13:42"
"2_3","32.2251194","-110.9669313","2023-03-01T18:13:43"
"2_3","32.2250965","-110.9669636","2023-03-01T18:13:44"
"2_3","32.2250744","-110.9669913","2023-03-01T18:13:45"
"2_3","32.2250325","-110.9670197","2023-03-01T18:13:45"
"2_3","32.2250079","-110.9670364","2023-03-01T18:13:47"
"2_3","32.2248951","-110.9670732","2023-03-01T18:13:49"
"2_3","32.2247766","-110.9670769","2023-03-01T18:13:52"
"2_3","32.2246643","-110.967003","2023-03-01T18:14:09"
"2_3","32.2240624","-110.966291","2023-03-01T18:14:12"
"2_3","32.2239354","-110.9661408","2023-03-01T18:14:13"
"2_3","32.2239129","-110.9661131","2023-03-01T18:14:14"
"2_3","32.2238965","-110.9660904","2023-03-01T18:14:14"
"2_3","32.2238793","-110.9660611","2023-03-01T18:14:15"
"2_3","32.2238678","-110.9660367","2023-03-01T18:14:15"
"2_3","32.2238585","-110.9660106","2023-03-01T18:14:16"
"2_3","32.223851","-110.9659766","2023-03-01T18:14:16"
"2_3","32.2238473","-110.9659442","2023-03-01T18:14:17"
"2_3","32.223846","-110.9659156","2023-03-01T18:14:17"
"2_3","32.2238457","-110.9658886","2023-03-01T18:14:21"
"2_3","32.2238447","-110.9657058","2023-03-01T18:14:21"
"2_3","32.2238454","-110.9656901","2023-03-01T18:14:21"
"2_3","32.2238455","-110.9656867","2023-03-01T18:14:21"
"2_3","32.2238482","-110.9656678","2023-03-01T18:14:22"
"2_3","32.2238521","-110.965651","2023-03-01T18:14:22"
"2_3","32.2238533","-110.9656417","2023-03-01T18:14:22"
"2_3","32.2238541","-110.9656348","2023-03-01T18:14:22"
"2_3","32.223855","-110.9656212","2023-03-01T18:14:23"
"2_3","32.2238536","-110.965579","2023-03-01T18:14:24"
"2_3","32.2238531","-110.9655463","2023-03-01T18:14:24"
"2_3","32.2238516","-110.9655351","2023-03-01T18:14:25"
"2_3","32.2237965","-110.9655458","2023-03-01T18:14:25"
"2_3","32.2237735","-110.9655507","2023-03-01T18:14:25"
"2_3","32.2237356","-110.9655592","2023-03-01T18:14:26"
"2_3","32.2236977","-110.9655678","2023-03-01T18:14:27"
"2_3","32.2236636","-110.9655763","2023-03-01T18:14:31"
"2_3","32.2233787","-110.9656547","2023-03-01T18:14:40"
"2_3","32.2227116","-110.9658349","2023-03-01T18:14:45"
"2_3","32.2223813","-110.9659321","2023-03-01T18:14:46"
"2_3","32.2222702","-110.9659587","2023-03-01T18:14:47"
"2_3","32.2222075","-110.9659652","2023-03-01T18:14:48"
"2_3","32.2221462","-110.9659535","2023-03-01T18:14:49"
"2_3","32.2221016","-110.9659384","2023-03-01T18:14:50"
"2_3","32.2220097","-110.9659066","2023-03-01T18:14:52"
"2_3","32.2219053","-110.9657832","2023-03-01T18:14:55"
"2_3","32.2217054","-110.9655445","2023-03-01T18:14:57"
"2_3","32.2216041","-110.9654235","2023-03-01T18:14:57"
"2_3","32.2215833","-110.9653982","2023-03-01T18:14:58"
"2_3","32.2215595","-110.9653702","2023-03-01T18:14:58"
"2_3","32.2215312","-110.9653364","2023-03-01T18:14:59"
"2_3","32.221496","-110.9652988","2023-03-01T18:14:59"
"2_3","32.2214479","-110.9652474","2023-03-01T18:15"
"2_3","32.2214321","-110.9652305","2023-03-01T18:15"
"2_3","32.2214219","-110.9651784","2023-03-01T18:15:01"
"2_3","32.2214265","-110.9651193","2023-03-01T18:15:02"
"2_3","32.2214317","-110.965092","2023-03-01T18:15:02"
"2_3","32.2214367","-110.965067","2023-03-01T18:15:03"
"2_3","32.2214639","-110.9649893","2023-03-01T18:15:04"
"2_3","32.2215013","-110.9649034","2023-03-01T18:15:06"
"2_3","32.2215277","-110.9648179","2023-03-01T18:15:06"
"2_3","32.2215483","-110.9647597","2023-03-01T18:15:07"
"2_3","32.2215479","-110.9647186","2023-03-01T18:15:07"
"2_3","32.2215467","-110.9647094","2023-03-01T18:15:07"
"2_3","32.2215428","-110.9646784","2023-03-01T18:15:08"
"2_3","32.2215285","-110.9646431","2023-03-01T18:15:09"
"2_3","32.221491","-110.9645783","2023-03-01T18:15:14"
"2_3","32.2212516","-110.9643005","2023-03-01T18:15:26"
"2_3","32.2206487","-110.9636704","2023-03-01T18:15:31"
"2_3","32.2203813","-110.9634121","2023-03-01T18:15:36"
"2_3","32.2201334","-110.9631779","2023-03-01T18:15:38"
"2_3","32.2200304","-110.9630807","2023-03-01T18:15:45"
"2_3","32.2196295","-110.9626748","2023-03-01T18:15:46"
"2_3","32.2195908","-110.9626356","2023-03-01T18:15:54"
"2_3","32.2192186","-110.9622172","2023-03-01T18:16:08"
"2_3","32.2185421","-110.9614504","2023-03-01T18:16:10"
"2_3","32.2184405","-110.9613462","2023-03-01T18:16:13"
"2_3","32.2182701","-110.9611899","2023-03-01T18:16:16"
"2_3","32.2180863","-110.9610746","2023-03-01T18:16:19"
"2_3","32.2179116","-110.9609834","2023-03-01T18:16:21"
"2_3","32.21773","-110.9609244","2023-03-01T18:16:24"
"2_3","32.2175598","-110.9608895","2023-03-01T18:16:26"
"2_3","32.2173851","-110.9608707","2023-03-01T18:16:28"
"2_3","32.2172467","-110.960868","2023-03-01T18:16:31"
"2_3","32.2170159","-110.9608655","2023-03-01T18:16:38"
"2_3","32.2165264","-110.9608601","2023-03-01T18:16:38"
"2_3","32.2165137","-110.96086","2023-03-01T18:16:40"
"2_3","32.2163571","-110.960852","2023-03-01T18:16:43"
"2_3","32.2161756","-110.9608251","2023-03-01T18:16:44"
"2_3","32.2160559","-110.9607954","2023-03-01T18:16:45"
"2_3","32.2160099","-110.9607849","2023-03-01T18:16:47"
"2_3","32.2158352","-110.9607205","2023-03-01T18:16:50"
"2_3","32.2156945","-110.9606383","2023-03-01T18:16:50"
"2_3","32.2156514","-110.9606132","2023-03-01T18:16:53"
"2_3","32.2154721","-110.9604711","2023-03-01T18:16:55"
"2_3","32.2154047","-110.9604067","2023-03-01T18:16:56"
"2_3","32.2153178","-110.9603236","2023-03-01T18:16:58"
"2_3","32.2152131","-110.9602085","2023-03-01T18:17:01"
"2_3","32.2151226","-110.9600875","2023-03-01T18:17:02"
"2_3","32.2150319","-110.9599856","2023-03-01T18:17:04"
"2_3","32.2149524","-110.9599221","2023-03-01T18:17:06"
"2_3","32.2148318","-110.9598491","2023-03-01T18:17:08"
"2_3","32.2147042","-110.9598033","2023-03-01T18:17:08"
"2_3","32.2146578","-110.9598015","2023-03-01T18:17:14"
"2_3","32.2142176","-110.9597871","2023-03-01T18:17:15"
"2_3","32.2141846","-110.959786","2023-03-01T18:17:16"
"2_3","32.2141056","-110.9597834","2023-03-01T18:17:16"
"2_3","32.2140704","-110.9597834","2023-03-01T18:17:26"
"2_3","32.2133896","-110.9597836","2023-03-01T18:17:33"
"2_3","32.2128258","-110.9597676","2023-03-01T18:17:34"
"2_3","32.2127654","-110.9597665","2023-03-01T18:17:37"
"2_3","32.2125506","-110.9597686","2023-03-01T18:17:43"
"2_3","32.212094","-110.9597749","2023-03-01T18:17:46"
"2_3","32.212093","-110.9595841","2023-03-01T18:18:06"
"2_3","32.2120851","-110.9580997","2023-03-01T18:18:07"
"2_3","32.2120848","-110.9580392","2023-03-01T18:18:10"
"2_3","32.2120838","-110.9578468","2023-03-01T18:18:15"
"2_3","32.2120818","-110.9574619","2023-03-01T18:18:16"
"2_3","32.2120812","-110.9573529","2023-03-01T18:18:20"
"2_3","32.21208","-110.9571169","2023-03-01T18:18:24"
"2_3","32.2120968","-110.9568155","2023-03-01T18:18:27"
"2_3","32.2120961","-110.9565491","2023-03-01T18:18:27"
"2_3","32.212096","-110.9565364","2023-03-01T18:18:29"
"2_3","32.2120957","-110.9564127","2023-03-01T18:18:30"
"2_3","32.2120052","-110.9564097","2023-03-01T18:18:30"
"2_3","32.211998","-110.9564095","2023-03-01T18:18:32"
"2_3","32.2118596","-110.956406","2023-03-01T18:18:33"
"2_3","32.2117541","-110.9564004","2023-03-01T18:18:35"
"2_3","32.2116495","-110.9563903","2023-03-01T18:18:36"
"2_3","32.2115721","-110.9563806","2023-03-01T18:18:36"
"2_3","32.2115344","-110.9563768","2023-03-01T18:18:37"
"2_3","32.2114232","-110.9563577","2023-03-01T18:18:39"
"2_3","32.2112967","-110.9563386","2023-03-01T18:18:40"
"2_3","32.2112092","-110.9563217","2023-03-01T18:18:41"
"2_3","32.2111398","-110.9563015","2023-03-01T18:18:42"
"2_3","32.2110298","-110.9562474","2023-03-01T18:18:45"
"2_3","32.2108068","-110.956244","2023-03-01T18:18:48"
"2_3","32.2105524","-110.9562425","2023-03-01T18:18:55"
"2_3","32.2100173","-110.9562393","2023-03-01T18:19:01"
"2_3","32.2094751","-110.9562368","2023-03-01T18:19:13"
"2_3","32.2084921","-110.9562263","2023-03-01T18:19:15"
"2_3","32.2083628","-110.9562256","2023-03-01T18:19:17"
"2_3","32.2081953","-110.956224","2023-03-01T18:19:28"
"2_3","32.2072341","-110.9562147","2023-03-01T18:19:29"
"2_3","32.2071602","-110.9562143","2023-03-01T18:19:31"
"2_3","32.2070003","-110.9562128","2023-03-01T18:19:33"
"2_3","32.2068881","-110.956212","2023-03-01T18:19:34"
"2_3","32.2068884","-110.9560566","2023-03-01T18:19:34"
"3_0","32.2251308","-110.965479","2023-03-01T18:11"
"3_0","32.2251309","-110.9655484","2023-03-01T18:11"
"3_0","32.2251306","-110.9655823","2023-03-01T18:11:02"
"3_0","32.225022","-110.9655817","2023-03-01T18:11:06"
"3_0","32.2246966","-110.9655778","2023-03-01T18:11:08"
"3_0","32.2245249","-110.9655759","2023-03-01T18:11:11"
"3_0","32.224367","-110.9655752","2023-03-01T18:11:12"
"3_0","32.2242737","-110.9655748","2023-03-01T18:11:13"
"3_0","32.2242306","-110.9655452","2023-03-01T18:11:13"
"3_0","32.2241814","-110.9655342","2023-03-01T18:11:14"
"3_0","32.2241013","-110.9655117","2023-03-01T18:11:15"
"3_0","32.2240594","-110.9655123","2023-03-01T18:11:16"
"3_0","32.223946","-110.9655192","2023-03-01T18:11:17"
"3_0","32.2239081","-110.9655256","2023-03-01T18:11:18"
"3_0","32.2238516","-110.9655351","2023-03-01T18:11:19"
"3_0","32.2237965","-110.9655458","2023-03-01T18:11:19"
"3_0","32.2237735","-110.9655507","2023-03-01T18:11:19"
"3_0","32.2237356","-110.9655592","2023-03-01T18:11:20"
"3_0","32.2236977","-110.9655678","2023-03-01T18:11:20"
"3_0","32.2236636","-110.9655763","2023-03-01T18:11:24"
"3_0","32.2233787","-110.9656547","2023-03-01T18:11:34"
"3_0","32.2227116","-110.9658349","2023-03-01T18:11:39"
"3_0","32.2223813","-110.9659321","2023-03-01T18:11:40"
"3_0","32.2222702","-110.9659587","2023-03-01T18:11:41"
"3_0","32.2222075","-110.9659652","2023-03-01T18:11:42"
"3_0","32.2221462","-110.9659535","2023-03-01T18:11:43"
"3_0","32.2221016","-110.9659384","2023-03-01T18:11:44"
"3_0","32.2220097","-110.9659066","2023-03-01T18:11:46"
"3_0","32.2219053","-110.9657832","2023-03-01T18:11:49"
"3_0","32.2217054","-110.9655445","2023-03-01T18:11:51"
"3_0","32.2216041","-110.9654235","2023-03-01T18:11:51"
"3_0","32.2215833","-110.9653982","2023-03-01T18:11:53"
"3_0","32.2214843","-110.9653274","2023-03-01T18:11:54"
"3_0","32.2214287","-110.9653067","2023-03-01T18:11:54"
"3_0","32.2213865","-110.9653096","2023-03-01T18:11:55"
"3_0","32.2213551","-110.9653193","2023-03-01T18:11:55"
"3_0","32.2213153","-110.9653553","2023-03-01T18:11:56"
"3_0","32.2212887","-110.9654014","2023-03-01T18:11:57"
"3_0","32.2212701","-110.9654526","2023-03-01T18:12"
"3_0","32.2212356","-110.9656585","2023-03-01T18:12:02"
"3_0","32.2212096","-110.9658152","2023-03-01T18:12:03"
"3_0","32.22121","-110.9658864","2023-03-01T18:12:05"
"3_0","32.2212112","-110.9661044","2023-03-01T18:12:07"
"3_0","32.2212122","-110.9662866","2023-03-01T18:12:09"
"3_0","32.2211074","-110.966282","2023-03-01T18:12:12"
"3_0","32.2209458","-110.9662749","2023-03-01T18:12:25"
"3_0","32.2202495","-110.9662639","2023-03-01T18:12:29"
"3_0","32.2199933","-110.9662663","2023-03-01T18:12:31"
"3_0","32.2198875","-110.9663079","2023-03-01T18:12:33"
"3_0","32.2198027","-110.9663073","2023-03-01T18:12:37"
"3_0","32.2195729","-110.9663058","2023-03-01T18:12:39"
"3_0","32.2194837","-110.9663052","2023-03-01T18:12:39"
"3_0","32.2194754","-110.9663051","2023-03-01T18:12:39"
"3_0","32.2194596","-110.966305","2023-03-01T18:12:42"
"3_0","32.2192892","-110.9663043","2023-03-01T18:12:44"
"3_0","32.2192101","-110.9663039","2023-03-01T18:12:44"
"3_0","32.219199","-110.9663039","2023-03-01T18:12:47"
"3_0","32.2190279","-110.9663034","2023-03-01T18:12:53"
"3_0","32.2186868","-110.9663025","2023-03-01T18:12:55"
"3_0","32.218606","-110.9663023","2023-03-01T18:12:56"
"3_0","32.2186057","-110.9662111","2023-03-01T18:12:59"
"3_0","32.2186074","-110.9660404","2023-03-01T18:13:06"
"3_0","32.2186109","-110.9656835","2023-03-01T18:13:07"
"3_0","32.2186114","-110.965635","2023-03-01T18:13:09"
"3_0","32.2186124","-110.9655329","2023-03-01T18:13:10"
"3_0","32.2185006","-110.9655309","2023-03-01T18:13:11"
"3_0","32.2184092","-110.9655306","2023-03-01T18:13:14"
"3_0","32.2182233","-110.9655285","2023-03-01T18:13:19"
"3_0","32.2178835","-110.9655247","2023-03-01T18:13:25"
"3_0","32.2173993","-110.9655163","2023-03-01T18:13:25"
"3_0","32.2173797","-110.9655165","2023-03-01T18:13:26"
"3_0","32.2173383","-110.9655135","2023-03-01T18:13:26"
"3_0","32.2173386","-110.9655192","2023-03-01T18:13:26"
"3_0","32.2173343","-110.9655366","2023-03-01T18:13:27"
"3_0","32.2173255","-110.9655515","2023-03-01T18:13:27"
"3_0","32.2173131","-110.9655621","2023-03-01T18:13:27"
"3_0","32.2172984","-110.9655673","2023-03-01T18:13:27"
"3_0","32.2172885","-110.9655669","2023-03-01T18:13:28"
"3_0","32.2172897","-110.9656351","2023-03-01T18:13:29"
"3_0","32.2172897","-110.9656698","2023-03-01T18:13:37"
"3_0","32.2172897","-110.966089","2023-03-01T18:13:40"
"3_0","32.2172897","-110.9662807","2023-03-01T18:13:42"
"3_0","32.2171879","-110.96628","2023-03-01T18:13:52"
"3_0","32.2166432","-110.9662807","2023-03-01T18:13:54"
"3_0","32.2165159","-110.96628","2023-03-01T18:14:02"
"3_0","32.2160739","-110.96628","2023-03-01T18:14:04"
"3_0","32.2159809","-110.9662807","2023-03-01T18:14:06"
"3_0","32.2158845","-110.9662772","2023-03-01T18:14:26"
"3_0","32.2147699","-110.9662683","2023-03-01T18:14:28"
"3_0","32.2146674","-110.9662653","2023-03-01T18:14:30"
"3_0","32.2145743","-110.9662653","2023-03-01T18:14:44"
"3_0","32.2137842","-110.9662585","2023-03-01T18:14:50"
"3_0","32.2134627","-110.9662545","2023-03-01T18:14:52"
"3_0","32.2133627","-110.9662557","2023-03-01T18:14:53"
"3_0","32.2132739","-110.9662543","2023-03-01T18:15"
"3_0","32.2128817","-110.9662587","2023-03-01T18:15:14"
"3_0","32.212155","-110.9662464","2023-03-01T18:15:15"
"3_0","32.2120635","-110.9662464","2023-03-01T18:15:17"
"3_0","32.2119654","-110.9662462","2023-03-01T18:15:38"
"3_0","32.210825","-110.9662234","2023-03-01T18:15:39"
"3_0","32.2107624","-110.9662234","2023-03-01T18:15:40"
"3_0","32.2107348","-110.9662259","2023-03-01T18:15:53"
"3_0","32.2107546","-110.9669604","2023-03-01T18:15:53"
"3_0","32.2107414","-110.9669631","2023-03-01T18:15:53"
"3_0","32.2107297","-110.9669707","2023-03-01T18:15:54"
"3_0","32.2107208","-110.9669825","2023-03-01T18:15:54"
"3_0","32.2107156","-110.9669971","2023-03-01T18:15:55"
"3_0","32.2106688","-110.9669989","2023-03-01T18:16:05"
"3_0","32.2100987","-110.9669938","2023-03-01T18:16:17"
"3_0","32.2094269","-110.966975","2023-03-01T18:16:31"
"3_0","32.2094233","-110.967744","2023-03-01T18:16:40"
"3_0","32.2094212","-110.9681932","2023-03-01T18:16:40"
"3_0","32.2094211","-110.9682174","2023-03-01T18:16:43"
"3_0","32.2094205","-110.9683921","2023-03-01T18:16:44"
"3_0","32.2094201","-110.9684176","2023-03-01T18:16:45"
"3_0","32.2094199","-110.9684701","2023-03-01T18:16:45"
"3_0","32.209357","-110.968469","2023-03-01T18:16:48"
"3_0","32.2091832","-110.9684684","2023-03-01T18:16:49"
"3_0","32.2091275","-110.9685311","2023-03-01T18:16:49"
"3_0","32.2091719","-110.9685873","2023-03-01T18:16:52"
"3_0","32.209393","-110.968592","2023-03-01T18:16:52"
"3_0","32.2094214","-110.9685927","2023-03-01T18:16:53"
"3_0","32.2094213","-110.9686406","2023-03-01T18:16:54"
"3_0","32.2094206","-110.968687","2023-03-01T18:16:58"
"3_0","32.2094188","-110.9688948","2023-03-01T18:17:05"
"3_0","32.2094154","-110.969286","2023-03-01T18:17:19"
"3_0","32.2094088","-110.9700449","2023-03-01T18:17:33"
"3_0","32.2094012","-110.9708327","2023-03-01T18:17:47"
"3_0","32.2093955","-110.9715891","2023-03-01T18:17:48"
"3_0","32.2093333","-110.9715884","2023-03-01T18:18:11"
"3_0","32.208095","-110.9715753","2023-03-01T18:18:32"
"3_0","32.2069382","-110.9715759","2023-03-01T18:18:32"
"3_0","32.2069033","-110.9715748","2023-03-01T18:18:34"
"3_0","32.2068005","-110.9715769","2023-03-01T18:18:36"
"3_0","32.206701","-110.9715742","2023-03-01T18:18:37"
"3_0","32.2066709","-110.9715745","2023-03-01T18:18:44"
"3_0","32.2062657","-110.9715702","2023-03-01T18:18:54"
"3_0","32.2057295","-110.9715636","2023-03-01T18:19:08"
"3_0","32.2057283","-110.9723427","2023-03-01T18:19:22"
"3_0","32.2057272","-110.973104","2023-03-01T18:19:25"
"3_0","32.2055449","-110.9731058","2023-03-01T18:19:35"
"3_0","32.2055432","-110.9736508","2023-03-01T18:19:42"
"3_0","32.205542","-110.9740391","2023-03-01T18:19:43"
"3_0","32.2055418","-110.974102","2023-03-01T18:19:47"
"3_0","32.2055413","-110.9742849","2023-03-01T18:19:47"
"3_0","32.2055412","-110.9743156","2023-03-01T18:19:48"
"3_0","32.205541","-110.9743725","2023-03-01T18:19:51"
"3_0","32.2055406","-110.9745203","2023-03-01T18:19:51"
"3_0","32.2055405","-110.9745423","2023-03-01T18:19:53"
"3_0","32.2055402","-110.9746362","2023-03-01T18:20:02"
"3_0","32.2061704","-110.9746411","2023-03-01T18:20:02"
"3_1","32.2251308","-110.965479","2023-03-01T18:09:10"
"3_1","32.22513","-110.9649585","2023-03-01T18:09:12"
"3_1","32.2251298","-110.9648112","2023-03-01T18:09:14"
"3_1","32.2250306","-110.9648109","2023-03-01T18:09:21"
"3_1","32.2246621","-110.9648099","2023-03-01T18:09:36"
"3_1","32.2238435","-110.9648077","2023-03-01T18:09:36"
"3_1","32.2238435","-110.9648254","2023-03-01T18:09:42"
"3_1","32.2238447","-110.9651822","2023-03-01T18:09:43"
"3_1","32.2238454","-110.9652055","2023-03-01T18:09:43"
"3_1","32.2238468","-110.96523","2023-03-01T18:09:45"
"3_1","32.2238524","-110.9653241","2023-03-01T18:09:46"
"3_1","32.2238543","-110.9653669","2023-03-01T18:09:47"
"3_1","32.2238545","-110.965411","2023-03-01T18:09:47"
"3_1","32.2238542","-110.9654429","2023-03-01T18:09:48"
"3_1","32.2238538","-110.9654769","2023-03-01T18:09:48"
"3_1","32.2238537","-110.9654812","2023-03-01T18:09:49"
"3_1","32.2238516","-110.9655351","2023-03-01T18:09:50"
"3_1","32.2237965","-110.9655458","2023-03-01T18:09:50"
"3_1","32.2237735","-110.9655507","2023-03-01T18:09:50"
"3_1","32.2237356","-110.9655592","2023-03-01T18:09:51"
"3_1","32.2236977","-110.9655678","2023-03-01T18:09:51"
"3_1","32.2236636","-110.9655763","2023-03-01T18:09:56"
"3_1","32.2233787","-110.9656547","2023-03-01T18:10:05"
"3_1","32.2227116","-110.9658349","2023-03-01T18:10:10"
"3_1","32.2223813","-110.9659321","2023-03-01T18:10:11"
"3_1","32.2222702","-110.9659587","2023-03-01T18:10:12"
"3_1","32.2222075","-110.9659652","2023-03-01T18:10:13"
"3_1","32.2221462","-110.9659535","2023-03-01T18:10:14"
"3_1","32.2221016","-110.9659384","2023-03-01T18:10:15"
"3_1","32.2220097","-110.9659066","2023-03-01T18:10:17"
"3_1","32.2219053","-110.9657832","2023-03-01T18:10:20"
"3_1","32.2217054","-110.9655445","2023-03-01T18:10:22"
"3_1","32.2216041","-110.9654235","2023-03-01T18:10:22"
"3_1","32.2215833","-110.9653982","2023-03-01T18:10:23"
"3_1","32.2215595","-110.9653702","2023-03-01T18:10:23"
"3_1","32.2215312","-110.9653364","2023-03-01T18:10:24"
"3_1","32.221496","-110.9652988","2023-03-01T18:10:24"
"3_1","32.2214479","-110.9652474","2023-03-01T18:10:25"
"3_1","32.2214321","-110.9652305","2023-03-01T18:10:25"
"3_1","32.2214219","-110.9651784","2023-03-01T18:10:26"
"3_1","32.2214265","-110.9651193","2023-03-01T18:10:27"
"3_1","32.2214317","-110.965092","2023-03-01T18:10:27"
"3_1","32.2214367","-110.965067","2023-03-01T18:10:28"
"3_1","32.2214639","-110.9649893","2023-03-01T18:10:29"
"3_1","32.2215013","-110.9649034","2023-03-01T18:10:31"
"3_1","32.2215277","-110.9648179","2023-03-01T18:10:31"
"3_1","32.2215483","-110.9647597","2023-03-01T18:10:32"
"3_1","32.2215479","-110.9647186","2023-03-01T18:10:32"
"3_1","32.2215467","-110.9647094","2023-03-01T18:10:32"
"3_1","32.2215428","-110.9646784","2023-03-01T18:10:33"
"3_1","32.2215285","-110.9646431","2023-03-01T18:10:34"
"3_1","32.221491","-110.9645783","2023-03-01T18:10:39"
"3_1","32.2212516","-110.9643005","2023-03-01T18:10:51"
"3_1","32.2206487","-110.9636704","2023-03-01T18:10:56"
"3_1","32.2203813","-110.9634121","2023-03-01T18:11:01"
"3_1","32.2201334","-110.9631779","2023-03-01T18:11:03"
"3_1","32.2200304","-110.9630807","2023-03-01T18:11:05"
"3_1","32.2199649","-110.9631947","2023-03-01T18:11:06"
"3_1","32.2199356","-110.9632457","2023-03-01T18:11:09"
"3_1","32.2199138","-110.9634259","2023-03-01T18:11:20"
"3_1","32.2198957","-110.963988","2023-03-01T18:11:21"
"3_1","32.2198312","-110.9639877","2023-03-01T18:11:27"
"3_1","32.219468","-110.9639857","2023-03-01T18:11:42"
"3_1","32.2186711","-110.9639815","2023-03-01T18:11:43"
"3_1","32.2186034","-110.9639811","2023-03-01T18:11:45"
"3_1","32.2184919","-110.9639813","2023-03-01T18:11:47"
"3_1","32.2183838","-110.9639814","2023-03-01T18:12:06"
"3_1","32.2173541","-110.9639681","2023-03-01T18:12:07"
"3_1","32.2173208","-110.9639685","2023-03-01T18:12:07"
"3_1","32.2173205","-110.9639749","2023-03-01T18:12:07"
"3_1","32.2173167","-110.9639859","2023-03-01T18:12:07"
"3_1","32.2173099","-110.9639946","2023-03-01T18:12:07"
"3_1","32.2173011","-110.9640002","2023-03-01T18:12:07"
"3_1","32.2172944","-110.9640013","2023-03-01T18:12:21"
"3_1","32.2172852","-110.9647431","2023-03-01T18:12:22"
"3_1","32.2171971","-110.9647409","2023-03-01T18:12:43"
"3_1","32.2160674","-110.9647481","2023-03-01T18:12:45"
"3_1","32.2159774","-110.9647464","2023-03-01T18:12:46"
"3_1","32.2158835","-110.9647417","2023-03-01T18:13:07"
"3_1","32.2147615","-110.9647354","2023-03-01T18:13:08"
"3_1","32.2146722","-110.9647459","2023-03-01T18:13:10"
"3_1","32.2145778","-110.9647486","2023-03-01T18:13:30"
"3_1","32.2134676","-110.9647325","2023-03-01T18:13:32"
"3_1","32.2133544","-110.9647322","2023-03-01T18:13:34"
"3_1","32.2132695","-110.9647338","2023-03-01T18:13:55"
"3_1","32.212141","-110.9647156","2023-03-01T18:13:56"
"3_1","32.2120756","-110.9647127","2023-03-01T18:13:58"
"3_1","32.2119634","-110.9647113","2023-03-01T18:14:18"
"3_1","32.2108321","-110.9646928","2023-03-01T18:14:20"
"3_1","32.2107504","-110.9646986","2023-03-01T18:14:31"
"3_1","32.2107485","-110.9653235","2023-03-01T18:14:32"
"3_1","32.2107484","-110.9653556","2023-03-01T18:14:34"
"3_1","32.210748","-110.9654534","2023-03-01T18:14:38"
"3_1","32.2104471","-110.9654522","2023-03-01T18:14:39"
"3_1","32.210374","-110.9654521","2023-03-01T18:14:41"
"3_1","32.2101966","-110.9654517","2023-03-01T18:14:52"
"3_1","32.2094341","-110.9654501","2023-03-01T18:14:54"
"3_1","32.2094335","-110.9655685","2023-03-01T18:14:54"
"3_1","32.2094333","-110.9656014","2023-03-01T18:15:06"
"3_1","32.2094305","-110.9662211","2023-03-01T18:15:19"
"3_1","32.2094269","-110.966975","2023-03-01T18:15:33"
"3_1","32.2087018","-110.966976","2023-03-01T18:15:36"
"3_1","32.2085024","-110.9669778","2023-03-01T18:15:43"
"3_1","32.2081281","-110.9669791","2023-03-01T18:15:57"
"3_1","32.208124","-110.9677375","2023-03-01T18:15:58"
"3_1","32.2080576","-110.9677365","2023-03-01T18:16:01"
"3_1","32.2078818","-110.9677352","2023-03-01T18:16:10"
"3_1","32.2073915","-110.9677305","2023-03-01T18:16:18"
"3_1","32.2069774","-110.9677262","2023-03-01T18:16:20"
"3_1","32.2068499","-110.9677253","2023-03-01T18:16:23"
"3_1","32.2068518","-110.9680232","2023-03-01T18:16:26"
"3_1","32.2068531","-110.9682295","2023-03-01T18:16:27"
"3_1","32.2068537","-110.9683215","2023-03-01T18:16:27"
"3_1","32.2068538","-110.968336","2023-03-01T18:16:27"
"3_1","32.2068539","-110.968349","2023-03-01T18:16:27"
"3_1","32.2068537","-110.968388","2023-03-01T18:16:28"
"3_1","32.2068531","-110.968495","2023-03-01T18:16:30"
"3_1","32.206733","-110.968494","2023-03-01T18:16:30"
"3_2","32.2251308","-110.965479","2023-03-01T18:32:58"
"3_2","32.22513","-110.9649585","2023-03-01T18:33"
"3_2","32.2251298","-110.9648112","2023-03-01T18:33:02"
"3_2","32.2250306","-110.9648109","2023-03-01T18:33:09"
"3_2","32.2246621","-110.9648099","2023-03-01T18:33:24"
"3_2","32.2238435","-110.9648077","2023-03-01T18:33:24"
"3_2","32.2238435","-110.9648254","2023-03-01T18:33:30"
"3_2","32.2238447","-110.9651822","2023-03-01T18:33:31"
"3_2","32.2238454","-110.9652055","2023-03-01T18:33:31"
"3_2","32.2238468","-110.96523","2023-03-01T18:33:33"
"3_2","32.2238524","-110.9653241","2023-03-01T18:33:34"
"3_2","32.2238543","-110.9653669","2023-03-01T18:33:35"
"3_2","32.2238545","-110.965411","2023-03-01T18:33:35"
"3_2","32.2238542","-110.9654429","2023-03-01T18:33:36"
"3_2","32.2238538","-110.9654769","2023-03-01T18:33:36"
"3_2","32.2238537","-110.9654812","2023-03-01T18:33:37"
"3_2","32.2238516","-110.9655351","2023-03-01T18:33:38"
"3_2","32.2237965","-110.9655458","2023-03-01T18:33:38"
"3_2","32.2237735","-110.9655507","2023-03-01T18:33:38"
"3_2","32.2237356","-110.9655592","2023-03-01T18:33:39"
"3_2","32.2236977","-110.9655678","2023-03-01T18:33:39"
"3_2","32.2236636","-110.9655763","2023-03-01T18:33:44"
"3_2","32.2233787","-110.9656547","2023-03-01T18:33:53"
"3_2","32.2227116","-110.9658349","2023-03-01T18:33:58"
"3_2","32.2223813","-110.9659321","2023-03-01T18:33:59"
"3_2","32.2222702","-110.9659587","2023-03-01T18:34"
"3_2","32.2222075","-110.9659652","2023-03-01T18:34:01"
"3_2","32.2221462","-110.9659535","2023-03-01T18:34:02"
"3_2","32.2221016","-110.9659384","2023-03-01T18:34:03"
"3_2","32.2220097","-110.9659066","2023-03-01T18:34:05"
"3_2","32.2219053","-110.9657832","2023-03-01T18:34:08"
"3_2","32.2217054","-110.9655445","2023-03-01T18:34:10"
"3_2","32.2216041","-110.9654235","2023-03-01T18:34:10"
"3_2","32.2215833","-110.9653982","2023-03-01T18:34:11"
"3_2","32.2215595","-110.9653702","2023-03-01T18:34:11"
"3_2","32.2215312","-110.9653364","2023-03-01T18:34:12"
"3_2","32.221496","-110.9652988","2023-03-01T18:34:12"
"3_2","32.2214479","-110.9652474","2023-03-01T18:34:13"
"3_2","32.2214321","-110.9652305","2023-03-01T18:34:13"
"3_2","32.2214219","-110.9651784","2023-03-01T18:34:14"
"3_2","32.2214265","-110.9651193","2023-03-01T18:34:15"
"3_2","32.2214317","-110.965092","2023-03-01T18:34:15"
"3_2","32.2214367","-110.965067","2023-03-01T18:34:16"
"3_2","32.2214639","-110.9649893","2023-03-01T18:34:17"
"3_2","32.2215013","-110.9649034","2023-03-01T18:34:19"
"3_2","32.2215277","-110.9648179","2023-03-01T18:34:19"
"3_2","32.2215483","-110.9647597","2023-03-01T18:34:20"
"3_2","32.2215479","-110.9647186","2023-03-01T18:34:20"
"3_2","32.2215467","-110.9647094","2023-03-01T18:34:20"
"3_2","32.2215428","-110.9646784","2023-03-01T18:34:21"
"3_2","32.2215285","-110.9646431","2023-03-01T18:34:22"
"3_2","32.221491","-110.9645783","2023-03-01T18:34:27"
"3_2","32.2212516","-110.9643005","2023-03-01T18:34:39"
"3_2","32.2206487","-110.9636704","2023-03-01T18:34:44"
"3_2","32.2203813","-110.9634121","2023-03-01T18:34:49"
"3_2","32.2201334","-110.9631779","2023-03-01T18:34:51"
"3_2","32.2200304","-110.9630807","2023-03-01T18:34:53"
"3_2","32.2199649","-110.9631947","2023-03-01T18:34:54"
"3_2","32.2199356","-110.9632457","2023-03-01T18:34:57"
"3_2","32.2199138","-110.9634259","2023-03-01T18:35:08"
"3_2","32.2198957","-110.963988","2023-03-01T18:35:09"
"3_2","32.2198312","-110.9639877","2023-03-01T18:35:15"
"3_2","32.219468","-110.9639857","2023-03-01T18:35:30"
"3_2","32.2186711","-110.9639815","2023-03-01T18:35:31"
"3_2","32.2186034","-110.9639811","2023-03-01T18:35:33"
"3_2","32.2184919","-110.9639813","2023-03-01T18:35:35"
"3_2","32.2183838","-110.9639814","2023-03-01T18:35:54"
"3_2","32.2173541","-110.9639681","2023-03-01T18:35:55"
"3_2","32.2173208","-110.9639685","2023-03-01T18:35:55"
"3_2","32.2173205","-110.9639749","2023-03-01T18:35:55"
"3_2","32.2173167","-110.9639859","2023-03-01T18:35:55"
"3_2","32.2173099","-110.9639946","2023-03-01T18:35:55"
"3_2","32.2173011","-110.9640002","2023-03-01T18:35:55"
"3_2","32.2172944","-110.9640013","2023-03-01T18:36:09"
"3_2","32.2172852","-110.9647431","2023-03-01T18:36:10"
"3_2","32.2171971","-110.9647409","2023-03-01T18:36:31"
"3_2","32.2160674","-110.9647481","2023-03-01T18:36:33"
"3_2","32.2159774","-110.9647464","2023-03-01T18:36:34"
"3_2","32.2158835","-110.9647417","2023-03-01T18:36:55"
"3_2","32.2147615","-110.9647354","2023-03-01T18:36:56"
"3_2","32.2146722","-110.9647459","2023-03-01T18:36:58"
"3_2","32.2145778","-110.9647486","2023-03-01T18:37:18"
"3_2","32.2134676","-110.9647325","2023-03-01T18:37:20"
"3_2","32.2133544","-110.9647322","2023-03-01T18:37:22"
"3_2","32.2132695","-110.9647338","2023-03-01T18:37:43"
"3_2","32.212141","-110.9647156","2023-03-01T18:37:44"
"3_2","32.2120756","-110.9647127","2023-03-01T18:37:46"
"3_2","32.2119634","-110.9647113","2023-03-01T18:38:06"
"3_2","32.2108321","-110.9646928","2023-03-01T18:38:08"
"3_2","32.2107504","-110.9646986","2023-03-01T18:38:32"
"3_2","32.2094377","-110.964686","2023-03-01T18:38:33"
"3_2","32.209373","-110.9646846","2023-03-01T18:38:53"
"3_2","32.2082676","-110.9647012","2023-03-01T18:38:55"
"3_2","32.2081655","-110.9647185","2023-03-01T18:39:06"
"3_2","32.2081358","-110.9653124","2023-03-01T18:39:06"
"3_2","32.2081354","-110.965336","2023-03-01T18:39:08"
"3_2","32.2081345","-110.9654046","2023-03-01T18:39:08"
"3_2","32.2081282","-110.9654076","2023-03-01T18:39:08"
"3_2","32.2081179","-110.9654182","2023-03-01T18:39:08"
"3_2","32.2081111","-110.9654321","2023-03-01T18:39:08"
"3_2","32.2081084","-110.9654479","2023-03-01T18:39:08"
"3_3","32.2251308","-110.965479","2023-03-01T18:14:23"
"3_3","32.22513","-110.9649585","2023-03-01T18:14:25"
"3_3","32.2251298","-110.9648112","2023-03-01T18:14:27"
"3_3","32.2250306","-110.9648109","2023-03-01T18:14:34"
"3_3","32.2246621","-110.9648099","2023-03-01T18:14:49"
"3_3","32.2238435","-110.9648077","2023-03-01T18:14:49"
"3_3","32.2238435","-110.9648254","2023-03-01T18:14:55"
"3_3","32.2238447","-110.9651822","2023-03-01T18:14:56"
"3_3","32.2238454","-110.9652055","2023-03-01T18:14:56"
"3_3","32.2238468","-110.96523","2023-03-01T18:14:58"
"3_3","32.2238524","-110.9653241","2023-03-01T18:14:59"
"3_3","32.2238543","-110.9653669","2023-03-01T18:15"
"3_3","32.2238545","-110.965411","2023-03-01T18:15"
"3_3","32.2238542","-110.9654429","2023-03-01T18:15:01"
"3_3","32.2238538","-110.9654769","2023-03-01T18:15:01"
"3_3","32.2238537","-110.9654812","2023-03-01T18:15:02"
"3_3","32.2238516","-110.9655351","2023-03-01T18:15:03"
"3_3","32.2237965","-110.9655458","2023-03-01T18:15:03"
"3_3","32.2237735","-110.9655507","2023-03-01T18:15:03"
"3_3","32.2237356","-110.9655592","2023-03-01T18:15:04"
"3_3","32.2236977","-110.9655678","2023-03-01T18:15:04"
"3_3","32.2236636","-110.9655763","2023-03-01T18:15:09"
"3_3","32.2233787","-110.9656547","2023-03-01T18:15:18"
"3_3","32.2227116","-110.9658349","2023-03-01T18:15:23"
"3_3","32.2223813","-110.9659321","2023-03-01T18:15:24"
"3_3","32.2222702","-110.9659587","2023-03-01T18:15:25"
"3_3","32.2222075","-110.9659652","2023-03-01T18:15:26"
"3_3","32.2221462","-110.9659535","2023-03-01T18:15:27"
"3_3","32.2221016","-110.9659384","2023-03-01T18:15:28"
"3_3","32.2220097","-110.9659066","2023-03-01T18:15:30"
"3_3","32.2219053","-110.9657832","2023-03-01T18:15:33"
"3_3","32.2217054","-110.9655445","2023-03-01T18:15:35"
"3_3","32.2216041","-110.9654235","2023-03-01T18:15:35"
"3_3","32.2215833","-110.9653982","2023-03-01T18:15:36"
"3_3","32.2215595","-110.9653702","2023-03-01T18:15:36"
"3_3","32.2215312","-110.9653364","2023-03-01T18:15:37"
"3_3","32.221496","-110.9652988","2023-03-01T18:15:37"
"3_3","32.2214479","-110.9652474","2023-03-01T18:15:38"
"3_3","32.2214321","-110.9652305","2023-03-01T18:15:38"
"3_3","32.2214219","-110.9651784","2023-03-01T18:15:39"
"3_3","32.2214265","-110.9651193","2023-03-01T18:15:40"
"3_3","32.2214317","-110.965092","2023-03-01T18:15:40"
"3_3","32.2214367","-110.965067","2023-03-01T18:15:41"
"3_3","32.2214639","-110.9649893","2023-03-01T18:15:42"
"3_3","32.2215013","-110.9649034","2023-03-01T18:15:44"
"3_3","32.2215277","-110.9648179","2023-03-01T18:15:44"
"3_3","32.2215483","-110.9647597","2023-03-01T18:15:45"
"3_3","32.2215479","-110.9647186","2023-03-01T18:15:45"
"3_3","32.2215467","-110.9647094","2023-03-01T18:15:45"
"3_3","32.2215428","-110.9646784","2023-03-01T18:15:46"
"3_3","32.2215285","-110.9646431","2023-03-01T18:15:47"
"3_3","32.221491","-110.9645783","2023-03-01T18:15:52"
"3_3","32.2212516","-110.9643005","2023-03-01T18:16:04"
"3_3","32.2206487","-110.9636704","2023-03-01T18:16:09"
"3_3","32.2203813","-110.9634121","2023-03-01T18:16:14"
"3_3","32.2201334","-110.9631779","2023-03-01T18:16:16"
"3_3","32.2200304","-110.9630807","2023-03-01T18:16:23"
"3_3","32.2196295","-110.9626748","2023-03-01T18:16:24"
"3_3","32.2195908","-110.9626356","2023-03-01T18:16:32"
"3_3","32.2192186","-110.9622172","2023-03-01T18:16:46"
"3_3","32.2185421","-110.9614504","2023-03-01T18:16:48"
"3_3","32.2184405","-110.9613462","2023-03-01T18:16:51"
"3_3","32.2182701","-110.9611899","2023-03-01T18:16:54"
"3_3","32.2180863","-110.9610746","2023-03-01T18:16:57"
"3_3","32.2179116","-110.9609834","2023-03-01T18:16:59"
"3_3","32.21773","-110.9609244","2023-03-01T18:17:02"
"3_3","32.2175598","-110.9608895","2023-03-01T18:17:04"
"3_3","32.2173851","-110.9608707","2023-03-01T18:17:06"
"3_3","32.2172467","-110.960868","2023-03-01T18:17:09"
"3_3","32.2170159","-110.9608655","2023-03-01T18:17:16"
"3_3","32.2165264","-110.9608601","2023-03-01T18:17:16"
"3_3","32.2165137","-110.96086","2023-03-01T18:17:18"
"3_3","32.2163571","-110.960852","2023-03-01T18:17:21"
"3_3","32.2161756","-110.9608251","2023-03-01T18:17:22"
"3_3","32.2160559","-110.9607954","2023-03-01T18:17:23"
"3_3","32.2160099","-110.9607849","2023-03-01T18:17:25"
"3_3","32.2158352","-110.9607205","2023-03-01T18:17:28"
"3_3","32.2156945","-110.9606383","2023-03-01T18:17:28"
"3_3","32.2156514","-110.9606132","2023-03-01T18:17:31"
"3_3","32.2154721","-110.9604711","2023-03-01T18:17:33"
"3_3","32.2154047","-110.9604067","2023-03-01T18:17:34"
"3_3","32.2153178","-110.9603236","2023-03-01T18:17:36"
"3_3","32.2152131","-110.9602085","2023-03-01T18:17:39"
"3_3","32.2151226","-110.9600875","2023-03-01T18:17:40"
"3_3","32.2150319","-110.9599856","2023-03-01T18:17:42"
"3_3","32.2149524","-110.9599221","2023-03-01T18:17:44"
"3_3","32.2148318","-110.9598491","2023-03-01T18:17:46"
"3_3","32.2147042","-110.9598033","2023-03-01T18:17:46"
"3_3","32.2146578","-110.9598015","2023-03-01T18:17:52"
"3_3","32.2142176","-110.9597871","2023-03-01T18:17:53"
"3_3","32.2141846","-110.959786","2023-03-01T18:17:54"
"3_3","32.2141056","-110.9597834","2023-03-01T18:17:54"
"3_3","32.2140704","-110.9597834","2023-03-01T18:18:04"
"3_3","32.2133896","-110.9597836","2023-03-01T18:18:11"
"3_3","32.2128258","-110.9597676","2023-03-01T18:18:12"
"3_3","32.2127654","-110.9597665","2023-03-01T18:18:15"
"3_3","32.2125506","-110.9597686","2023-03-01T18:18:21"
"3_3","32.212094","-110.9597749","2023-03-01T18:18:24"
"3_3","32.212093","-110.9595841","2023-03-01T18:18:44"
"3_3","32.2120851","-110.9580997","2023-03-01T18:18:45"
"3_3","32.2120848","-110.9580392","2023-03-01T18:18:48"
"3_3","32.2120838","-110.9578468","2023-03-01T18:18:53"
"3_3","32.2120818","-110.9574619","2023-03-01T18:18:54"
"3_3","32.2120812","-110.9573529","2023-03-01T18:18:58"
"3_3","32.21208","-110.9571169","2023-03-01T18:19:02"
"3_3","32.2120968","-110.9568155","2023-03-01T18:19:05"
"3_3","32.2120961","-110.9565491","2023-03-01T18:19:05"
"3_3","32.212096","-110.9565364","2023-03-01T18:19:07"
"3_3","32.2120957","-110.9564127","2023-03-01T18:19:08"
"3_3","32.2120052","-110.9564097","2023-03-01T18:19:08"
"3_3","32.211998","-110.9564095","2023-03-01T18:19:10"
"3_3","32.2118596","-110.956406","2023-03-01T18:19:11"
"3_3","32.2117541","-110.9564004","2023-03-01T18:19:13"
"3_3","32.2116495","-110.9563903","2023-03-01T18:19:14"
"3_3","32.2115721","-110.9563806","2023-03-01T18:19:14"
"3_3","32.2115344","-110.9563768","2023-03-01T18:19:15"
"3_3","32.2114232","-110.9563577","2023-03-01T18:19:17"
"3_3","32.2112967","-110.9563386","2023-03-01T18:19:18"
"3_3","32.2112092","-110.9563217","2023-03-01T18:19:19"
"3_3","32.2111398","-110.9563015","2023-03-01T18:19:20"
"3_3","32.2110298","-110.9562474","2023-03-01T18:19:23"
"3_3","32.2108068","-110.956244","2023-03-01T18:19:26"
"3_3","32.2105524","-110.9562425","2023-03-01T18:19:33"
"3_3","32.2100173","-110.9562393","2023-03-01T18:19:39"
"3_3","32.2094751","-110.9562368","2023-03-01T18:19:51"
"3_3","32.2084921","-110.9562263","2023-03-01T18:19:53"
"3_3","32.2083628","-110.9562256","2023-03-01T18:19:55"
"3_3","32.2081953","-110.956224","2023-03-01T18:20:06"
"3_3","32.2072341","-110.9562147","2023-03-01T18:20:07"
"3_3","32.2071602","-110.9562143","2023-03-01T18:20:09"
"3_3","32.2070003","-110.9562128","2023-03-01T18:20:11"
"3_3","32.2068881","-110.956212","2023-03-01T18:20:12"
"3_3","32.2068884","-110.9560566","2023-03-01T18:20:12"
