"0","0_0","32.2463052","-110.9657368","2023-03-01T18:25:13"
"0","0_0","32.2458548","-110.9657326","2023-03-01T18:25:13"
"0","0_0","32.2458309","-110.9657333","2023-03-01T18:25:13"
"0","0_0","32.2458325","-110.9657422","2023-03-01T18:25:14"
"0","0_0","32.2458301","-110.9657659","2023-03-01T18:25:14"
"0","0_0","32.2458214","-110.9657875","2023-03-01T18:25:14"
"0","0_0","32.2458073","-110.9658046","2023-03-01T18:25:15"
"0","0_0","32.2457894","-110.9658155","2023-03-01T18:25:15"
"0","0_0","32.2457688","-110.965819","2023-03-01T18:25:16"
"0","0_0","32.2457484","-110.9658144","2023-03-01T18:25:16"
"0","0_0","32.2457304","-110.965802","2023-03-01T18:25:16"
"0","0_0","32.2457169","-110.9657834","2023-03-01T18:25:17"
"0","0_0","32.2457093","-110.9657605","2023-03-01T18:25:17"
"0","0_0","32.2457087","-110.9657421","2023-03-01T18:25:26"
"0","0_0","32.2452237","-110.9657447","2023-03-01T18:25:34"
"0","0_0","32.2447781","-110.9657293","2023-03-01T18:25:36"
"0","0_0","32.244646","-110.9657262","2023-03-01T18:26:04"
"0","0_0","32.2446353","-110.967263","2023-03-01T18:26:13"
"0","0_0","32.2441636","-110.9672542","2023-03-01T18:26:23"
"0","0_0","32.2436161","-110.967244","2023-03-01T18:26:33"
"0","0_0","32.243069","-110.9672398","2023-03-01T18:26:42"
"0","0_0","32.2425637","-110.967236","2023-03-01T18:26:51"
"0","0_0","32.2420741","-110.9672322","2023-03-01T18:27:01"
"0","0_0","32.2415446","-110.9672476","2023-03-01T18:27:10"
"0","0_0","32.2410453","-110.9672488","2023-03-01T18:27:19"
"0","0_0","32.2405413","-110.9672412","2023-03-01T18:27:28"
"0","0_0","32.2400451","-110.9672339","2023-03-01T18:27:36"
"0","0_0","32.2395953","-110.9672321","2023-03-01T18:27:36"
"0","0_0","32.2395861","-110.9672321","2023-03-01T18:27:38"
"0","0_0","32.2395171","-110.9672321","2023-03-01T18:27:39"
"0","0_0","32.2394589","-110.9672316","2023-03-01T18:27:39"
"0","0_0","32.2394422","-110.9672315","2023-03-01T18:27:55"
"0","0_0","32.2385471","-110.9672251","2023-03-01T18:28:06"
"0","0_0","32.2379383","-110.9672193","2023-03-01T18:28:10"
"0","0_0","32.2377598","-110.9672176","2023-03-01T18:28:19"
"0","0_0","32.2372427","-110.967212","2023-03-01T18:28:21"
"0","0_0","32.237118","-110.9672116","2023-03-01T18:28:33"
"0","0_0","32.2364905","-110.9672013","2023-03-01T18:28:36"
"0","0_0","32.2363141","-110.9672031","2023-03-01T18:28:39"
"0","0_0","32.2361755","-110.9672044","2023-03-01T18:28:41"
"0","0_0","32.2360363","-110.9672024","2023-03-01T18:28:41"
"0","0_0","32.2360227","-110.967201","2023-03-01T18:28:43"
"0","0_0","32.2359223","-110.9672018","2023-03-01T18:28:45"
"0","0_0","32.2358286","-110.967199","2023-03-01T18:28:45"
"0","0_0","32.2358183","-110.9671996","2023-03-01T18:28:47"
"0","0_0","32.2356946","-110.9671986","2023-03-01T18:28:52"
"0","0_0","32.2354381","-110.9671969","2023-03-01T18:28:57"
"0","0_0","32.2351347","-110.9671938","2023-03-01T18:28:59"
"0","0_0","32.2350299","-110.9671935","2023-03-01T18:29:04"
"0","0_0","32.2347536","-110.9671912","2023-03-01T18:29:14"
"0","0_0","32.2342508","-110.967187","2023-03-01T18:29:23"
"0","0_0","32.2337494","-110.9671851","2023-03-01T18:29:37"
"0","0_0","32.23295","-110.967174","2023-03-01T18:29:49"
"0","0_0","32.2322818","-110.9671712","2023-03-01T18:29:59"
"0","0_0","32.2317608","-110.9671685","2023-03-01T18:29:59"
"0","0_0","32.2317443","-110.9671685","2023-03-01T18:30:01"
"0","0_0","32.2316486","-110.9671686","2023-03-01T18:30:12"
"0","0_0","32.2316518","-110.966387","2023-03-01T18:30:13"
"0","0_0","32.2315589","-110.9663865","2023-03-01T18:30:14"
"0","0_0","32.2315321","-110.9663859","2023-03-01T18:30:22"
"0","0_0","32.2310825","-110.9663847","2023-03-01T18:30:25"
"0","0_0","32.2309184","-110.9663842","2023-03-01T18:30:26"
"0","0_0","32.2308372","-110.966384","2023-03-01T18:30:27"
"0","0_0","32.2307997","-110.9663838","2023-03-01T18:30:34"
"0","0_0","32.2304486","-110.9663824","2023-03-01T18:30:36"
"0","0_0","32.2303361","-110.9663827","2023-03-01T18:30:37"
"0","0_0","32.2302519","-110.9663814","2023-03-01T18:30:43"
"0","0_0","32.2299335","-110.9663787","2023-03-01T18:30:57"
"0","0_0","32.2291402","-110.9663738","2023-03-01T18:30:59"
"0","0_0","32.2290265","-110.966373","2023-03-01T18:31:01"
"0","0_0","32.2289426","-110.9663719","2023-03-01T18:31:11"
"0","0_0","32.228414","-110.966364","2023-03-01T18:31:13"
"0","0_0","32.2282768","-110.966362","2023-03-01T18:31:16"
"0","0_0","32.2281198","-110.9663599","2023-03-01T18:31:21"
"0","0_0","32.2278525","-110.9663562","2023-03-01T18:31:21"
"0","0_0","32.2278288","-110.9663563","2023-03-01T18:31:23"
"0","0_0","32.2277343","-110.9663556","2023-03-01T18:31:32"
"0","0_0","32.2277299","-110.9671269","2023-03-01T18:31:34"
"0","0_0","32.227633","-110.967127","2023-03-01T18:31:34"
"0","0_0","32.2276227","-110.9671272","2023-03-01T18:31:36"
"0","0_0","32.2275441","-110.9671281","2023-03-01T18:31:39"
"0","0_0","32.22737","-110.9671289","2023-03-01T18:31:41"
"0","0_0","32.2272437","-110.9671295","2023-03-01T18:31:44"
"0","0_0","32.2270777","-110.9671303","2023-03-01T18:31:44"
"0","0_0","32.2270737","-110.9671303","2023-03-01T18:31:56"
"0","0_0","32.2264203","-110.9671334","2023-03-01T18:31:58"
"0","0_0","32.2263174","-110.9671314","2023-03-01T18:31:59"
"0","0_0","32.2262868","-110.9671265","2023-03-01T18:32"
"0","0_0","32.2262355","-110.9671074","2023-03-01T18:32"
"0","0_0","32.2262297","-110.9671053","2023-03-01T18:32"
"0","0_0","32.2262212","-110.9671022","2023-03-01T18:32:01"
"0","0_0","32.2261884","-110.9670955","2023-03-01T18:32:01"
"0","0_0","32.2261487","-110.9670922","2023-03-01T18:32:02"
"0","0_0","32.2261098","-110.9670915","2023-03-01T18:32:03"
"0","0_0","32.226049","-110.9670905","2023-03-01T18:32:07"
"0","0_0","32.2258598","-110.9670872","2023-03-01T18:32:07"
"0","0_0","32.2258254","-110.9670866","2023-03-01T18:32:11"
"0","0_0","32.2256113","-110.9670828","2023-03-01T18:32:11"
"0","0_0","32.2255904","-110.9670815","2023-03-01T18:32:12"
"0","0_0","32.2255851","-110.9670812","2023-03-01T18:32:12"
"0","0_0","32.2255329","-110.9670756","2023-03-01T18:32:13"
"0","0_0","32.225509","-110.9670741","2023-03-01T18:32:16"
"0","0_0","32.225322","-110.9670697","2023-03-01T18:32:18"
"0","0_0","32.2252293","-110.9670675","2023-03-01T18:32:18"
"0","0_0","32.2252112","-110.9670631","2023-03-01T18:32:19"
"0","0_0","32.2251967","-110.9670541","2023-03-01T18:32:19"
"0","0_0","32.2251805","-110.967038","2023-03-01T18:32:20"
"0","0_0","32.2251653","-110.9670189","2023-03-01T18:32:20"
"0","0_0","32.2251492","-110.9669957","2023-03-01T18:32:21"
"0","0_0","32.2251194","-110.9669313","2023-03-01T18:32:22"
"0","0_0","32.2250965","-110.9669636","2023-03-01T18:32:23"
"0","0_0","32.2250744","-110.9669913","2023-03-01T18:32:24"
"0","0_0","32.2250325","-110.9670197","2023-03-01T18:32:24"
"0","0_0","32.2250079","-110.9670364","2023-03-01T18:32:26"
"0","0_0","32.2248951","-110.9670732","2023-03-01T18:32:28"
"0","0_0","32.2247766","-110.9670769","2023-03-01T18:32:31"
"0","0_0","32.2246643","-110.967003","2023-03-01T18:32:48"
"0","0_0","32.2240624","-110.966291","2023-03-01T18:32:52"
"0","0_0","32.2239354","-110.9661408","2023-03-01T18:32:52"
"0","0_0","32.2239129","-110.9661131","2023-03-01T18:32:53"
"0","0_0","32.2238965","-110.9660904","2023-03-01T18:32:53"
"0","0_0","32.2238793","-110.9660611","2023-03-01T18:32:54"
"0","0_0","32.2238678","-110.9660367","2023-03-01T18:32:54"
"0","0_0","32.2238585","-110.9660106","2023-03-01T18:32:55"
"0","0_0","32.223851","-110.9659766","2023-03-01T18:32:56"
"0","0_0","32.2238473","-110.9659442","2023-03-01T18:32:56"
"0","0_0","32.223846","-110.9659156","2023-03-01T18:32:57"
"0","0_0","32.2238457","-110.9658886","2023-03-01T18:33"
"0","0_0","32.2238447","-110.9657058","2023-03-01T18:33"
"0","0_0","32.2238454","-110.9656901","2023-03-01T18:33"
"0","0_0","32.2238455","-110.9656867","2023-03-01T18:33:01"
"0","0_0","32.2238482","-110.9656678","2023-03-01T18:33:01"
"0","0_0","32.2238521","-110.965651","2023-03-01T18:33:01"
"0","0_0","32.2238533","-110.9656417","2023-03-01T18:33:01"
"0","0_0","32.2238541","-110.9656348","2023-03-01T18:33:01"
"0","0_0","32.223855","-110.9656212","2023-03-01T18:33:02"
"0","0_0","32.2238536","-110.965579","2023-03-01T18:33:03"
"0","0_0","32.2238531","-110.9655463","2023-03-01T18:33:03"
"0","0_0","32.2238516","-110.9655351","2023-03-01T18:33:04"
"0","0_0","32.2238537","-110.9654812","2023-03-01T18:33:04"
"0","0_0","32.2238538","-110.9654769","2023-03-01T18:33:05"
"0","0_0","32.2238542","-110.9654429","2023-03-01T18:33:05"
"0","0_0","32.2238545","-110.965411","2023-03-01T18:33:06"
"0","0_0","32.2238543","-110.9653669","2023-03-01T18:33:07"
"0","0_0","32.2238524","-110.9653241","2023-03-01T18:33:09"
"0","0_0","32.2238468","-110.96523","2023-03-01T18:33:09"
"0","0_0","32.2238454","-110.9652055","2023-03-01T18:33:09"
"0","0_0","32.2238447","-110.9651822","2023-03-01T18:33:16"
"0","0_0","32.2238435","-110.9648254","2023-03-01T18:33:16"
"0","0_0","32.2238435","-110.9648077","2023-03-01T18:33:23"
"0","0_0","32.22347","-110.9648051","2023-03-01T18:33:35"
"0","0_0","32.2227971","-110.9648003","2023-03-01T18:33:42"
"0","0_0","32.2230137","-110.9651139","2023-03-01T18:33:44"
"0","0_0","32.2230698","-110.9651787","2023-03-01T18:33:50"
"0","0_0","32.2232995","-110.965461","2023-03-01T18:33:50"
"1","0_0","32.2463052","-110.9657368","2023-03-01T18:02:35"
"1","0_0","32.2458548","-110.9657326","2023-03-01T18:02:35"
"1","0_0","32.2458309","-110.9657333","2023-03-01T18:02:35"
"1","0_0","32.2458325","-110.9657422","2023-03-01T18:02:36"
"1","0_0","32.2458301","-110.9657659","2023-03-01T18:02:36"
"1","0_0","32.2458214","-110.9657875","2023-03-01T18:02:36"
"1","0_0","32.2458073","-110.9658046","2023-03-01T18:02:37"
"1","0_0","32.2457894","-110.9658155","2023-03-01T18:02:37"
"1","0_0","32.2457688","-110.965819","2023-03-01T18:02:38"
"1","0_0","32.2457484","-110.9658144","2023-03-01T18:02:38"
"1","0_0","32.2457304","-110.965802","2023-03-01T18:02:38"
"1","0_0","32.2457169","-110.9657834","2023-03-01T18:02:39"
"1","0_0","32.2457093","-110.9657605","2023-03-01T18:02:39"
"1","0_0","32.2457087","-110.9657421","2023-03-01T18:02:48"
"1","0_0","32.2452237","-110.9657447","2023-03-01T18:02:56"
"1","0_0","32.2447781","-110.9657293","2023-03-01T18:02:58"
"1","0_0","32.244646","-110.9657262","2023-03-01T18:03:26"
"1","0_0","32.2446353","-110.967263","2023-03-01T18:03:35"
"1","0_0","32.2441636","-110.9672542","2023-03-01T18:03:45"
"1","0_0","32.2436161","-110.967244","2023-03-01T18:03:55"
"1","0_0","32.243069","-110.9672398","2023-03-01T18:04:04"
"1","0_0","32.2425637","-110.967236","2023-03-01T18:04:13"
"1","0_0","32.2420741","-110.9672322","2023-03-01T18:04:23"
"1","0_0","32.2415446","-110.9672476","2023-03-01T18:04:32"
"1","0_0","32.2410453","-110.9672488","2023-03-01T18:04:41"
"1","0_0","32.2405413","-110.9672412","2023-03-01T18:04:50"
"1","0_0","32.2400451","-110.9672339","2023-03-01T18:04:58"
"1","0_0","32.2395953","-110.9672321","2023-03-01T18:04:58"
"1","0_0","32.2395861","-110.9672321","2023-03-01T18:05"
"1","0_0","32.2395171","-110.9672321","2023-03-01T18:05:01"
"1","0_0","32.2394589","-110.9672316","2023-03-01T18:05:01"
"1","0_0","32.2394422","-110.9672315","2023-03-01T18:05:17"
"1","0_0","32.2385471","-110.9672251","2023-03-01T18:05:28"
"1","0_0","32.2379383","-110.9672193","2023-03-01T18:05:32"
"1","0_0","32.2377598","-110.9672176","2023-03-01T18:05:41"
"1","0_0","32.2372427","-110.967212","2023-03-01T18:05:43"
"1","0_0","32.237118","-110.9672116","2023-03-01T18:05:55"
"1","0_0","32.2364905","-110.9672013","2023-03-01T18:05:58"
"1","0_0","32.2363141","-110.9672031","2023-03-01T18:06:01"
"1","0_0","32.2361755","-110.9672044","2023-03-01T18:06:03"
"1","0_0","32.2360363","-110.9672024","2023-03-01T18:06:03"
"1","0_0","32.2360227","-110.967201","2023-03-01T18:06:05"
"1","0_0","32.2359223","-110.9672018","2023-03-01T18:06:07"
"1","0_0","32.2358286","-110.967199","2023-03-01T18:06:07"
"1","0_0","32.2358183","-110.9671996","2023-03-01T18:06:09"
"1","0_0","32.2356946","-110.9671986","2023-03-01T18:06:14"
"1","0_0","32.2354381","-110.9671969","2023-03-01T18:06:19"
"1","0_0","32.2351347","-110.9671938","2023-03-01T18:06:21"
"1","0_0","32.2350299","-110.9671935","2023-03-01T18:06:26"
"1","0_0","32.2347536","-110.9671912","2023-03-01T18:06:36"
"1","0_0","32.2342508","-110.967187","2023-03-01T18:06:45"
"1","0_0","32.2337494","-110.9671851","2023-03-01T18:06:59"
"1","0_0","32.23295","-110.967174","2023-03-01T18:07:11"
"1","0_0","32.2322818","-110.9671712","2023-03-01T18:07:21"
"1","0_0","32.2317608","-110.9671685","2023-03-01T18:07:21"
"1","0_0","32.2317443","-110.9671685","2023-03-01T18:07:23"
"1","0_0","32.2316486","-110.9671686","2023-03-01T18:07:34"
"1","0_0","32.2316518","-110.966387","2023-03-01T18:07:35"
"1","0_0","32.2315589","-110.9663865","2023-03-01T18:07:36"
"1","0_0","32.2315321","-110.9663859","2023-03-01T18:07:44"
"1","0_0","32.2310825","-110.9663847","2023-03-01T18:07:47"
"1","0_0","32.2309184","-110.9663842","2023-03-01T18:07:48"
"1","0_0","32.2308372","-110.966384","2023-03-01T18:07:49"
"1","0_0","32.2307997","-110.9663838","2023-03-01T18:07:56"
"1","0_0","32.2304486","-110.9663824","2023-03-01T18:07:58"
"1","0_0","32.2303361","-110.9663827","2023-03-01T18:07:59"
"1","0_0","32.2302519","-110.9663814","2023-03-01T18:08:05"
"1","0_0","32.2299335","-110.9663787","2023-03-01T18:08:19"
"1","0_0","32.2291402","-110.9663738","2023-03-01T18:08:21"
"1","0_0","32.2290265","-110.966373","2023-03-01T18:08:23"
"1","0_0","32.2289426","-110.9663719","2023-03-01T18:08:33"
"1","0_0","32.228414","-110.966364","2023-03-01T18:08:35"
"1","0_0","32.2282768","-110.966362","2023-03-01T18:08:38"
"1","0_0","32.2281198","-110.9663599","2023-03-01T18:08:43"
"1","0_0","32.2278525","-110.9663562","2023-03-01T18:08:43"
"1","0_0","32.2278288","-110.9663563","2023-03-01T18:08:45"
"1","0_0","32.2277343","-110.9663556","2023-03-01T18:08:54"
"1","0_0","32.2277299","-110.9671269","2023-03-01T18:08:56"
"1","0_0","32.227633","-110.967127","2023-03-01T18:08:56"
"1","0_0","32.2276227","-110.9671272","2023-03-01T18:08:58"
"1","0_0","32.2275441","-110.9671281","2023-03-01T18:09:01"
"1","0_0","32.22737","-110.9671289","2023-03-01T18:09:03"
"1","0_0","32.2272437","-110.9671295","2023-03-01T18:09:06"
"1","0_0","32.2270777","-110.9671303","2023-03-01T18:09:06"
"1","0_0","32.2270737","-110.9671303","2023-03-01T18:09:18"
"1","0_0","32.2264203","-110.9671334","2023-03-01T18:09:20"
"1","0_0","32.2263174","-110.9671314","2023-03-01T18:09:21"
"1","0_0","32.2262868","-110.9671265","2023-03-01T18:09:22"
"1","0_0","32.2262355","-110.9671074","2023-03-01T18:09:22"
"1","0_0","32.2262297","-110.9671053","2023-03-01T18:09:22"
"1","0_0","32.2262212","-110.9671022","2023-03-01T18:09:23"
"1","0_0","32.2261884","-110.9670955","2023-03-01T18:09:23"
"1","0_0","32.2261487","-110.9670922","2023-03-01T18:09:24"
"1","0_0","32.2261098","-110.9670915","2023-03-01T18:09:25"
"1","0_0","32.226049","-110.9670905","2023-03-01T18:09:29"
"1","0_0","32.2258598","-110.9670872","2023-03-01T18:09:29"
"1","0_0","32.2258254","-110.9670866","2023-03-01T18:09:33"
"1","0_0","32.2256113","-110.9670828","2023-03-01T18:09:33"
"1","0_0","32.2255904","-110.9670815","2023-03-01T18:09:34"
"1","0_0","32.2255851","-110.9670812","2023-03-01T18:09:34"
"1","0_0","32.2255329","-110.9670756","2023-03-01T18:09:35"
"1","0_0","32.225509","-110.9670741","2023-03-01T18:09:38"
"1","0_0","32.225322","-110.9670697","2023-03-01T18:09:40"
"1","0_0","32.2252293","-110.9670675","2023-03-01T18:09:40"
"1","0_0","32.2252112","-110.9670631","2023-03-01T18:09:41"
"1","0_0","32.2251967","-110.9670541","2023-03-01T18:09:41"
"1","0_0","32.2251805","-110.967038","2023-03-01T18:09:42"
"1","0_0","32.2251653","-110.9670189","2023-03-01T18:09:42"
"1","0_0","32.2251492","-110.9669957","2023-03-01T18:09:43"
"1","0_0","32.2251194","-110.9669313","2023-03-01T18:09:44"
"1","0_0","32.2250965","-110.9669636","2023-03-01T18:09:45"
"1","0_0","32.2250744","-110.9669913","2023-03-01T18:09:46"
"1","0_0","32.2250325","-110.9670197","2023-03-01T18:09:46"
"1","0_0","32.2250079","-110.9670364","2023-03-01T18:09:48"
"1","0_0","32.2248951","-110.9670732","2023-03-01T18:09:50"
"1","0_0","32.2247766","-110.9670769","2023-03-01T18:09:53"
"1","0_0","32.2246643","-110.967003","2023-03-01T18:10:10"
"1","0_0","32.2240624","-110.966291","2023-03-01T18:10:14"
"1","0_0","32.2239354","-110.9661408","2023-03-01T18:10:14"
"1","0_0","32.2239129","-110.9661131","2023-03-01T18:10:15"
"1","0_0","32.2238965","-110.9660904","2023-03-01T18:10:15"
"1","0_0","32.2238793","-110.9660611","2023-03-01T18:10:16"
"1","0_0","32.2238678","-110.9660367","2023-03-01T18:10:16"
"1","0_0","32.2238585","-110.9660106","2023-03-01T18:10:17"
"1","0_0","32.223851","-110.9659766","2023-03-01T18:10:18"
"1","0_0","32.2238473","-110.9659442","2023-03-01T18:10:18"
"1","0_0","32.223846","-110.9659156","2023-03-01T18:10:19"
"1","0_0","32.2238457","-110.9658886","2023-03-01T18:10:22"
"1","0_0","32.2238447","-110.9657058","2023-03-01T18:10:22"
"1","0_0","32.2238454","-110.9656901","2023-03-01T18:10:22"
"1","0_0","32.2238455","-110.9656867","2023-03-01T18:10:23"
"1","0_0","32.2238482","-110.9656678","2023-03-01T18:10:23"
"1","0_0","32.2238521","-110.965651","2023-03-01T18:10:23"
"1","0_0","32.2238533","-110.9656417","2023-03-01T18:10:23"
"1","0_0","32.2238541","-110.9656348","2023-03-01T18:10:23"
"1","0_0","32.223855","-110.9656212","2023-03-01T18:10:24"
"1","0_0","32.2238536","-110.965579","2023-03-01T18:10:25"
"1","0_0","32.2238531","-110.9655463","2023-03-01T18:10:25"
"1","0_0","32.2238516","-110.9655351","2023-03-01T18:10:26"
"1","0_0","32.2238537","-110.9654812","2023-03-01T18:10:26"
"1","0_0","32.2238538","-110.9654769","2023-03-01T18:10:27"
"1","0_0","32.2238542","-110.9654429","2023-03-01T18:10:27"
"1","0_0","32.2238545","-110.965411","2023-03-01T18:10:28"
"1","0_0","32.2238543","-110.9653669","2023-03-01T18:10:29"
"1","0_0","32.2238524","-110.9653241","2023-03-01T18:10:31"
"1","0_0","32.2238468","-110.96523","2023-03-01T18:10:31"
"1","0_0","32.2238454","-110.9652055","2023-03-01T18:10:31"
"1","0_0","32.2238447","-110.9651822","2023-03-01T18:10:38"
"1","0_0","32.2238435","-110.9648254","2023-03-01T18:10:38"
"1","0_0","32.2238435","-110.9648077","2023-03-01T18:10:45"
"1","0_0","32.22347","-110.9648051","2023-03-01T18:10:57"
"1","0_0","32.2227971","-110.9648003","2023-03-01T18:11:04"
"1","0_0","32.2230137","-110.9651139","2023-03-01T18:11:06"
"1","0_0","32.2230698","-110.9651787","2023-03-01T18:11:12"
"1","0_0","32.2232995","-110.965461","2023-03-01T18:11:12"
"2","0_0","32.2463052","-110.9657368","2023-03-01T18:07:39"
"2","0_0","32.2458548","-110.9657326","2023-03-01T18:07:39"
"2","0_0","32.2458309","-110.9657333","2023-03-01T18:07:39"
"2","0_0","32.2458325","-110.9657422","2023-03-01T18:07:40"
"2","0_0","32.2458301","-110.9657659","2023-03-01T18:07:40"
"2","0_0","32.2458214","-110.9657875","2023-03-01T18:07:40"
"2","0_0","32.2458073","-110.9658046","2023-03-01T18:07:41"
"2","0_0","32.2457894","-110.9658155","2023-03-01T18:07:41"
"2","0_0","32.2457688","-110.965819","2023-03-01T18:07:42"
"2","0_0","32.2457484","-110.9658144","2023-03-01T18:07:42"
"2","0_0","32.2457304","-110.965802","2023-03-01T18:07:42"
"2","0_0","32.2457169","-110.9657834","2023-03-01T18:07:43"
"2","0_0","32.2457093","-110.9657605","2023-03-01T18:07:43"
"2","0_0","32.2457087","-110.9657421","2023-03-01T18:07:52"
"2","0_0","32.2452237","-110.9657447","2023-03-01T18:08"
"2","0_0","32.2447781","-110.9657293","2023-03-01T18:08:02"
"2","0_0","32.244646","-110.9657262","2023-03-01T18:08:30"
"2","0_0","32.2446353","-110.967263","2023-03-01T18:08:39"
"2","0_0","32.2441636","-110.9672542","2023-03-01T18:08:49"
"2","0_0","32.2436161","-110.967244","2023-03-01T18:08:59"
"2","0_0","32.243069","-110.9672398","2023-03-01T18:09:08"
"2","0_0","32.2425637","-110.967236","2023-03-01T18:09:17"
"2","0_0","32.2420741","-110.9672322","2023-03-01T18:09:27"
"2","0_0","32.2415446","-110.9672476","2023-03-01T18:09:36"
"2","0_0","32.2410453","-110.9672488","2023-03-01T18:09:45"
"2","0_0","32.2405413","-110.9672412","2023-03-01T18:09:54"
"2","0_0","32.2400451","-110.9672339","2023-03-01T18:10:02"
"2","0_0","32.2395953","-110.9672321","2023-03-01T18:10:02"
"2","0_0","32.2395861","-110.9672321","2023-03-01T18:10:04"
"2","0_0","32.2395171","-110.9672321","2023-03-01T18:10:05"
"2","0_0","32.2394589","-110.9672316","2023-03-01T18:10:05"
"2","0_0","32.2394422","-110.9672315","2023-03-01T18:10:21"
"2","0_0","32.2385471","-110.9672251","2023-03-01T18:10:32"
"2","0_0","32.2379383","-110.9672193","2023-03-01T18:10:36"
"2","0_0","32.2377598","-110.9672176","2023-03-01T18:10:45"
"2","0_0","32.2372427","-110.967212","2023-03-01T18:10:47"
"2","0_0","32.237118","-110.9672116","2023-03-01T18:10:59"
"2","0_0","32.2364905","-110.9672013","2023-03-01T18:11:02"
"2","0_0","32.2363141","-110.9672031","2023-03-01T18:11:05"
"2","0_0","32.2361755","-110.9672044","2023-03-01T18:11:07"
"2","0_0","32.2360363","-110.9672024","2023-03-01T18:11:07"
"2","0_0","32.2360227","-110.967201","2023-03-01T18:11:09"
"2","0_0","32.2359223","-110.9672018","2023-03-01T18:11:11"
"2","0_0","32.2358286","-110.967199","2023-03-01T18:11:11"
"2","0_0","32.2358183","-110.9671996","2023-03-01T18:11:13"
"2","0_0","32.2356946","-110.9671986","2023-03-01T18:11:18"
"2","0_0","32.2354381","-110.9671969","2023-03-01T18:11:23"
"2","0_0","32.2351347","-110.9671938","2023-03-01T18:11:25"
"2","0_0","32.2350299","-110.9671935","2023-03-01T18:11:30"
"2","0_0","32.2347536","-110.9671912","2023-03-01T18:11:40"
"2","0_0","32.2342508","-110.967187","2023-03-01T18:11:49"
"2","0_0","32.2337494","-110.9671851","2023-03-01T18:12:03"
"2","0_0","32.23295","-110.967174","2023-03-01T18:12:15"
"2","0_0","32.2322818","-110.9671712","2023-03-01T18:12:25"
"2","0_0","32.2317608","-110.9671685","2023-03-01T18:12:25"
"2","0_0","32.2317443","-110.9671685","2023-03-01T18:12:27"
"2","0_0","32.2316486","-110.9671686","2023-03-01T18:12:38"
"2","0_0","32.2316518","-110.966387","2023-03-01T18:12:39"
"2","0_0","32.2315589","-110.9663865","2023-03-01T18:12:40"
"2","0_0","32.2315321","-110.9663859","2023-03-01T18:12:48"
"2","0_0","32.2310825","-110.9663847","2023-03-01T18:12:51"
"2","0_0","32.2309184","-110.9663842","2023-03-01T18:12:52"
"2","0_0","32.2308372","-110.966384","2023-03-01T18:12:53"
"2","0_0","32.2307997","-110.9663838","2023-03-01T18:13"
"2","0_0","32.2304486","-110.9663824","2023-03-01T18:13:02"
"2","0_0","32.2303361","-110.9663827","2023-03-01T18:13:03"
"2","0_0","32.2302519","-110.9663814","2023-03-01T18:13:09"
"2","0_0","32.2299335","-110.9663787","2023-03-01T18:13:23"
"2","0_0","32.2291402","-110.9663738","2023-03-01T18:13:25"
"2","0_0","32.2290265","-110.966373","2023-03-01T18:13:27"
"2","0_0","32.2289426","-110.9663719","2023-03-01T18:13:37"
"2","0_0","32.228414","-110.966364","2023-03-01T18:13:39"
"2","0_0","32.2282768","-110.966362","2023-03-01T18:13:42"
"2","0_0","32.2281198","-110.9663599","2023-03-01T18:13:47"
"2","0_0","32.2278525","-110.9663562","2023-03-01T18:13:47"
"2","0_0","32.2278288","-110.9663563","2023-03-01T18:13:49"
"2","0_0","32.2277343","-110.9663556","2023-03-01T18:13:58"
"2","0_0","32.2277299","-110.9671269","2023-03-01T18:14"
"2","0_0","32.227633","-110.967127","2023-03-01T18:14"
"2","0_0","32.2276227","-110.9671272","2023-03-01T18:14:02"
"2","0_0","32.2275441","-110.9671281","2023-03-01T18:14:05"
"2","0_0","32.22737","-110.9671289","2023-03-01T18:14:07"
"2","0_0","32.2272437","-110.9671295","2023-03-01T18:14:10"
"2","0_0","32.2270777","-110.9671303","2023-03-01T18:14:10"
"2","0_0","32.2270737","-110.9671303","2023-03-01T18:14:22"
"2","0_0","32.2264203","-110.9671334","2023-03-01T18:14:24"
"2","0_0","32.2263174","-110.9671314","2023-03-01T18:14:25"
"2","0_0","32.2262868","-110.9671265","2023-03-01T18:14:26"
"2","0_0","32.2262355","-110.9671074","2023-03-01T18:14:26"
"2","0_0","32.2262297","-110.9671053","2023-03-01T18:14:26"
"2","0_0","32.2262212","-110.9671022","2023-03-01T18:14:27"
"2","0_0","32.2261884","-110.9670955","2023-03-01T18:14:27"
"2","0_0","32.2261487","-110.9670922","2023-03-01T18:14:28"
"2","0_0","32.2261098","-110.9670915","2023-03-01T18:14:29"
"2","0_0","32.226049","-110.9670905","2023-03-01T18:14:33"
"2","0_0","32.2258598","-110.9670872","2023-03-01T18:14:33"
"2","0_0","32.2258254","-110.9670866","2023-03-01T18:14:37"
"2","0_0","32.2256113","-110.9670828","2023-03-01T18:14:37"
"2","0_0","32.2255904","-110.9670815","2023-03-01T18:14:38"
"2","0_0","32.2255851","-110.9670812","2023-03-01T18:14:38"
"2","0_0","32.2255329","-110.9670756","2023-03-01T18:14:39"
"2","0_0","32.225509","-110.9670741","2023-03-01T18:14:42"
"2","0_0","32.225322","-110.9670697","2023-03-01T18:14:44"
"2","0_0","32.2252293","-110.9670675","2023-03-01T18:14:44"
"2","0_0","32.2252112","-110.9670631","2023-03-01T18:14:45"
"2","0_0","32.2251967","-110.9670541","2023-03-01T18:14:45"
"2","0_0","32.2251805","-110.967038","2023-03-01T18:14:46"
"2","0_0","32.2251653","-110.9670189","2023-03-01T18:14:46"
"2","0_0","32.2251492","-110.9669957","2023-03-01T18:14:47"
"2","0_0","32.2251194","-110.9669313","2023-03-01T18:14:48"
"2","0_0","32.2250965","-110.9669636","2023-03-01T18:14:49"
"2","0_0","32.2250744","-110.9669913","2023-03-01T18:14:50"
"2","0_0","32.2250325","-110.9670197","2023-03-01T18:14:50"
"2","0_0","32.2250079","-110.9670364","2023-03-01T18:14:52"
"2","0_0","32.2248951","-110.9670732","2023-03-01T18:14:54"
"2","0_0","32.2247766","-110.9670769","2023-03-01T18:14:57"
"2","0_0","32.2246643","-110.967003","2023-03-01T18:15:14"
"2","0_0","32.2240624","-110.966291","2023-03-01T18:15:18"
"2","0_0","32.2239354","-110.9661408","2023-03-01T18:15:18"
"2","0_0","32.2239129","-110.9661131","2023-03-01T18:15:19"
"2","0_0","32.2238965","-110.9660904","2023-03-01T18:15:19"
"2","0_0","32.2238793","-110.9660611","2023-03-01T18:15:20"
"2","0_0","32.2238678","-110.9660367","2023-03-01T18:15:20"
"2","0_0","32.2238585","-110.9660106","2023-03-01T18:15:21"
"2","0_0","32.223851","-110.9659766","2023-03-01T18:15:22"
"2","0_0","32.2238473","-110.9659442","2023-03-01T18:15:22"
"2","0_0","32.223846","-110.9659156","2023-03-01T18:15:23"
"2","0_0","32.2238457","-110.9658886","2023-03-01T18:15:26"
"2","0_0","32.2238447","-110.9657058","2023-03-01T18:15:26"
"2","0_0","32.2238454","-110.9656901","2023-03-01T18:15:26"
"2","0_0","32.2238455","-110.9656867","2023-03-01T18:15:27"
"2","0_0","32.2238482","-110.9656678","2023-03-01T18:15:27"
"2","0_0","32.2238521","-110.965651","2023-03-01T18:15:27"
"2","0_0","32.2238533","-110.9656417","2023-03-01T18:15:27"
"2","0_0","32.2238541","-110.9656348","2023-03-01T18:15:27"
"2","0_0","32.223855","-110.9656212","2023-03-01T18:15:28"
"2","0_0","32.2238536","-110.965579","2023-03-01T18:15:29"
"2","0_0","32.2238531","-110.9655463","2023-03-01T18:15:29"
"2","0_0","32.2238516","-110.9655351","2023-03-01T18:15:30"
"2","0_0","32.2238537","-110.9654812","2023-03-01T18:15:30"
"2","0_0","32.2238538","-110.9654769","2023-03-01T18:15:31"
"2","0_0","32.2238542","-110.9654429","2023-03-01T18:15:31"
"2","0_0","32.2238545","-110.965411","2023-03-01T18:15:32"
"2","0_0","32.2238543","-110.9653669","2023-03-01T18:15:33"
"2","0_0","32.2238524","-110.9653241","2023-03-01T18:15:35"
"2","0_0","32.2238468","-110.96523","2023-03-01T18:15:35"
"2","0_0","32.2238454","-110.9652055","2023-03-01T18:15:35"
"2","0_0","32.2238447","-110.9651822","2023-03-01T18:15:42"
"2","0_0","32.2238435","-110.9648254","2023-03-01T18:15:42"
"2","0_0","32.2238435","-110.9648077","2023-03-01T18:15:49"
"2","0_0","32.22347","-110.9648051","2023-03-01T18:16:01"
"2","0_0","32.2227971","-110.9648003","2023-03-01T18:16:08"
"2","0_0","32.2230137","-110.9651139","2023-03-01T18:16:10"
"2","0_0","32.2230698","-110.9651787","2023-03-01T18:16:16"
"2","0_0","32.2232995","-110.965461","2023-03-01T18:16:16"
"3","0_1","32.2463052","-110.9657368","2023-03-01T18:22:27"
"3","0_1","32.2458548","-110.9657326","2023-03-01T18:22:27"
"3","0_1","32.2458309","-110.9657333","2023-03-01T18:22:27"
"3","0_1","32.2458325","-110.9657422","2023-03-01T18:22:28"
"3","0_1","32.2458301","-110.9657659","2023-03-01T18:22:28"
"3","0_1","32.2458214","-110.9657875","2023-03-01T18:22:28"
"3","0_1","32.2458073","-110.9658046","2023-03-01T18:22:29"
"3","0_1","32.2457894","-110.9658155","2023-03-01T18:22:29"
"3","0_1","32.2457688","-110.965819","2023-03-01T18:22:30"
"3","0_1","32.2457484","-110.9658144","2023-03-01T18:22:30"
"3","0_1","32.2457304","-110.965802","2023-03-01T18:22:30"
"3","0_1","32.2457169","-110.9657834","2023-03-01T18:22:31"
"3","0_1","32.2457093","-110.9657605","2023-03-01T18:22:31"
"3","0_1","32.2457087","-110.9657421","2023-03-01T18:22:40"
"3","0_1","32.2452237","-110.9657447","2023-03-01T18:22:48"
"3","0_1","32.2447781","-110.9657293","2023-03-01T18:22:50"
"3","0_1","32.244646","-110.9657262","2023-03-01T18:23:18"
"3","0_1","32.2446353","-110.967263","2023-03-01T18:23:27"
"3","0_1","32.2441636","-110.9672542","2023-03-01T18:23:37"
"3","0_1","32.2436161","-110.967244","2023-03-01T18:23:47"
"3","0_1","32.243069","-110.9672398","2023-03-01T18:23:56"
"3","0_1","32.2425637","-110.967236","2023-03-01T18:24:05"
"3","0_1","32.2420741","-110.9672322","2023-03-01T18:24:15"
"3","0_1","32.2415446","-110.9672476","2023-03-01T18:24:24"
"3","0_1","32.2410453","-110.9672488","2023-03-01T18:24:33"
"3","0_1","32.2405413","-110.9672412","2023-03-01T18:24:42"
"3","0_1","32.2400451","-110.9672339","2023-03-01T18:24:50"
"3","0_1","32.2395953","-110.9672321","2023-03-01T18:24:50"
"3","0_1","32.2395861","-110.9672321","2023-03-01T18:24:52"
"3","0_1","32.2395171","-110.9672321","2023-03-01T18:24:53"
"3","0_1","32.2394589","-110.9672316","2023-03-01T18:24:53"
"3","0_1","32.2394422","-110.9672315","2023-03-01T18:25:09"
"3","0_1","32.2385471","-110.9672251","2023-03-01T18:25:20"
"3","0_1","32.2379383","-110.9672193","2023-03-01T18:25:24"
"3","0_1","32.2377598","-110.9672176","2023-03-01T18:25:33"
"3","0_1","32.2372427","-110.967212","2023-03-01T18:25:35"
"3","0_1","32.237118","-110.9672116","2023-03-01T18:25:47"
"3","0_1","32.2364905","-110.9672013","2023-03-01T18:25:50"
"3","0_1","32.2363141","-110.9672031","2023-03-01T18:25:53"
"3","0_1","32.2361755","-110.9672044","2023-03-01T18:25:55"
"3","0_1","32.2360363","-110.9672024","2023-03-01T18:25:55"
"3","0_1","32.2360227","-110.967201","2023-03-01T18:25:57"
"3","0_1","32.2359223","-110.9672018","2023-03-01T18:25:59"
"3","0_1","32.2358286","-110.967199","2023-03-01T18:25:59"
"3","0_1","32.2358183","-110.9671996","2023-03-01T18:26:01"
"3","0_1","32.2356946","-110.9671986","2023-03-01T18:26:06"
"3","0_1","32.2354381","-110.9671969","2023-03-01T18:26:11"
"3","0_1","32.2351347","-110.9671938","2023-03-01T18:26:13"
"3","0_1","32.2350299","-110.9671935","2023-03-01T18:26:18"
"3","0_1","32.2347536","-110.9671912","2023-03-01T18:26:28"
"3","0_1","32.2342508","-110.967187","2023-03-01T18:26:37"
"3","0_1","32.2337494","-110.9671851","2023-03-01T18:26:51"
"3","0_1","32.23295","-110.967174","2023-03-01T18:27:03"
"3","0_1","32.2322818","-110.9671712","2023-03-01T18:27:13"
"3","0_1","32.2317608","-110.9671685","2023-03-01T18:27:13"
"3","0_1","32.2317443","-110.9671685","2023-03-01T18:27:15"
"3","0_1","32.2316486","-110.9671686","2023-03-01T18:27:26"
"3","0_1","32.2316518","-110.966387","2023-03-01T18:27:27"
"3","0_1","32.2315589","-110.9663865","2023-03-01T18:27:28"
"3","0_1","32.2315321","-110.9663859","2023-03-01T18:27:36"
"3","0_1","32.2310825","-110.9663847","2023-03-01T18:27:39"
"3","0_1","32.2309184","-110.9663842","2023-03-01T18:27:40"
"3","0_1","32.2308372","-110.966384","2023-03-01T18:27:41"
"3","0_1","32.2307997","-110.9663838","2023-03-01T18:27:48"
"3","0_1","32.2304486","-110.9663824","2023-03-01T18:27:50"
"3","0_1","32.2303361","-110.9663827","2023-03-01T18:27:51"
"3","0_1","32.2302519","-110.9663814","2023-03-01T18:27:57"
"3","0_1","32.2299335","-110.9663787","2023-03-01T18:28:11"
"3","0_1","32.2291402","-110.9663738","2023-03-01T18:28:13"
"3","0_1","32.2290265","-110.966373","2023-03-01T18:28:20"
"3","0_1","32.2290272","-110.9660258","2023-03-01T18:28:25"
"3","0_1","32.2290277","-110.9657609","2023-03-01T18:28:25"
"3","0_1","32.2290275","-110.9657178","2023-03-01T18:28:27"
"3","0_1","32.2290346","-110.9656429","2023-03-01T18:28:27"
"3","0_1","32.2290377","-110.9656105","2023-03-01T18:28:28"
"3","0_1","32.2290405","-110.9655806","2023-03-01T18:28:29"
"3","0_1","32.2290496","-110.9655095","2023-03-01T18:28:34"
"3","0_1","32.2290516","-110.9652417","2023-03-01T18:28:35"
"3","0_1","32.2290515","-110.9652045","2023-03-01T18:28:41"
"3","0_1","32.229054","-110.9648371","2023-03-01T18:28:44"
"3","0_1","32.2290548","-110.9647222","2023-03-01T18:28:53"
"3","0_1","32.2290594","-110.9641869","2023-03-01T18:28:55"
"3","0_1","32.2290651","-110.9640833","2023-03-01T18:28:57"
"3","0_1","32.2289561","-110.9640916","2023-03-01T18:29:06"
"3","0_1","32.2284602","-110.964084","2023-03-01T18:29:17"
"3","0_1","32.2278575","-110.9640816","2023-03-01T18:29:17"
"3","0_1","32.2278429","-110.9640812","2023-03-01T18:29:19"
"3","0_1","32.2277447","-110.9640788","2023-03-01T18:29:21"
"3","0_1","32.2276493","-110.9640756","2023-03-01T18:29:21"
"3","0_1","32.2276349","-110.9640757","2023-03-01T18:29:43"
"3","0_1","32.2264363","-110.9640621","2023-03-01T18:29:54"
"3","0_1","32.2258323","-110.9640568","2023-03-01T18:30:07"
"3","0_1","32.2251425","-110.964051","2023-03-01T18:30:09"
"3","0_1","32.2251438","-110.9639259","2023-03-01T18:30:21"
"3","0_1","32.2251502","-110.9632702","2023-03-01T18:30:35"
"3","0_1","32.2251569","-110.962479","2023-03-01T18:30:37"
"3","0_1","32.2251579","-110.9623573","2023-03-01T18:30:40"
"3","0_1","32.2251589","-110.9622406","2023-03-01T18:30:42"
"3","0_1","32.2251601","-110.9620931","2023-03-01T18:30:49"
"3","0_1","32.2251631","-110.9617426","2023-03-01T18:31:05"
"3","0_1","32.2242644","-110.9617373","2023-03-01T18:31:13"
"3","0_1","32.2238333","-110.9617353","2023-03-01T18:31:27"
"3","0_1","32.2238377","-110.9609871","2023-03-01T18:31:36"
"3","0_1","32.2238399","-110.960441","2023-03-01T18:31:43"
"3","0_1","32.2238414","-110.9600667","2023-03-01T18:31:47"
"3","0_1","32.2238421","-110.9598801","2023-03-01T18:31:51"
"3","0_1","32.223843","-110.9596535","2023-03-01T18:31:52"
"3","0_1","32.2238433","-110.9596162","2023-03-01T18:31:52"
"3","0_1","32.2238435","-110.9595802","2023-03-01T18:31:54"
"3","0_1","32.2238438","-110.9594603","2023-03-01T18:31:56"
"3","0_1","32.2238442","-110.9593584","2023-03-01T18:31:57"
"3","0_1","32.2238443","-110.9593345","2023-03-01T18:32:23"
"3","0_1","32.2238513","-110.9579117","2023-03-01T18:32:35"
"3","0_1","32.2231812","-110.9579032","2023-03-01T18:32:47"
"3","0_1","32.2225255","-110.9578927","2023-03-01T18:32:56"
"3","0_1","32.2225266","-110.9573988","2023-03-01T18:33:02"
"3","0_1","32.2225307","-110.9570766","2023-03-01T18:33:07"
"3","0_1","32.2225344","-110.9567815","2023-03-01T18:33:15"
"3","0_1","32.2225379","-110.9563568","2023-03-01T18:33:20"
"3","0_1","32.2222249","-110.9563538","2023-03-01T18:33:27"
"3","0_1","32.2218837","-110.9563479","2023-03-01T18:33:27"
"4","0_0","32.2463052","-110.9657368","2023-03-01T18:26:30"
"4","0_0","32.2458548","-110.9657326","2023-03-01T18:26:30"
"4","0_0","32.2458309","-110.9657333","2023-03-01T18:26:30"
"4","0_0","32.2458325","-110.9657422","2023-03-01T18:26:31"
"4","0_0","32.2458301","-110.9657659","2023-03-01T18:26:31"
"4","0_0","32.2458214","-110.9657875","2023-03-01T18:26:31"
"4","0_0","32.2458073","-110.9658046","2023-03-01T18:26:32"
"4","0_0","32.2457894","-110.9658155","2023-03-01T18:26:32"
"4","0_0","32.2457688","-110.965819","2023-03-01T18:26:33"
"4","0_0","32.2457484","-110.9658144","2023-03-01T18:26:33"
"4","0_0","32.2457304","-110.965802","2023-03-01T18:26:33"
"4","0_0","32.2457169","-110.9657834","2023-03-01T18:26:34"
"4","0_0","32.2457093","-110.9657605","2023-03-01T18:26:34"
"4","0_0","32.2457087","-110.9657421","2023-03-01T18:26:43"
"4","0_0","32.2452237","-110.9657447","2023-03-01T18:26:51"
"4","0_0","32.2447781","-110.9657293","2023-03-01T18:26:53"
"4","0_0","32.244646","-110.9657262","2023-03-01T18:27:21"
"4","0_0","32.2446353","-110.967263","2023-03-01T18:27:30"
"4","0_0","32.2441636","-110.9672542","2023-03-01T18:27:40"
"4","0_0","32.2436161","-110.967244","2023-03-01T18:27:50"
"4","0_0","32.243069","-110.9672398","2023-03-01T18:27:59"
"4","0_0","32.2425637","-110.967236","2023-03-01T18:28:08"
"4","0_0","32.2420741","-110.9672322","2023-03-01T18:28:18"
"4","0_0","32.2415446","-110.9672476","2023-03-01T18:28:27"
"4","0_0","32.2410453","-110.9672488","2023-03-01T18:28:36"
"4","0_0","32.2405413","-110.9672412","2023-03-01T18:28:45"
"4","0_0","32.2400451","-110.9672339","2023-03-01T18:28:53"
"4","0_0","32.2395953","-110.9672321","2023-03-01T18:28:53"
"4","0_0","32.2395861","-110.9672321","2023-03-01T18:28:55"
"4","0_0","32.2395171","-110.9672321","2023-03-01T18:28:56"
"4","0_0","32.2394589","-110.9672316","2023-03-01T18:28:56"
"4","0_0","32.2394422","-110.9672315","2023-03-01T18:29:12"
"4","0_0","32.2385471","-110.9672251","2023-03-01T18:29:23"
"4","0_0","32.2379383","-110.9672193","2023-03-01T18:29:27"
"4","0_0","32.2377598","-110.9672176","2023-03-01T18:29:36"
"4","0_0","32.2372427","-110.967212","2023-03-01T18:29:38"
"4","0_0","32.237118","-110.9672116","2023-03-01T18:29:50"
"4","0_0","32.2364905","-110.9672013","2023-03-01T18:29:53"
"4","0_0","32.2363141","-110.9672031","2023-03-01T18:29:56"
"4","0_0","32.2361755","-110.9672044","2023-03-01T18:29:58"
"4","0_0","32.2360363","-110.9672024","2023-03-01T18:29:58"
"4","0_0","32.2360227","-110.967201","2023-03-01T18:30"
"4","0_0","32.2359223","-110.9672018","2023-03-01T18:30:02"
"4","0_0","32.2358286","-110.967199","2023-03-01T18:30:02"
"4","0_0","32.2358183","-110.9671996","2023-03-01T18:30:04"
"4","0_0","32.2356946","-110.9671986","2023-03-01T18:30:09"
"4","0_0","32.2354381","-110.9671969","2023-03-01T18:30:14"
"4","0_0","32.2351347","-110.9671938","2023-03-01T18:30:16"
"4","0_0","32.2350299","-110.9671935","2023-03-01T18:30:21"
"4","0_0","32.2347536","-110.9671912","2023-03-01T18:30:31"
"4","0_0","32.2342508","-110.967187","2023-03-01T18:30:40"
"4","0_0","32.2337494","-110.9671851","2023-03-01T18:30:54"
"4","0_0","32.23295","-110.967174","2023-03-01T18:31:06"
"4","0_0","32.2322818","-110.9671712","2023-03-01T18:31:16"
"4","0_0","32.2317608","-110.9671685","2023-03-01T18:31:16"
"4","0_0","32.2317443","-110.9671685","2023-03-01T18:31:18"
"4","0_0","32.2316486","-110.9671686","2023-03-01T18:31:29"
"4","0_0","32.2316518","-110.966387","2023-03-01T18:31:30"
"4","0_0","32.2315589","-110.9663865","2023-03-01T18:31:31"
"4","0_0","32.2315321","-110.9663859","2023-03-01T18:31:39"
"4","0_0","32.2310825","-110.9663847","2023-03-01T18:31:42"
"4","0_0","32.2309184","-110.9663842","2023-03-01T18:31:43"
"4","0_0","32.2308372","-110.966384","2023-03-01T18:31:44"
"4","0_0","32.2307997","-110.9663838","2023-03-01T18:31:51"
"4","0_0","32.2304486","-110.9663824","2023-03-01T18:31:53"
"4","0_0","32.2303361","-110.9663827","2023-03-01T18:31:54"
"4","0_0","32.2302519","-110.9663814","2023-03-01T18:32"
"4","0_0","32.2299335","-110.9663787","2023-03-01T18:32:14"
"4","0_0","32.2291402","-110.9663738","2023-03-01T18:32:16"
"4","0_0","32.2290265","-110.966373","2023-03-01T18:32:18"
"4","0_0","32.2289426","-110.9663719","2023-03-01T18:32:28"
"4","0_0","32.228414","-110.966364","2023-03-01T18:32:30"
"4","0_0","32.2282768","-110.966362","2023-03-01T18:32:33"
"4","0_0","32.2281198","-110.9663599","2023-03-01T18:32:38"
"4","0_0","32.2278525","-110.9663562","2023-03-01T18:32:38"
"4","0_0","32.2278288","-110.9663563","2023-03-01T18:32:40"
"4","0_0","32.2277343","-110.9663556","2023-03-01T18:32:49"
"4","0_0","32.2277299","-110.9671269","2023-03-01T18:32:51"
"4","0_0","32.227633","-110.967127","2023-03-01T18:32:51"
"4","0_0","32.2276227","-110.9671272","2023-03-01T18:32:53"
"4","0_0","32.2275441","-110.9671281","2023-03-01T18:32:56"
"4","0_0","32.22737","-110.9671289","2023-03-01T18:32:58"
"4","0_0","32.2272437","-110.9671295","2023-03-01T18:33:01"
"4","0_0","32.2270777","-110.9671303","2023-03-01T18:33:01"
"4","0_0","32.2270737","-110.9671303","2023-03-01T18:33:13"
"4","0_0","32.2264203","-110.9671334","2023-03-01T18:33:15"
"4","0_0","32.2263174","-110.9671314","2023-03-01T18:33:16"
"4","0_0","32.2262868","-110.9671265","2023-03-01T18:33:17"
"4","0_0","32.2262355","-110.9671074","2023-03-01T18:33:17"
"4","0_0","32.2262297","-110.9671053","2023-03-01T18:33:17"
"4","0_0","32.2262212","-110.9671022","2023-03-01T18:33:18"
"4","0_0","32.2261884","-110.9670955","2023-03-01T18:33:18"
"4","0_0","32.2261487","-110.9670922","2023-03-01T18:33:19"
"4","0_0","32.2261098","-110.9670915","2023-03-01T18:33:20"
"4","0_0","32.226049","-110.9670905","2023-03-01T18:33:24"
"4","0_0","32.2258598","-110.9670872","2023-03-01T18:33:24"
"4","0_0","32.2258254","-110.9670866","2023-03-01T18:33:28"
"4","0_0","32.2256113","-110.9670828","2023-03-01T18:33:28"
"4","0_0","32.2255904","-110.9670815","2023-03-01T18:33:29"
"4","0_0","32.2255851","-110.9670812","2023-03-01T18:33:29"
"4","0_0","32.2255329","-110.9670756","2023-03-01T18:33:30"
"4","0_0","32.225509","-110.9670741","2023-03-01T18:33:33"
"4","0_0","32.225322","-110.9670697","2023-03-01T18:33:35"
"4","0_0","32.2252293","-110.9670675","2023-03-01T18:33:35"
"4","0_0","32.2252112","-110.9670631","2023-03-01T18:33:36"
"4","0_0","32.2251967","-110.9670541","2023-03-01T18:33:36"
"4","0_0","32.2251805","-110.967038","2023-03-01T18:33:37"
"4","0_0","32.2251653","-110.9670189","2023-03-01T18:33:37"
"4","0_0","32.2251492","-110.9669957","2023-03-01T18:33:38"
"4","0_0","32.2251194","-110.9669313","2023-03-01T18:33:39"
"4","0_0","32.2250965","-110.9669636","2023-03-01T18:33:40"
"4","0_0","32.2250744","-110.9669913","2023-03-01T18:33:41"
"4","0_0","32.2250325","-110.9670197","2023-03-01T18:33:41"
"4","0_0","32.2250079","-110.9670364","2023-03-01T18:33:43"
"4","0_0","32.2248951","-110.9670732","2023-03-01T18:33:45"
"4","0_0","32.2247766","-110.9670769","2023-03-01T18:33:48"
"4","0_0","32.2246643","-110.967003","2023-03-01T18:34:05"
"4","0_0","32.2240624","-110.966291","2023-03-01T18:34:09"
"4","0_0","32.2239354","-110.9661408","2023-03-01T18:34:09"
"4","0_0","32.2239129","-110.9661131","2023-03-01T18:34:10"
"4","0_0","32.2238965","-110.9660904","2023-03-01T18:34:10"
"4","0_0","32.2238793","-110.9660611","2023-03-01T18:34:11"
"4","0_0","32.2238678","-110.9660367","2023-03-01T18:34:11"
"4","0_0","32.2238585","-110.9660106","2023-03-01T18:34:12"
"4","0_0","32.223851","-110.9659766","2023-03-01T18:34:13"
"4","0_0","32.2238473","-110.9659442","2023-03-01T18:34:13"
"4","0_0","32.223846","-110.9659156","2023-03-01T18:34:14"
"4","0_0","32.2238457","-110.9658886","2023-03-01T18:34:17"
"4","0_0","32.2238447","-110.9657058","2023-03-01T18:34:17"
"4","0_0","32.2238454","-110.9656901","2023-03-01T18:34:17"
"4","0_0","32.2238455","-110.9656867","2023-03-01T18:34:18"
"4","0_0","32.2238482","-110.9656678","2023-03-01T18:34:18"
"4","0_0","32.2238521","-110.965651","2023-03-01T18:34:18"
"4","0_0","32.2238533","-110.9656417","2023-03-01T18:34:18"
"4","0_0","32.2238541","-110.9656348","2023-03-01T18:34:18"
"4","0_0","32.223855","-110.9656212","2023-03-01T18:34:19"
"4","0_0","32.2238536","-110.965579","2023-03-01T18:34:20"
"4","0_0","32.2238531","-110.9655463","2023-03-01T18:34:20"
"4","0_0","32.2238516","-110.9655351","2023-03-01T18:34:21"
"4","0_0","32.2238537","-110.9654812","2023-03-01T18:34:21"
"4","0_0","32.2238538","-110.9654769","2023-03-01T18:34:22"
"4","0_0","32.2238542","-110.9654429","2023-03-01T18:34:22"
"4","0_0","32.2238545","-110.965411","2023-03-01T18:34:23"
"4","0_0","32.2238543","-110.9653669","2023-03-01T18:34:24"
"4","0_0","32.2238524","-110.9653241","2023-03-01T18:34:26"
"4","0_0","32.2238468","-110.96523","2023-03-01T18:34:26"
"4","0_0","32.2238454","-110.9652055","2023-03-01T18:34:26"
"4","0_0","32.2238447","-110.9651822","2023-03-01T18:34:33"
"4","0_0","32.2238435","-110.9648254","2023-03-01T18:34:33"
"4","0_0","32.2238435","-110.9648077","2023-03-01T18:34:40"
"4","0_0","32.22347","-110.9648051","2023-03-01T18:34:52"
"4","0_0","32.2227971","-110.9648003","2023-03-01T18:34:59"
"4","0_0","32.2230137","-110.9651139","2023-03-01T18:35:01"
"4","0_0","32.2230698","-110.9651787","2023-03-01T18:35:07"
"4","0_0","32.2232995","-110.965461","2023-03-01T18:35:07"
"5","0_2","32.2463052","-110.9657368","2023-03-01T18:54:30"
"5","0_2","32.2458548","-110.9657326","2023-03-01T18:54:30"
"5","0_2","32.2458309","-110.9657333","2023-03-01T18:54:30"
"5","0_2","32.2458325","-110.9657422","2023-03-01T18:54:31"
"5","0_2","32.2458301","-110.9657659","2023-03-01T18:54:31"
"5","0_2","32.2458214","-110.9657875","2023-03-01T18:54:31"
"5","0_2","32.2458073","-110.9658046","2023-03-01T18:54:32"
"5","0_2","32.2457894","-110.9658155","2023-03-01T18:54:32"
"5","0_2","32.2457688","-110.965819","2023-03-01T18:54:33"
"5","0_2","32.2457484","-110.9658144","2023-03-01T18:54:33"
"5","0_2","32.2457304","-110.965802","2023-03-01T18:54:33"
"5","0_2","32.2457169","-110.9657834","2023-03-01T18:54:34"
"5","0_2","32.2457093","-110.9657605","2023-03-01T18:54:34"
"5","0_2","32.2457087","-110.9657421","2023-03-01T18:54:43"
"5","0_2","32.2452237","-110.9657447","2023-03-01T18:54:51"
"5","0_2","32.2447781","-110.9657293","2023-03-01T18:54:53"
"5","0_2","32.244646","-110.9657262","2023-03-01T18:55:22"
"5","0_2","32.244655","-110.9641819","2023-03-01T18:55:31"
"5","0_2","32.2441635","-110.9641757","2023-03-01T18:55:40"
"5","0_2","32.243634","-110.9641691","2023-03-01T18:55:49"
"5","0_2","32.2436369","-110.9636576","2023-03-01T18:56:08"
"5","0_2","32.2436427","-110.9626487","2023-03-01T18:56:18"
"5","0_2","32.2431095","-110.9626451","2023-03-01T18:56:27"
"5","0_2","32.2425914","-110.9626417","2023-03-01T18:56:36"
"5","0_2","32.2421113","-110.9626384","2023-03-01T18:56:38"
"5","0_2","32.2419671","-110.9626375","2023-03-01T18:56:46"
"5","0_2","32.2415651","-110.9626348","2023-03-01T18:56:55"
"5","0_2","32.2410651","-110.9626314","2023-03-01T18:57:04"
"5","0_2","32.2405546","-110.9626253","2023-03-01T18:57:13"
"5","0_2","32.2400545","-110.9626193","2023-03-01T18:57:22"
"5","0_2","32.2395482","-110.9626131","2023-03-01T18:57:28"
"5","0_2","32.2392284","-110.962613","2023-03-01T18:57:40"
"5","0_2","32.2385699","-110.9626132","2023-03-01T18:57:54"
"5","0_2","32.2385659","-110.9633814","2023-03-01T18:58:08"
"5","0_2","32.2385612","-110.9641463","2023-03-01T18:58:22"
"5","0_2","32.2385532","-110.964903","2023-03-01T18:58:34"
"5","0_2","32.2385586","-110.9655832","2023-03-01T18:58:35"
"5","0_2","32.2385588","-110.9655977","2023-03-01T18:58:36"
"5","0_2","32.2385595","-110.9656912","2023-03-01T18:58:38"
"5","0_2","32.2385589","-110.9657878","2023-03-01T18:58:39"
"5","0_2","32.2385586","-110.9658263","2023-03-01T18:58:50"
"5","0_2","32.2385546","-110.9664613","2023-03-01T18:59:04"
"5","0_2","32.2385471","-110.9672251","2023-03-01T18:59:15"
"5","0_2","32.2379383","-110.9672193","2023-03-01T18:59:19"
"5","0_2","32.2377598","-110.9672176","2023-03-01T18:59:28"
"5","0_2","32.2372427","-110.967212","2023-03-01T18:59:30"
"5","0_2","32.237118","-110.9672116","2023-03-01T18:59:42"
"5","0_2","32.2364905","-110.9672013","2023-03-01T18:59:45"
"5","0_2","32.2363141","-110.9672031","2023-03-01T18:59:47"
"5","0_2","32.2361755","-110.9672044","2023-03-01T18:59:50"
"5","0_2","32.2360363","-110.9672024","2023-03-01T18:59:50"
"5","0_2","32.2360227","-110.967201","2023-03-01T18:59:52"
"5","0_2","32.2359223","-110.9672018","2023-03-01T18:59:54"
"5","0_2","32.2358286","-110.967199","2023-03-01T18:59:54"
"5","0_2","32.2358183","-110.9671996","2023-03-01T18:59:56"
"5","0_2","32.2356946","-110.9671986","2023-03-01T19:00:01"
"5","0_2","32.2354381","-110.9671969","2023-03-01T19:00:06"
"5","0_2","32.2351347","-110.9671938","2023-03-01T19:00:08"
"5","0_2","32.2350299","-110.9671935","2023-03-01T19:00:13"
"5","0_2","32.2347536","-110.9671912","2023-03-01T19:00:23"
"5","0_2","32.2342508","-110.967187","2023-03-01T19:00:36"
"5","0_2","32.2342672","-110.9664273","2023-03-01T19:00:47"
"5","0_2","32.2342652","-110.965819","2023-03-01T19:00:48"
"5","0_2","32.2342663","-110.9657672","2023-03-01T19:00:51"
"5","0_2","32.2342689","-110.9656501","2023-03-01T19:00:53"
"5","0_2","32.2342705","-110.9655303","2023-03-01T19:00:53"
"5","0_2","32.2342708","-110.9655082","2023-03-01T19:01:05"
"5","0_2","32.2342792","-110.9648803","2023-03-01T19:01:06"
"5","0_2","32.2341756","-110.9648764","2023-03-01T19:01:19"
"5","0_2","32.2334638","-110.964852","2023-03-01T19:01:27"
"5","0_2","32.2330659","-110.9648472","2023-03-01T19:01:28"
"5","0_2","32.2329637","-110.9648465","2023-03-01T19:01:41"
"5","0_2","32.2329671","-110.9641648","2023-03-01T19:01:41"
"5","0_2","32.232961","-110.9641648","2023-03-01T19:01:41"
"5","0_2","32.2329445","-110.9641577","2023-03-01T19:01:42"
"5","0_2","32.2329316","-110.9641455","2023-03-01T19:01:42"
"5","0_2","32.2329227","-110.9641291","2023-03-01T19:01:42"
"5","0_2","32.2329186","-110.9641102","2023-03-01T19:01:42"
"5","0_2","32.2329189","-110.9641043","2023-03-01T19:01:43"
"5","0_2","32.2329019","-110.9641031","2023-03-01T19:01:50"
"5","0_2","32.2324831","-110.9641017","2023-03-01T19:01:57"
"5","0_2","32.2321464","-110.964105","2023-03-01T19:02:03"
"5","0_2","32.2317825","-110.9640744","2023-03-01T19:02:03"
"5","0_2","32.2317657","-110.964073","2023-03-01T19:02:05"
"5","0_2","32.2316949","-110.9640674","2023-03-01T19:02:05"
"5","0_2","32.2316762","-110.9640677","2023-03-01T19:02:05"
"5","0_2","32.2316668","-110.9640679","2023-03-01T19:02:06"
"5","0_2","32.2316671","-110.9640325","2023-03-01T19:02:15"
"5","0_2","32.2316733","-110.9633276","2023-03-01T19:02:16"
"5","0_2","32.2316416","-110.9633276","2023-03-01T19:02:17"
"5","0_2","32.2315703","-110.9633272","2023-03-01T19:02:18"
"5","0_2","32.2315545","-110.9633272","2023-03-01T19:02:24"
"5","0_2","32.231185","-110.9633286","2023-03-01T19:02:30"
"5","0_2","32.2308551","-110.9633266","2023-03-01T19:02:39"
"5","0_2","32.2303588","-110.9633182","2023-03-01T19:02:48"
"5","0_2","32.2298715","-110.9633165","2023-03-01T19:02:51"
"5","0_2","32.229743","-110.9633156","2023-03-01T19:02:54"
"5","0_2","32.2295457","-110.9633142","2023-03-01T19:03:03"
"5","0_2","32.2290839","-110.9633084","2023-03-01T19:03:14"
"5","0_2","32.2290774","-110.9626613","2023-03-01T19:03:16"
"5","0_2","32.2290763","-110.9625505","2023-03-01T19:03:19"
"5","0_2","32.2290763","-110.9624318","2023-03-01T19:03:22"
"5","0_2","32.2290763","-110.9622442","2023-03-01T19:03:30"
"5","0_2","32.2290671","-110.9617757","2023-03-01T19:03:43"
"5","0_2","32.2290714","-110.9611128","2023-03-01T19:03:43"
"5","0_2","32.2290512","-110.9611098","2023-03-01T19:03:43"
"5","0_2","32.2290324","-110.9611006","2023-03-01T19:03:44"
"5","0_2","32.2290163","-110.9610859","2023-03-01T19:03:44"
"5","0_2","32.2290041","-110.9610667","2023-03-01T19:03:45"
"5","0_2","32.2289966","-110.9610443","2023-03-01T19:03:45"
"5","0_2","32.2289943","-110.9610203","2023-03-01T19:03:51"
"5","0_2","32.2286661","-110.9610245","2023-03-01T19:03:56"
"5","0_2","32.2284157","-110.9610287","2023-03-01T19:04:05"
"5","0_2","32.2278723","-110.9610263","2023-03-01T19:04:06"
"5","0_2","32.2278608","-110.9610263","2023-03-01T19:04:07"
"5","0_2","32.2277684","-110.961026","2023-03-01T19:04:24"
"5","0_2","32.2277731","-110.9596879","2023-03-01T19:04:25"
"5","0_2","32.2277711","-110.9595967","2023-03-01T19:04:26"
"5","0_2","32.2277738","-110.959474","2023-03-01T19:04:27"
"5","0_2","32.2277736","-110.9593744","2023-03-01T19:04:44"
"5","0_2","32.227771","-110.9580373","2023-03-01T19:04:45"
"5","0_2","32.2276938","-110.9579778","2023-03-01T19:04:46"
"5","0_2","32.2276736","-110.9579731","2023-03-01T19:04:50"
"5","0_2","32.2274361","-110.9579274","2023-03-01T19:04:56"
"5","0_2","32.2270902","-110.9579243","2023-03-01T19:05:01"
"5","0_2","32.2268387","-110.9579263","2023-03-01T19:05:08"
"5","0_2","32.2264549","-110.9579233","2023-03-01T19:05:35"
"5","0_2","32.2249871","-110.9579219","2023-03-01T19:05:46"
"5","0_2","32.2249857","-110.9573095","2023-03-01T19:05:55"
"5","0_2","32.2249883","-110.9568205","2023-03-01T19:05:59"
"5","0_2","32.2249897","-110.9565691","2023-03-01T19:06:03"
"5","0_2","32.2249908","-110.9563687","2023-03-01T19:06:07"
"5","0_2","32.2249915","-110.9561413","2023-03-01T19:06:18"
"5","0_2","32.2249934","-110.9555719","2023-03-01T19:06:20"
"5","0_2","32.2249938","-110.9554416","2023-03-01T19:06:31"
"5","0_2","32.2249959","-110.9548167","2023-03-01T19:06:36"
"5","0_2","32.2249962","-110.9545805","2023-03-01T19:06:39"
"5","0_2","32.2249973","-110.9543813","2023-03-01T19:07"
"5","0_2","32.224998","-110.9532508","2023-03-01T19:07:10"
"5","0_2","32.2244199","-110.9532474","2023-03-01T19:07:11"
"5","0_2","32.2243891","-110.9532501","2023-03-01T19:07:13"
"5","0_2","32.2242605","-110.9532504","2023-03-01T19:07:21"
"5","0_2","32.2238346","-110.9532479","2023-03-01T19:07:37"
"5","0_2","32.2238521","-110.9523611","2023-03-01T19:07:52"
"5","0_2","32.2238451","-110.9515268","2023-03-01T19:08:02"
"5","0_2","32.2238407","-110.9510039","2023-03-01T19:08:09"
"5","0_2","32.2233506","-110.9510045","2023-03-01T19:08:09"
"5","0_2","32.2232964","-110.9510046","2023-03-01T19:08:14"
"5","0_2","32.2229919","-110.9510049","2023-03-01T19:08:14"
"6","1_1","32.2477975","-110.9568585","2023-03-01T18:25:18"
"6","1_1","32.2472875","-110.9568571","2023-03-01T18:25:25"
"6","1_1","32.2467702","-110.9568511","2023-03-01T18:25:30"
"6","1_1","32.2464066","-110.9568481","2023-03-01T18:25:32"
"6","1_1","32.2462602","-110.9568469","2023-03-01T18:25:33"
"6","1_1","32.2461556","-110.9568456","2023-03-01T18:25:39"
"6","1_1","32.2457348","-110.9568446","2023-03-01T18:25:46"
"6","1_1","32.2452191","-110.9568417","2023-03-01T18:25:53"
"6","1_1","32.2447058","-110.9568361","2023-03-01T18:26"
"6","1_1","32.2441903","-110.9568314","2023-03-01T18:26:07"
"6","1_1","32.2436753","-110.9568265","2023-03-01T18:26:09"
"6","1_1","32.2436756","-110.9567253","2023-03-01T18:26:34"
"6","1_1","32.24368","-110.9553365","2023-03-01T18:26:59"
"6","1_1","32.2436873","-110.9539747","2023-03-01T18:27"
"6","1_1","32.2436911","-110.9539129","2023-03-01T18:27"
"6","1_1","32.2436732","-110.9539137","2023-03-01T18:27:01"
"6","1_1","32.243656","-110.9539078","2023-03-01T18:27:01"
"6","1_1","32.2436407","-110.9538949","2023-03-01T18:27:01"
"6","1_1","32.2436298","-110.9538768","2023-03-01T18:27:02"
"6","1_1","32.2436246","-110.9538554","2023-03-01T18:27:03"
"6","1_1","32.2435374","-110.953855","2023-03-01T18:27:10"
"6","1_1","32.2431541","-110.9538443","2023-03-01T18:27:20"
"6","1_1","32.2426315","-110.9538384","2023-03-01T18:27:29"
"6","1_1","32.2421319","-110.9538327","2023-03-01T18:27:38"
"6","1_1","32.2416148","-110.9538273","2023-03-01T18:27:46"
"6","1_1","32.2412104","-110.9538246","2023-03-01T18:27:48"
"6","1_1","32.2410999","-110.9538242","2023-03-01T18:27:57"
"6","1_1","32.2405986","-110.953818","2023-03-01T18:28:11"
"6","1_1","32.2406028","-110.9530489","2023-03-01T18:28:17"
"6","1_1","32.2406046","-110.9527149","2023-03-01T18:28:19"
"6","1_1","32.2406051","-110.9526182","2023-03-01T18:28:19"
"6","1_1","32.2406053","-110.952587","2023-03-01T18:28:19"
"6","1_1","32.2406053","-110.9525777","2023-03-01T18:28:20"
"6","1_1","32.2406054","-110.9525605","2023-03-01T18:28:20"
"6","1_1","32.2406077","-110.9525193","2023-03-01T18:28:21"
"6","1_1","32.2406124","-110.9524752","2023-03-01T18:28:22"
"6","1_1","32.24055","-110.9524746","2023-03-01T18:28:28"
"6","1_1","32.2401208","-110.952472","2023-03-01T18:28:35"
"6","1_1","32.2396101","-110.9524687","2023-03-01T18:28:42"
"6","1_1","32.2391227","-110.9524655","2023-03-01T18:28:48"
"6","1_1","32.2386279","-110.9524623","2023-03-01T18:28:57"
"6","1_1","32.2379845","-110.9524581","2023-03-01T18:29:05"
"6","1_1","32.23741","-110.952454","2023-03-01T18:29:05"
"6","1_1","32.2374031","-110.952454","2023-03-01T18:29:06"
"6","1_1","32.2373188","-110.9524538","2023-03-01T18:29:07"
"6","1_1","32.2372353","-110.9524517","2023-03-01T18:29:16"
"6","1_1","32.2366397","-110.9524492","2023-03-01T18:29:16"
"6","1_1","32.2366076","-110.9524491","2023-03-01T18:29:22"
"6","1_1","32.2361624","-110.9524459","2023-03-01T18:29:22"
"6","1_1","32.2361603","-110.952446","2023-03-01T18:29:24"
"6","1_1","32.2360618","-110.9524186","2023-03-01T18:29:25"
"6","1_1","32.2359803","-110.9523818","2023-03-01T18:29:26"
"6","1_1","32.2359033","-110.952347","2023-03-01T18:29:28"
"6","1_1","32.2359006","-110.9525379","2023-03-01T18:29:28"
"6","1_1","32.2359003","-110.952556","2023-03-01T18:29:32"
"6","1_1","32.2358957","-110.9528793","2023-03-01T18:29:36"
"6","1_1","32.235896","-110.9532997","2023-03-01T18:29:46"
"6","1_1","32.2359094","-110.9541781","2023-03-01T18:29:55"
"6","1_1","32.2359185","-110.9549698","2023-03-01T18:29:57"
"6","1_1","32.2359204","-110.9551746","2023-03-01T18:30:13"
"6","1_1","32.2359468","-110.9566232","2023-03-01T18:30:13"
"6","1_1","32.2359473","-110.9566506","2023-03-01T18:30:14"
"6","1_1","32.2359495","-110.956782","2023-03-01T18:30:16"
"6","1_1","32.2358631","-110.9567818","2023-03-01T18:30:16"
"6","1_1","32.2358269","-110.9567818","2023-03-01T18:30:21"
"6","1_1","32.2354432","-110.9567821","2023-03-01T18:30:30"
"6","1_1","32.2348264","-110.95678","2023-03-01T18:30:31"
"6","1_1","32.2347171","-110.9567789","2023-03-01T18:30:34"
"6","1_1","32.2345408","-110.9567776","2023-03-01T18:30:35"
"6","1_1","32.2344057","-110.9567744","2023-03-01T18:30:36"
"6","1_1","32.234335","-110.9567731","2023-03-01T18:30:38"
"6","1_1","32.2342203","-110.956773","2023-03-01T18:30:42"
"6","1_1","32.2339249","-110.956773","2023-03-01T18:30:43"
"6","1_1","32.2338607","-110.956773","2023-03-01T18:30:45"
"6","1_1","32.2337368","-110.9567924","2023-03-01T18:30:46"
"6","1_1","32.2336692","-110.9568011","2023-03-01T18:30:46"
"6","1_1","32.2336075","-110.9568071","2023-03-01T18:30:50"
"6","1_1","32.2333136","-110.9567989","2023-03-01T18:30:53"
"6","1_1","32.2330986","-110.9567863","2023-03-01T18:30:54"
"6","1_1","32.2330775","-110.9567853","2023-03-01T18:30:55"
"6","1_1","32.2330029","-110.9567836","2023-03-01T18:30:55"
"6","1_1","32.2329866","-110.9567834","2023-03-01T18:30:56"
"6","1_1","32.2329021","-110.9567826","2023-03-01T18:31:10"
"6","1_1","32.2318582","-110.9567777","2023-03-01T18:31:11"
"6","1_1","32.2318102","-110.9567746","2023-03-01T18:31:11"
"6","1_1","32.2318069","-110.9567747","2023-03-01T18:31:13"
"6","1_1","32.231695","-110.9567794","2023-03-01T18:31:14"
"6","1_1","32.231589","-110.956778","2023-03-01T18:31:29"
"6","1_1","32.2304673","-110.956766","2023-03-01T18:31:31"
"6","1_1","32.230367","-110.9567649","2023-03-01T18:31:32"
"6","1_1","32.2303675","-110.9568363","2023-03-01T18:31:33"
"6","1_1","32.2303685","-110.9568788","2023-03-01T18:31:33"
"6","1_1","32.2303687","-110.9568876","2023-03-01T18:31:46"
"6","1_1","32.2303744","-110.9576042","2023-03-01T18:31:52"
"6","1_1","32.2303751","-110.9579147","2023-03-01T18:31:54"
"6","1_1","32.2302467","-110.9579146","2023-03-01T18:32:03"
"6","1_1","32.2297288","-110.957912","2023-03-01T18:32:05"
"6","1_1","32.2296137","-110.9579095","2023-03-01T18:32:07"
"6","1_1","32.2295297","-110.9579097","2023-03-01T18:32:09"
"6","1_1","32.2294282","-110.95791","2023-03-01T18:32:14"
"6","1_1","32.2291618","-110.9579106","2023-03-01T18:32:14"
"6","1_1","32.229148","-110.9579104","2023-03-01T18:32:16"
"6","1_1","32.2290525","-110.9579092","2023-03-01T18:32:19"
"6","1_1","32.2288851","-110.9579073","2023-03-01T18:32:20"
"6","1_1","32.2288202","-110.9579082","2023-03-01T18:32:25"
"6","1_1","32.2285547","-110.9579072","2023-03-01T18:32:25"
"6","1_1","32.2285467","-110.9579072","2023-03-01T18:32:28"
"6","1_1","32.2283879","-110.9579064","2023-03-01T18:32:37"
"6","1_1","32.2279045","-110.9579031","2023-03-01T18:32:37"
"6","1_1","32.2278948","-110.9579036","2023-03-01T18:32:39"
"6","1_1","32.2277707","-110.9579038","2023-03-01T18:32:40"
"6","1_1","32.2277693","-110.9578025","2023-03-01T18:32:46"
"6","1_1","32.2277624","-110.9573033","2023-03-01T18:32:47"
"6","1_1","32.2277626","-110.9572367","2023-03-01T18:32:49"
"6","1_1","32.227763","-110.9570901","2023-03-01T18:32:54"
"6","1_1","32.2277643","-110.9566553","2023-03-01T18:32:55"
"6","1_1","32.2277644","-110.9566006","2023-03-01T18:32:57"
"6","1_1","32.2278277","-110.9564786","2023-03-01T18:32:58"
"6","1_1","32.2278905","-110.9564399","2023-03-01T18:32:58"
"6","1_1","32.227907","-110.9564289","2023-03-01T18:32:58"
"6","1_1","32.2279282","-110.9564166","2023-03-01T18:32:59"
"6","1_1","32.228002","-110.9564036","2023-03-01T18:33"
"6","1_1","32.2280565","-110.956391","2023-03-01T18:33"
"6","1_1","32.2280521","-110.9563882","2023-03-01T18:33:02"
"6","1_1","32.2279282","-110.9563282","2023-03-01T18:33:03"
"6","1_1","32.2278885","-110.9563003","2023-03-01T18:33:03"
"6","1_1","32.2278629","-110.9562825","2023-03-01T18:33:04"
"6","1_1","32.2278208","-110.9562398","2023-03-01T18:33:05"
"6","1_1","32.2277907","-110.9561879","2023-03-01T18:33:06"
"6","1_1","32.227766","-110.9560813","2023-03-01T18:33:20"
"6","1_1","32.2277694","-110.954916","2023-03-01T18:33:21"
"6","1_1","32.2277695","-110.9548733","2023-03-01T18:33:23"
"6","1_1","32.2276825","-110.9548673","2023-03-01T18:33:25"
"6","1_1","32.2275741","-110.9548601","2023-03-01T18:33:27"
"6","1_1","32.2274599","-110.9548332","2023-03-01T18:33:29"
"6","1_1","32.2273096","-110.9548226","2023-03-01T18:33:33"
"6","1_1","32.2271343","-110.9548222","2023-03-01T18:33:45"
"6","1_1","32.2264689","-110.9548205","2023-03-01T18:33:53"
"6","1_1","32.2259882","-110.9548193","2023-03-01T18:33:54"
"6","1_1","32.2259338","-110.9548191","2023-03-01T18:34:02"
"6","1_1","32.2255235","-110.9548181","2023-03-01T18:34:12"
"6","1_1","32.2249959","-110.9548167","2023-03-01T18:34:14"
"6","1_1","32.2248703","-110.9548158","2023-03-01T18:34:19"
"6","1_1","32.224562","-110.9548153","2023-03-01T18:34:22"
"6","1_1","32.2244232","-110.954815","2023-03-01T18:34:23"
"6","1_1","32.2243799","-110.954815","2023-03-01T18:34:26"
"6","1_1","32.2242131","-110.9548147","2023-03-01T18:34:32"
"6","1_1","32.2238646","-110.954814","2023-03-01T18:34:45"
"6","1_1","32.2231861","-110.9548121","2023-03-01T18:34:55"
"6","1_1","32.2226277","-110.9548103","2023-03-01T18:34:56"
"6","1_1","32.2225417","-110.9548105","2023-03-01T18:34:58"
"6","1_1","32.2225416","-110.9549005","2023-03-01T18:35:06"
"6","1_1","32.222541","-110.9553499","2023-03-01T18:35:07"
"6","1_1","32.2225409","-110.9554004","2023-03-01T18:35:09"
"6","1_1","32.2225407","-110.955523","2023-03-01T18:35:19"
"6","1_1","32.22254","-110.9560613","2023-03-01T18:35:24"
"6","1_1","32.2225379","-110.9563568","2023-03-01T18:35:30"
"6","1_1","32.2222249","-110.9563538","2023-03-01T18:35:36"
"6","1_1","32.2218837","-110.9563479","2023-03-01T18:35:36"
"7","1_1","32.2477975","-110.9568585","2023-03-01T18:57:12"
"7","1_1","32.2472875","-110.9568571","2023-03-01T18:57:19"
"7","1_1","32.2467702","-110.9568511","2023-03-01T18:57:24"
"7","1_1","32.2464066","-110.9568481","2023-03-01T18:57:26"
"7","1_1","32.2462602","-110.9568469","2023-03-01T18:57:27"
"7","1_1","32.2461556","-110.9568456","2023-03-01T18:57:33"
"7","1_1","32.2457348","-110.9568446","2023-03-01T18:57:40"
"7","1_1","32.2452191","-110.9568417","2023-03-01T18:57:47"
"7","1_1","32.2447058","-110.9568361","2023-03-01T18:57:54"
"7","1_1","32.2441903","-110.9568314","2023-03-01T18:58:01"
"7","1_1","32.2436753","-110.9568265","2023-03-01T18:58:03"
"7","1_1","32.2436756","-110.9567253","2023-03-01T18:58:28"
"7","1_1","32.24368","-110.9553365","2023-03-01T18:58:53"
"7","1_1","32.2436873","-110.9539747","2023-03-01T18:58:54"
"7","1_1","32.2436911","-110.9539129","2023-03-01T18:58:54"
"7","1_1","32.2436732","-110.9539137","2023-03-01T18:58:55"
"7","1_1","32.243656","-110.9539078","2023-03-01T18:58:55"
"7","1_1","32.2436407","-110.9538949","2023-03-01T18:58:55"
"7","1_1","32.2436298","-110.9538768","2023-03-01T18:58:56"
"7","1_1","32.2436246","-110.9538554","2023-03-01T18:58:57"
"7","1_1","32.2435374","-110.953855","2023-03-01T18:59:04"
"7","1_1","32.2431541","-110.9538443","2023-03-01T18:59:14"
"7","1_1","32.2426315","-110.9538384","2023-03-01T18:59:23"
"7","1_1","32.2421319","-110.9538327","2023-03-01T18:59:32"
"7","1_1","32.2416148","-110.9538273","2023-03-01T18:59:40"
"7","1_1","32.2412104","-110.9538246","2023-03-01T18:59:42"
"7","1_1","32.2410999","-110.9538242","2023-03-01T18:59:51"
"7","1_1","32.2405986","-110.953818","2023-03-01T19:00:05"
"7","1_1","32.2406028","-110.9530489","2023-03-01T19:00:11"
"7","1_1","32.2406046","-110.9527149","2023-03-01T19:00:13"
"7","1_1","32.2406051","-110.9526182","2023-03-01T19:00:13"
"7","1_1","32.2406053","-110.952587","2023-03-01T19:00:13"
"7","1_1","32.2406053","-110.9525777","2023-03-01T19:00:14"
"7","1_1","32.2406054","-110.9525605","2023-03-01T19:00:14"
"7","1_1","32.2406077","-110.9525193","2023-03-01T19:00:15"
"7","1_1","32.2406124","-110.9524752","2023-03-01T19:00:16"
"7","1_1","32.24055","-110.9524746","2023-03-01T19:00:22"
"7","1_1","32.2401208","-110.952472","2023-03-01T19:00:29"
"7","1_1","32.2396101","-110.9524687","2023-03-01T19:00:36"
"7","1_1","32.2391227","-110.9524655","2023-03-01T19:00:42"
"7","1_1","32.2386279","-110.9524623","2023-03-01T19:00:51"
"7","1_1","32.2379845","-110.9524581","2023-03-01T19:00:59"
"7","1_1","32.23741","-110.952454","2023-03-01T19:00:59"
"7","1_1","32.2374031","-110.952454","2023-03-01T19:01"
"7","1_1","32.2373188","-110.9524538","2023-03-01T19:01:01"
"7","1_1","32.2372353","-110.9524517","2023-03-01T19:01:10"
"7","1_1","32.2366397","-110.9524492","2023-03-01T19:01:10"
"7","1_1","32.2366076","-110.9524491","2023-03-01T19:01:16"
"7","1_1","32.2361624","-110.9524459","2023-03-01T19:01:16"
"7","1_1","32.2361603","-110.952446","2023-03-01T19:01:18"
"7","1_1","32.2360618","-110.9524186","2023-03-01T19:01:19"
"7","1_1","32.2359803","-110.9523818","2023-03-01T19:01:20"
"7","1_1","32.2359033","-110.952347","2023-03-01T19:01:22"
"7","1_1","32.2359006","-110.9525379","2023-03-01T19:01:22"
"7","1_1","32.2359003","-110.952556","2023-03-01T19:01:26"
"7","1_1","32.2358957","-110.9528793","2023-03-01T19:01:30"
"7","1_1","32.235896","-110.9532997","2023-03-01T19:01:40"
"7","1_1","32.2359094","-110.9541781","2023-03-01T19:01:49"
"7","1_1","32.2359185","-110.9549698","2023-03-01T19:01:51"
"7","1_1","32.2359204","-110.9551746","2023-03-01T19:02:07"
"7","1_1","32.2359468","-110.9566232","2023-03-01T19:02:07"
"7","1_1","32.2359473","-110.9566506","2023-03-01T19:02:08"
"7","1_1","32.2359495","-110.956782","2023-03-01T19:02:10"
"7","1_1","32.2358631","-110.9567818","2023-03-01T19:02:10"
"7","1_1","32.2358269","-110.9567818","2023-03-01T19:02:15"
"7","1_1","32.2354432","-110.9567821","2023-03-01T19:02:24"
"7","1_1","32.2348264","-110.95678","2023-03-01T19:02:25"
"7","1_1","32.2347171","-110.9567789","2023-03-01T19:02:28"
"7","1_1","32.2345408","-110.9567776","2023-03-01T19:02:29"
"7","1_1","32.2344057","-110.9567744","2023-03-01T19:02:30"
"7","1_1","32.234335","-110.9567731","2023-03-01T19:02:32"
"7","1_1","32.2342203","-110.956773","2023-03-01T19:02:36"
"7","1_1","32.2339249","-110.956773","2023-03-01T19:02:37"
"7","1_1","32.2338607","-110.956773","2023-03-01T19:02:39"
"7","1_1","32.2337368","-110.9567924","2023-03-01T19:02:40"
"7","1_1","32.2336692","-110.9568011","2023-03-01T19:02:40"
"7","1_1","32.2336075","-110.9568071","2023-03-01T19:02:44"
"7","1_1","32.2333136","-110.9567989","2023-03-01T19:02:47"
"7","1_1","32.2330986","-110.9567863","2023-03-01T19:02:48"
"7","1_1","32.2330775","-110.9567853","2023-03-01T19:02:49"
"7","1_1","32.2330029","-110.9567836","2023-03-01T19:02:49"
"7","1_1","32.2329866","-110.9567834","2023-03-01T19:02:50"
"7","1_1","32.2329021","-110.9567826","2023-03-01T19:03:04"
"7","1_1","32.2318582","-110.9567777","2023-03-01T19:03:05"
"7","1_1","32.2318102","-110.9567746","2023-03-01T19:03:05"
"7","1_1","32.2318069","-110.9567747","2023-03-01T19:03:07"
"7","1_1","32.231695","-110.9567794","2023-03-01T19:03:08"
"7","1_1","32.231589","-110.956778","2023-03-01T19:03:23"
"7","1_1","32.2304673","-110.956766","2023-03-01T19:03:25"
"7","1_1","32.230367","-110.9567649","2023-03-01T19:03:26"
"7","1_1","32.2303675","-110.9568363","2023-03-01T19:03:27"
"7","1_1","32.2303685","-110.9568788","2023-03-01T19:03:27"
"7","1_1","32.2303687","-110.9568876","2023-03-01T19:03:40"
"7","1_1","32.2303744","-110.9576042","2023-03-01T19:03:46"
"7","1_1","32.2303751","-110.9579147","2023-03-01T19:03:48"
"7","1_1","32.2302467","-110.9579146","2023-03-01T19:03:57"
"7","1_1","32.2297288","-110.957912","2023-03-01T19:03:59"
"7","1_1","32.2296137","-110.9579095","2023-03-01T19:04:01"
"7","1_1","32.2295297","-110.9579097","2023-03-01T19:04:03"
"7","1_1","32.2294282","-110.95791","2023-03-01T19:04:08"
"7","1_1","32.2291618","-110.9579106","2023-03-01T19:04:08"
"7","1_1","32.229148","-110.9579104","2023-03-01T19:04:10"
"7","1_1","32.2290525","-110.9579092","2023-03-01T19:04:13"
"7","1_1","32.2288851","-110.9579073","2023-03-01T19:04:14"
"7","1_1","32.2288202","-110.9579082","2023-03-01T19:04:19"
"7","1_1","32.2285547","-110.9579072","2023-03-01T19:04:19"
"7","1_1","32.2285467","-110.9579072","2023-03-01T19:04:22"
"7","1_1","32.2283879","-110.9579064","2023-03-01T19:04:31"
"7","1_1","32.2279045","-110.9579031","2023-03-01T19:04:31"
"7","1_1","32.2278948","-110.9579036","2023-03-01T19:04:33"
"7","1_1","32.2277707","-110.9579038","2023-03-01T19:04:34"
"7","1_1","32.2277693","-110.9578025","2023-03-01T19:04:40"
"7","1_1","32.2277624","-110.9573033","2023-03-01T19:04:41"
"7","1_1","32.2277626","-110.9572367","2023-03-01T19:04:43"
"7","1_1","32.227763","-110.9570901","2023-03-01T19:04:48"
"7","1_1","32.2277643","-110.9566553","2023-03-01T19:04:49"
"7","1_1","32.2277644","-110.9566006","2023-03-01T19:04:51"
"7","1_1","32.2278277","-110.9564786","2023-03-01T19:04:52"
"7","1_1","32.2278905","-110.9564399","2023-03-01T19:04:52"
"7","1_1","32.227907","-110.9564289","2023-03-01T19:04:52"
"7","1_1","32.2279282","-110.9564166","2023-03-01T19:04:53"
"7","1_1","32.228002","-110.9564036","2023-03-01T19:04:54"
"7","1_1","32.2280565","-110.956391","2023-03-01T19:04:54"
"7","1_1","32.2280521","-110.9563882","2023-03-01T19:04:56"
"7","1_1","32.2279282","-110.9563282","2023-03-01T19:04:57"
"7","1_1","32.2278885","-110.9563003","2023-03-01T19:04:57"
"7","1_1","32.2278629","-110.9562825","2023-03-01T19:04:58"
"7","1_1","32.2278208","-110.9562398","2023-03-01T19:04:59"
"7","1_1","32.2277907","-110.9561879","2023-03-01T19:05"
"7","1_1","32.227766","-110.9560813","2023-03-01T19:05:14"
"7","1_1","32.2277694","-110.954916","2023-03-01T19:05:15"
"7","1_1","32.2277695","-110.9548733","2023-03-01T19:05:17"
"7","1_1","32.2276825","-110.9548673","2023-03-01T19:05:19"
"7","1_1","32.2275741","-110.9548601","2023-03-01T19:05:21"
"7","1_1","32.2274599","-110.9548332","2023-03-01T19:05:23"
"7","1_1","32.2273096","-110.9548226","2023-03-01T19:05:27"
"7","1_1","32.2271343","-110.9548222","2023-03-01T19:05:39"
"7","1_1","32.2264689","-110.9548205","2023-03-01T19:05:47"
"7","1_1","32.2259882","-110.9548193","2023-03-01T19:05:48"
"7","1_1","32.2259338","-110.9548191","2023-03-01T19:05:56"
"7","1_1","32.2255235","-110.9548181","2023-03-01T19:06:06"
"7","1_1","32.2249959","-110.9548167","2023-03-01T19:06:08"
"7","1_1","32.2248703","-110.9548158","2023-03-01T19:06:13"
"7","1_1","32.224562","-110.9548153","2023-03-01T19:06:16"
"7","1_1","32.2244232","-110.954815","2023-03-01T19:06:17"
"7","1_1","32.2243799","-110.954815","2023-03-01T19:06:20"
"7","1_1","32.2242131","-110.9548147","2023-03-01T19:06:26"
"7","1_1","32.2238646","-110.954814","2023-03-01T19:06:39"
"7","1_1","32.2231861","-110.9548121","2023-03-01T19:06:49"
"7","1_1","32.2226277","-110.9548103","2023-03-01T19:06:50"
"7","1_1","32.2225417","-110.9548105","2023-03-01T19:06:52"
"7","1_1","32.2225416","-110.9549005","2023-03-01T19:07"
"7","1_1","32.222541","-110.9553499","2023-03-01T19:07:01"
"7","1_1","32.2225409","-110.9554004","2023-03-01T19:07:03"
"7","1_1","32.2225407","-110.955523","2023-03-01T19:07:13"
"7","1_1","32.22254","-110.9560613","2023-03-01T19:07:18"
"7","1_1","32.2225379","-110.9563568","2023-03-01T19:07:24"
"7","1_1","32.2222249","-110.9563538","2023-03-01T19:07:30"
"7","1_1","32.2218837","-110.9563479","2023-03-01T19:07:30"
"8","1_1","32.2477975","-110.9568585","2023-03-01T18:32:33"
"8","1_1","32.2472875","-110.9568571","2023-03-01T18:32:40"
"8","1_1","32.2467702","-110.9568511","2023-03-01T18:32:45"
"8","1_1","32.2464066","-110.9568481","2023-03-01T18:32:47"
"8","1_1","32.2462602","-110.9568469","2023-03-01T18:32:48"
"8","1_1","32.2461556","-110.9568456","2023-03-01T18:32:54"
"8","1_1","32.2457348","-110.9568446","2023-03-01T18:33:01"
"8","1_1","32.2452191","-110.9568417","2023-03-01T18:33:08"
"8","1_1","32.2447058","-110.9568361","2023-03-01T18:33:15"
"8","1_1","32.2441903","-110.9568314","2023-03-01T18:33:22"
"8","1_1","32.2436753","-110.9568265","2023-03-01T18:33:24"
"8","1_1","32.2436756","-110.9567253","2023-03-01T18:33:49"
"8","1_1","32.24368","-110.9553365","2023-03-01T18:34:14"
"8","1_1","32.2436873","-110.9539747","2023-03-01T18:34:15"
"8","1_1","32.2436911","-110.9539129","2023-03-01T18:34:15"
"8","1_1","32.2436732","-110.9539137","2023-03-01T18:34:16"
"8","1_1","32.243656","-110.9539078","2023-03-01T18:34:16"
"8","1_1","32.2436407","-110.9538949","2023-03-01T18:34:16"
"8","1_1","32.2436298","-110.9538768","2023-03-01T18:34:17"
"8","1_1","32.2436246","-110.9538554","2023-03-01T18:34:18"
"8","1_1","32.2435374","-110.953855","2023-03-01T18:34:25"
"8","1_1","32.2431541","-110.9538443","2023-03-01T18:34:35"
"8","1_1","32.2426315","-110.9538384","2023-03-01T18:34:44"
"8","1_1","32.2421319","-110.9538327","2023-03-01T18:34:53"
"8","1_1","32.2416148","-110.9538273","2023-03-01T18:35:01"
"8","1_1","32.2412104","-110.9538246","2023-03-01T18:35:03"
"8","1_1","32.2410999","-110.9538242","2023-03-01T18:35:12"
"8","1_1","32.2405986","-110.953818","2023-03-01T18:35:26"
"8","1_1","32.2406028","-110.9530489","2023-03-01T18:35:32"
"8","1_1","32.2406046","-110.9527149","2023-03-01T18:35:34"
"8","1_1","32.2406051","-110.9526182","2023-03-01T18:35:34"
"8","1_1","32.2406053","-110.952587","2023-03-01T18:35:34"
"8","1_1","32.2406053","-110.9525777","2023-03-01T18:35:35"
"8","1_1","32.2406054","-110.9525605","2023-03-01T18:35:35"
"8","1_1","32.2406077","-110.9525193","2023-03-01T18:35:36"
"8","1_1","32.2406124","-110.9524752","2023-03-01T18:35:37"
"8","1_1","32.24055","-110.9524746","2023-03-01T18:35:43"
"8","1_1","32.2401208","-110.952472","2023-03-01T18:35:50"
"8","1_1","32.2396101","-110.9524687","2023-03-01T18:35:57"
"8","1_1","32.2391227","-110.9524655","2023-03-01T18:36:03"
"8","1_1","32.2386279","-110.9524623","2023-03-01T18:36:12"
"8","1_1","32.2379845","-110.9524581","2023-03-01T18:36:20"
"8","1_1","32.23741","-110.952454","2023-03-01T18:36:20"
"8","1_1","32.2374031","-110.952454","2023-03-01T18:36:21"
"8","1_1","32.2373188","-110.9524538","2023-03-01T18:36:22"
"8","1_1","32.2372353","-110.9524517","2023-03-01T18:36:31"
"8","1_1","32.2366397","-110.9524492","2023-03-01T18:36:31"
"8","1_1","32.2366076","-110.9524491","2023-03-01T18:36:37"
"8","1_1","32.2361624","-110.9524459","2023-03-01T18:36:37"
"8","1_1","32.2361603","-110.952446","2023-03-01T18:36:39"
"8","1_1","32.2360618","-110.9524186","2023-03-01T18:36:40"
"8","1_1","32.2359803","-110.9523818","2023-03-01T18:36:41"
"8","1_1","32.2359033","-110.952347","2023-03-01T18:36:43"
"8","1_1","32.2359006","-110.9525379","2023-03-01T18:36:43"
"8","1_1","32.2359003","-110.952556","2023-03-01T18:36:47"
"8","1_1","32.2358957","-110.9528793","2023-03-01T18:36:51"
"8","1_1","32.235896","-110.9532997","2023-03-01T18:37:01"
"8","1_1","32.2359094","-110.9541781","2023-03-01T18:37:10"
"8","1_1","32.2359185","-110.9549698","2023-03-01T18:37:12"
"8","1_1","32.2359204","-110.9551746","2023-03-01T18:37:28"
"8","1_1","32.2359468","-110.9566232","2023-03-01T18:37:28"
"8","1_1","32.2359473","-110.9566506","2023-03-01T18:37:29"
"8","1_1","32.2359495","-110.956782","2023-03-01T18:37:31"
"8","1_1","32.2358631","-110.9567818","2023-03-01T18:37:31"
"8","1_1","32.2358269","-110.9567818","2023-03-01T18:37:36"
"8","1_1","32.2354432","-110.9567821","2023-03-01T18:37:45"
"8","1_1","32.2348264","-110.95678","2023-03-01T18:37:46"
"8","1_1","32.2347171","-110.9567789","2023-03-01T18:37:49"
"8","1_1","32.2345408","-110.9567776","2023-03-01T18:37:50"
"8","1_1","32.2344057","-110.9567744","2023-03-01T18:37:51"
"8","1_1","32.234335","-110.9567731","2023-03-01T18:37:53"
"8","1_1","32.2342203","-110.956773","2023-03-01T18:37:57"
"8","1_1","32.2339249","-110.956773","2023-03-01T18:37:58"
"8","1_1","32.2338607","-110.956773","2023-03-01T18:38"
"8","1_1","32.2337368","-110.9567924","2023-03-01T18:38:01"
"8","1_1","32.2336692","-110.9568011","2023-03-01T18:38:01"
"8","1_1","32.2336075","-110.9568071","2023-03-01T18:38:05"
"8","1_1","32.2333136","-110.9567989","2023-03-01T18:38:08"
"8","1_1","32.2330986","-110.9567863","2023-03-01T18:38:09"
"8","1_1","32.2330775","-110.9567853","2023-03-01T18:38:10"
"8","1_1","32.2330029","-110.9567836","2023-03-01T18:38:10"
"8","1_1","32.2329866","-110.9567834","2023-03-01T18:38:11"
"8","1_1","32.2329021","-110.9567826","2023-03-01T18:38:25"
"8","1_1","32.2318582","-110.9567777","2023-03-01T18:38:26"
"8","1_1","32.2318102","-110.9567746","2023-03-01T18:38:26"
"8","1_1","32.2318069","-110.9567747","2023-03-01T18:38:28"
"8","1_1","32.231695","-110.9567794","2023-03-01T18:38:29"
"8","1_1","32.231589","-110.956778","2023-03-01T18:38:44"
"8","1_1","32.2304673","-110.956766","2023-03-01T18:38:46"
"8","1_1","32.230367","-110.9567649","2023-03-01T18:38:47"
"8","1_1","32.2303675","-110.9568363","2023-03-01T18:38:48"
"8","1_1","32.2303685","-110.9568788","2023-03-01T18:38:48"
"8","1_1","32.2303687","-110.9568876","2023-03-01T18:39:01"
"8","1_1","32.2303744","-110.9576042","2023-03-01T18:39:07"
"8","1_1","32.2303751","-110.9579147","2023-03-01T18:39:09"
"8","1_1","32.2302467","-110.9579146","2023-03-01T18:39:18"
"8","1_1","32.2297288","-110.957912","2023-03-01T18:39:20"
"8","1_1","32.2296137","-110.9579095","2023-03-01T18:39:22"
"8","1_1","32.2295297","-110.9579097","2023-03-01T18:39:24"
"8","1_1","32.2294282","-110.95791","2023-03-01T18:39:29"
"8","1_1","32.2291618","-110.9579106","2023-03-01T18:39:29"
"8","1_1","32.229148","-110.9579104","2023-03-01T18:39:31"
"8","1_1","32.2290525","-110.9579092","2023-03-01T18:39:34"
"8","1_1","32.2288851","-110.9579073","2023-03-01T18:39:35"
"8","1_1","32.2288202","-110.9579082","2023-03-01T18:39:40"
"8","1_1","32.2285547","-110.9579072","2023-03-01T18:39:40"
"8","1_1","32.2285467","-110.9579072","2023-03-01T18:39:43"
"8","1_1","32.2283879","-110.9579064","2023-03-01T18:39:52"
"8","1_1","32.2279045","-110.9579031","2023-03-01T18:39:52"
"8","1_1","32.2278948","-110.9579036","2023-03-01T18:39:54"
"8","1_1","32.2277707","-110.9579038","2023-03-01T18:39:55"
"8","1_1","32.2277693","-110.9578025","2023-03-01T18:40:01"
"8","1_1","32.2277624","-110.9573033","2023-03-01T18:40:02"
"8","1_1","32.2277626","-110.9572367","2023-03-01T18:40:04"
"8","1_1","32.227763","-110.9570901","2023-03-01T18:40:09"
"8","1_1","32.2277643","-110.9566553","2023-03-01T18:40:10"
"8","1_1","32.2277644","-110.9566006","2023-03-01T18:40:12"
"8","1_1","32.2278277","-110.9564786","2023-03-01T18:40:13"
"8","1_1","32.2278905","-110.9564399","2023-03-01T18:40:13"
"8","1_1","32.227907","-110.9564289","2023-03-01T18:40:13"
"8","1_1","32.2279282","-110.9564166","2023-03-01T18:40:14"
"8","1_1","32.228002","-110.9564036","2023-03-01T18:40:15"
"8","1_1","32.2280565","-110.956391","2023-03-01T18:40:15"
"8","1_1","32.2280521","-110.9563882","2023-03-01T18:40:17"
"8","1_1","32.2279282","-110.9563282","2023-03-01T18:40:18"
"8","1_1","32.2278885","-110.9563003","2023-03-01T18:40:18"
"8","1_1","32.2278629","-110.9562825","2023-03-01T18:40:19"
"8","1_1","32.2278208","-110.9562398","2023-03-01T18:40:20"
"8","1_1","32.2277907","-110.9561879","2023-03-01T18:40:21"
"8","1_1","32.227766","-110.9560813","2023-03-01T18:40:35"
"8","1_1","32.2277694","-110.954916","2023-03-01T18:40:36"
"8","1_1","32.2277695","-110.9548733","2023-03-01T18:40:38"
"8","1_1","32.2276825","-110.9548673","2023-03-01T18:40:40"
"8","1_1","32.2275741","-110.9548601","2023-03-01T18:40:42"
"8","1_1","32.2274599","-110.9548332","2023-03-01T18:40:44"
"8","1_1","32.2273096","-110.9548226","2023-03-01T18:40:48"
"8","1_1","32.2271343","-110.9548222","2023-03-01T18:41"
"8","1_1","32.2264689","-110.9548205","2023-03-01T18:41:08"
"8","1_1","32.2259882","-110.9548193","2023-03-01T18:41:09"
"8","1_1","32.2259338","-110.9548191","2023-03-01T18:41:17"
"8","1_1","32.2255235","-110.9548181","2023-03-01T18:41:27"
"8","1_1","32.2249959","-110.9548167","2023-03-01T18:41:29"
"8","1_1","32.2248703","-110.9548158","2023-03-01T18:41:34"
"8","1_1","32.224562","-110.9548153","2023-03-01T18:41:37"
"8","1_1","32.2244232","-110.954815","2023-03-01T18:41:38"
"8","1_1","32.2243799","-110.954815","2023-03-01T18:41:41"
"8","1_1","32.2242131","-110.9548147","2023-03-01T18:41:47"
"8","1_1","32.2238646","-110.954814","2023-03-01T18:42"
"8","1_1","32.2231861","-110.9548121","2023-03-01T18:42:10"
"8","1_1","32.2226277","-110.9548103","2023-03-01T18:42:11"
"8","1_1","32.2225417","-110.9548105","2023-03-01T18:42:13"
"8","1_1","32.2225416","-110.9549005","2023-03-01T18:42:21"
"8","1_1","32.222541","-110.9553499","2023-03-01T18:42:22"
"8","1_1","32.2225409","-110.9554004","2023-03-01T18:42:24"
"8","1_1","32.2225407","-110.955523","2023-03-01T18:42:34"
"8","1_1","32.22254","-110.9560613","2023-03-01T18:42:39"
"8","1_1","32.2225379","-110.9563568","2023-03-01T18:42:45"
"8","1_1","32.2222249","-110.9563538","2023-03-01T18:42:51"
"8","1_1","32.2218837","-110.9563479","2023-03-01T18:42:51"
"9","1_1","32.2477975","-110.9568585","2023-03-01T18:47:41"
"9","1_1","32.2472875","-110.9568571","2023-03-01T18:47:48"
"9","1_1","32.2467702","-110.9568511","2023-03-01T18:47:53"
"9","1_1","32.2464066","-110.9568481","2023-03-01T18:47:55"
"9","1_1","32.2462602","-110.9568469","2023-03-01T18:47:56"
"9","1_1","32.2461556","-110.9568456","2023-03-01T18:48:02"
"9","1_1","32.2457348","-110.9568446","2023-03-01T18:48:09"
"9","1_1","32.2452191","-110.9568417","2023-03-01T18:48:16"
"9","1_1","32.2447058","-110.9568361","2023-03-01T18:48:23"
"9","1_1","32.2441903","-110.9568314","2023-03-01T18:48:30"
"9","1_1","32.2436753","-110.9568265","2023-03-01T18:48:32"
"9","1_1","32.2436756","-110.9567253","2023-03-01T18:48:57"
"9","1_1","32.24368","-110.9553365","2023-03-01T18:49:22"
"9","1_1","32.2436873","-110.9539747","2023-03-01T18:49:23"
"9","1_1","32.2436911","-110.9539129","2023-03-01T18:49:23"
"9","1_1","32.2436732","-110.9539137","2023-03-01T18:49:24"
"9","1_1","32.243656","-110.9539078","2023-03-01T18:49:24"
"9","1_1","32.2436407","-110.9538949","2023-03-01T18:49:24"
"9","1_1","32.2436298","-110.9538768","2023-03-01T18:49:25"
"9","1_1","32.2436246","-110.9538554","2023-03-01T18:49:26"
"9","1_1","32.2435374","-110.953855","2023-03-01T18:49:33"
"9","1_1","32.2431541","-110.9538443","2023-03-01T18:49:43"
"9","1_1","32.2426315","-110.9538384","2023-03-01T18:49:52"
"9","1_1","32.2421319","-110.9538327","2023-03-01T18:50:01"
"9","1_1","32.2416148","-110.9538273","2023-03-01T18:50:09"
"9","1_1","32.2412104","-110.9538246","2023-03-01T18:50:11"
"9","1_1","32.2410999","-110.9538242","2023-03-01T18:50:20"
"9","1_1","32.2405986","-110.953818","2023-03-01T18:50:34"
"9","1_1","32.2406028","-110.9530489","2023-03-01T18:50:40"
"9","1_1","32.2406046","-110.9527149","2023-03-01T18:50:42"
"9","1_1","32.2406051","-110.9526182","2023-03-01T18:50:42"
"9","1_1","32.2406053","-110.952587","2023-03-01T18:50:42"
"9","1_1","32.2406053","-110.9525777","2023-03-01T18:50:43"
"9","1_1","32.2406054","-110.9525605","2023-03-01T18:50:43"
"9","1_1","32.2406077","-110.9525193","2023-03-01T18:50:44"
"9","1_1","32.2406124","-110.9524752","2023-03-01T18:50:45"
"9","1_1","32.24055","-110.9524746","2023-03-01T18:50:51"
"9","1_1","32.2401208","-110.952472","2023-03-01T18:50:58"
"9","1_1","32.2396101","-110.9524687","2023-03-01T18:51:05"
"9","1_1","32.2391227","-110.9524655","2023-03-01T18:51:11"
"9","1_1","32.2386279","-110.9524623","2023-03-01T18:51:20"
"9","1_1","32.2379845","-110.9524581","2023-03-01T18:51:28"
"9","1_1","32.23741","-110.952454","2023-03-01T18:51:28"
"9","1_1","32.2374031","-110.952454","2023-03-01T18:51:29"
"9","1_1","32.2373188","-110.9524538","2023-03-01T18:51:30"
"9","1_1","32.2372353","-110.9524517","2023-03-01T18:51:39"
"9","1_1","32.2366397","-110.9524492","2023-03-01T18:51:39"
"9","1_1","32.2366076","-110.9524491","2023-03-01T18:51:45"
"9","1_1","32.2361624","-110.9524459","2023-03-01T18:51:45"
"9","1_1","32.2361603","-110.952446","2023-03-01T18:51:47"
"9","1_1","32.2360618","-110.9524186","2023-03-01T18:51:48"
"9","1_1","32.2359803","-110.9523818","2023-03-01T18:51:49"
"9","1_1","32.2359033","-110.952347","2023-03-01T18:51:51"
"9","1_1","32.2359006","-110.9525379","2023-03-01T18:51:51"
"9","1_1","32.2359003","-110.952556","2023-03-01T18:51:55"
"9","1_1","32.2358957","-110.9528793","2023-03-01T18:51:59"
"9","1_1","32.235896","-110.9532997","2023-03-01T18:52:09"
"9","1_1","32.2359094","-110.9541781","2023-03-01T18:52:18"
"9","1_1","32.2359185","-110.9549698","2023-03-01T18:52:20"
"9","1_1","32.2359204","-110.9551746","2023-03-01T18:52:36"
"9","1_1","32.2359468","-110.9566232","2023-03-01T18:52:36"
"9","1_1","32.2359473","-110.9566506","2023-03-01T18:52:37"
"9","1_1","32.2359495","-110.956782","2023-03-01T18:52:39"
"9","1_1","32.2358631","-110.9567818","2023-03-01T18:52:39"
"9","1_1","32.2358269","-110.9567818","2023-03-01T18:52:44"
"9","1_1","32.2354432","-110.9567821","2023-03-01T18:52:53"
"9","1_1","32.2348264","-110.95678","2023-03-01T18:52:54"
"9","1_1","32.2347171","-110.9567789","2023-03-01T18:52:57"
"9","1_1","32.2345408","-110.9567776","2023-03-01T18:52:58"
"9","1_1","32.2344057","-110.9567744","2023-03-01T18:52:59"
"9","1_1","32.234335","-110.9567731","2023-03-01T18:53:01"
"9","1_1","32.2342203","-110.956773","2023-03-01T18:53:05"
"9","1_1","32.2339249","-110.956773","2023-03-01T18:53:06"
"9","1_1","32.2338607","-110.956773","2023-03-01T18:53:08"
"9","1_1","32.2337368","-110.9567924","2023-03-01T18:53:09"
"9","1_1","32.2336692","-110.9568011","2023-03-01T18:53:09"
"9","1_1","32.2336075","-110.9568071","2023-03-01T18:53:13"
"9","1_1","32.2333136","-110.9567989","2023-03-01T18:53:16"
"9","1_1","32.2330986","-110.9567863","2023-03-01T18:53:17"
"9","1_1","32.2330775","-110.9567853","2023-03-01T18:53:18"
"9","1_1","32.2330029","-110.9567836","2023-03-01T18:53:18"
"9","1_1","32.2329866","-110.9567834","2023-03-01T18:53:19"
"9","1_1","32.2329021","-110.9567826","2023-03-01T18:53:33"
"9","1_1","32.2318582","-110.9567777","2023-03-01T18:53:34"
"9","1_1","32.2318102","-110.9567746","2023-03-01T18:53:34"
"9","1_1","32.2318069","-110.9567747","2023-03-01T18:53:36"
"9","1_1","32.231695","-110.9567794","2023-03-01T18:53:37"
"9","1_1","32.231589","-110.956778","2023-03-01T18:53:52"
"9","1_1","32.2304673","-110.956766","2023-03-01T18:53:54"
"9","1_1","32.230367","-110.9567649","2023-03-01T18:53:55"
"9","1_1","32.2303675","-110.9568363","2023-03-01T18:53:56"
"9","1_1","32.2303685","-110.9568788","2023-03-01T18:53:56"
"9","1_1","32.2303687","-110.9568876","2023-03-01T18:54:09"
"9","1_1","32.2303744","-110.9576042","2023-03-01T18:54:15"
"9","1_1","32.2303751","-110.9579147","2023-03-01T18:54:17"
"9","1_1","32.2302467","-110.9579146","2023-03-01T18:54:26"
"9","1_1","32.2297288","-110.957912","2023-03-01T18:54:28"
"9","1_1","32.2296137","-110.9579095","2023-03-01T18:54:30"
"9","1_1","32.2295297","-110.9579097","2023-03-01T18:54:32"
"9","1_1","32.2294282","-110.95791","2023-03-01T18:54:37"
"9","1_1","32.2291618","-110.9579106","2023-03-01T18:54:37"
"9","1_1","32.229148","-110.9579104","2023-03-01T18:54:39"
"9","1_1","32.2290525","-110.9579092","2023-03-01T18:54:42"
"9","1_1","32.2288851","-110.9579073","2023-03-01T18:54:43"
"9","1_1","32.2288202","-110.9579082","2023-03-01T18:54:48"
"9","1_1","32.2285547","-110.9579072","2023-03-01T18:54:48"
"9","1_1","32.2285467","-110.9579072","2023-03-01T18:54:51"
"9","1_1","32.2283879","-110.9579064","2023-03-01T18:55"
"9","1_1","32.2279045","-110.9579031","2023-03-01T18:55"
"9","1_1","32.2278948","-110.9579036","2023-03-01T18:55:02"
"9","1_1","32.2277707","-110.9579038","2023-03-01T18:55:03"
"9","1_1","32.2277693","-110.9578025","2023-03-01T18:55:09"
"9","1_1","32.2277624","-110.9573033","2023-03-01T18:55:10"
"9","1_1","32.2277626","-110.9572367","2023-03-01T18:55:12"
"9","1_1","32.227763","-110.9570901","2023-03-01T18:55:17"
"9","1_1","32.2277643","-110.9566553","2023-03-01T18:55:18"
"9","1_1","32.2277644","-110.9566006","2023-03-01T18:55:20"
"9","1_1","32.2278277","-110.9564786","2023-03-01T18:55:21"
"9","1_1","32.2278905","-110.9564399","2023-03-01T18:55:21"
"9","1_1","32.227907","-110.9564289","2023-03-01T18:55:21"
"9","1_1","32.2279282","-110.9564166","2023-03-01T18:55:22"
"9","1_1","32.228002","-110.9564036","2023-03-01T18:55:23"
"9","1_1","32.2280565","-110.956391","2023-03-01T18:55:23"
"9","1_1","32.2280521","-110.9563882","2023-03-01T18:55:25"
"9","1_1","32.2279282","-110.9563282","2023-03-01T18:55:26"
"9","1_1","32.2278885","-110.9563003","2023-03-01T18:55:26"
"9","1_1","32.2278629","-110.9562825","2023-03-01T18:55:27"
"9","1_1","32.2278208","-110.9562398","2023-03-01T18:55:28"
"9","1_1","32.2277907","-110.9561879","2023-03-01T18:55:29"
"9","1_1","32.227766","-110.9560813","2023-03-01T18:55:43"
"9","1_1","32.2277694","-110.954916","2023-03-01T18:55:44"
"9","1_1","32.2277695","-110.9548733","2023-03-01T18:55:46"
"9","1_1","32.2276825","-110.9548673","2023-03-01T18:55:48"
"9","1_1","32.2275741","-110.9548601","2023-03-01T18:55:50"
"9","1_1","32.2274599","-110.9548332","2023-03-01T18:55:52"
"9","1_1","32.2273096","-110.9548226","2023-03-01T18:55:56"
"9","1_1","32.2271343","-110.9548222","2023-03-01T18:56:08"
"9","1_1","32.2264689","-110.9548205","2023-03-01T18:56:16"
"9","1_1","32.2259882","-110.9548193","2023-03-01T18:56:17"
"9","1_1","32.2259338","-110.9548191","2023-03-01T18:56:25"
"9","1_1","32.2255235","-110.9548181","2023-03-01T18:56:35"
"9","1_1","32.2249959","-110.9548167","2023-03-01T18:56:37"
"9","1_1","32.2248703","-110.9548158","2023-03-01T18:56:42"
"9","1_1","32.224562","-110.9548153","2023-03-01T18:56:45"
"9","1_1","32.2244232","-110.954815","2023-03-01T18:56:46"
"9","1_1","32.2243799","-110.954815","2023-03-01T18:56:49"
"9","1_1","32.2242131","-110.9548147","2023-03-01T18:56:55"
"9","1_1","32.2238646","-110.954814","2023-03-01T18:57:08"
"9","1_1","32.2231861","-110.9548121","2023-03-01T18:57:18"
"9","1_1","32.2226277","-110.9548103","2023-03-01T18:57:19"
"9","1_1","32.2225417","-110.9548105","2023-03-01T18:57:21"
"9","1_1","32.2225416","-110.9549005","2023-03-01T18:57:29"
"9","1_1","32.222541","-110.9553499","2023-03-01T18:57:30"
"9","1_1","32.2225409","-110.9554004","2023-03-01T18:57:32"
"9","1_1","32.2225407","-110.955523","2023-03-01T18:57:42"
"9","1_1","32.22254","-110.9560613","2023-03-01T18:57:47"
"9","1_1","32.2225379","-110.9563568","2023-03-01T18:57:53"
"9","1_1","32.2222249","-110.9563538","2023-03-01T18:57:59"
"9","1_1","32.2218837","-110.9563479","2023-03-01T18:57:59"
"10","1_1","32.2477975","-110.9568585","2023-03-01T18:15:46"
"10","1_1","32.2472875","-110.9568571","2023-03-01T18:15:53"
"10","1_1","32.2467702","-110.9568511","2023-03-01T18:15:58"
"10","1_1","32.2464066","-110.9568481","2023-03-01T18:16"
"10","1_1","32.2462602","-110.9568469","2023-03-01T18:16:01"
"10","1_1","32.2461556","-110.9568456","2023-03-01T18:16:07"
"10","1_1","32.2457348","-110.9568446","2023-03-01T18:16:14"
"10","1_1","32.2452191","-110.9568417","2023-03-01T18:16:21"
"10","1_1","32.2447058","-110.9568361","2023-03-01T18:16:28"
"10","1_1","32.2441903","-110.9568314","2023-03-01T18:16:35"
"10","1_1","32.2436753","-110.9568265","2023-03-01T18:16:37"
"10","1_1","32.2436756","-110.9567253","2023-03-01T18:17:02"
"10","1_1","32.24368","-110.9553365","2023-03-01T18:17:27"
"10","1_1","32.2436873","-110.9539747","2023-03-01T18:17:28"
"10","1_1","32.2436911","-110.9539129","2023-03-01T18:17:28"
"10","1_1","32.2436732","-110.9539137","2023-03-01T18:17:29"
"10","1_1","32.243656","-110.9539078","2023-03-01T18:17:29"
"10","1_1","32.2436407","-110.9538949","2023-03-01T18:17:29"
"10","1_1","32.2436298","-110.9538768","2023-03-01T18:17:30"
"10","1_1","32.2436246","-110.9538554","2023-03-01T18:17:31"
"10","1_1","32.2435374","-110.953855","2023-03-01T18:17:38"
"10","1_1","32.2431541","-110.9538443","2023-03-01T18:17:48"
"10","1_1","32.2426315","-110.9538384","2023-03-01T18:17:57"
"10","1_1","32.2421319","-110.9538327","2023-03-01T18:18:06"
"10","1_1","32.2416148","-110.9538273","2023-03-01T18:18:14"
"10","1_1","32.2412104","-110.9538246","2023-03-01T18:18:16"
"10","1_1","32.2410999","-110.9538242","2023-03-01T18:18:25"
"10","1_1","32.2405986","-110.953818","2023-03-01T18:18:39"
"10","1_1","32.2406028","-110.9530489","2023-03-01T18:18:45"
"10","1_1","32.2406046","-110.9527149","2023-03-01T18:18:47"
"10","1_1","32.2406051","-110.9526182","2023-03-01T18:18:47"
"10","1_1","32.2406053","-110.952587","2023-03-01T18:18:47"
"10","1_1","32.2406053","-110.9525777","2023-03-01T18:18:48"
"10","1_1","32.2406054","-110.9525605","2023-03-01T18:18:48"
"10","1_1","32.2406077","-110.9525193","2023-03-01T18:18:49"
"10","1_1","32.2406124","-110.9524752","2023-03-01T18:18:50"
"10","1_1","32.24055","-110.9524746","2023-03-01T18:18:56"
"10","1_1","32.2401208","-110.952472","2023-03-01T18:19:03"
"10","1_1","32.2396101","-110.9524687","2023-03-01T18:19:10"
"10","1_1","32.2391227","-110.9524655","2023-03-01T18:19:16"
"10","1_1","32.2386279","-110.9524623","2023-03-01T18:19:25"
"10","1_1","32.2379845","-110.9524581","2023-03-01T18:19:33"
"10","1_1","32.23741","-110.952454","2023-03-01T18:19:33"
"10","1_1","32.2374031","-110.952454","2023-03-01T18:19:34"
"10","1_1","32.2373188","-110.9524538","2023-03-01T18:19:35"
"10","1_1","32.2372353","-110.9524517","2023-03-01T18:19:44"
"10","1_1","32.2366397","-110.9524492","2023-03-01T18:19:44"
"10","1_1","32.2366076","-110.9524491","2023-03-01T18:19:50"
"10","1_1","32.2361624","-110.9524459","2023-03-01T18:19:50"
"10","1_1","32.2361603","-110.952446","2023-03-01T18:19:52"
"10","1_1","32.2360618","-110.9524186","2023-03-01T18:19:53"
"10","1_1","32.2359803","-110.9523818","2023-03-01T18:19:54"
"10","1_1","32.2359033","-110.952347","2023-03-01T18:19:56"
"10","1_1","32.2359006","-110.9525379","2023-03-01T18:19:56"
"10","1_1","32.2359003","-110.952556","2023-03-01T18:20"
"10","1_1","32.2358957","-110.9528793","2023-03-01T18:20:04"
"10","1_1","32.235896","-110.9532997","2023-03-01T18:20:14"
"10","1_1","32.2359094","-110.9541781","2023-03-01T18:20:23"
"10","1_1","32.2359185","-110.9549698","2023-03-01T18:20:25"
"10","1_1","32.2359204","-110.9551746","2023-03-01T18:20:41"
"10","1_1","32.2359468","-110.9566232","2023-03-01T18:20:41"
"10","1_1","32.2359473","-110.9566506","2023-03-01T18:20:42"
"10","1_1","32.2359495","-110.956782","2023-03-01T18:20:44"
"10","1_1","32.2358631","-110.9567818","2023-03-01T18:20:44"
"10","1_1","32.2358269","-110.9567818","2023-03-01T18:20:49"
"10","1_1","32.2354432","-110.9567821","2023-03-01T18:20:58"
"10","1_1","32.2348264","-110.95678","2023-03-01T18:20:59"
"10","1_1","32.2347171","-110.9567789","2023-03-01T18:21:02"
"10","1_1","32.2345408","-110.9567776","2023-03-01T18:21:03"
"10","1_1","32.2344057","-110.9567744","2023-03-01T18:21:04"
"10","1_1","32.234335","-110.9567731","2023-03-01T18:21:06"
"10","1_1","32.2342203","-110.956773","2023-03-01T18:21:10"
"10","1_1","32.2339249","-110.956773","2023-03-01T18:21:11"
"10","1_1","32.2338607","-110.956773","2023-03-01T18:21:13"
"10","1_1","32.2337368","-110.9567924","2023-03-01T18:21:14"
"10","1_1","32.2336692","-110.9568011","2023-03-01T18:21:14"
"10","1_1","32.2336075","-110.9568071","2023-03-01T18:21:18"
"10","1_1","32.2333136","-110.9567989","2023-03-01T18:21:21"
"10","1_1","32.2330986","-110.9567863","2023-03-01T18:21:22"
"10","1_1","32.2330775","-110.9567853","2023-03-01T18:21:23"
"10","1_1","32.2330029","-110.9567836","2023-03-01T18:21:23"
"10","1_1","32.2329866","-110.9567834","2023-03-01T18:21:24"
"10","1_1","32.2329021","-110.9567826","2023-03-01T18:21:38"
"10","1_1","32.2318582","-110.9567777","2023-03-01T18:21:39"
"10","1_1","32.2318102","-110.9567746","2023-03-01T18:21:39"
"10","1_1","32.2318069","-110.9567747","2023-03-01T18:21:41"
"10","1_1","32.231695","-110.9567794","2023-03-01T18:21:42"
"10","1_1","32.231589","-110.956778","2023-03-01T18:21:57"
"10","1_1","32.2304673","-110.956766","2023-03-01T18:21:59"
"10","1_1","32.230367","-110.9567649","2023-03-01T18:22"
"10","1_1","32.2303675","-110.9568363","2023-03-01T18:22:01"
"10","1_1","32.2303685","-110.9568788","2023-03-01T18:22:01"
"10","1_1","32.2303687","-110.9568876","2023-03-01T18:22:14"
"10","1_1","32.2303744","-110.9576042","2023-03-01T18:22:20"
"10","1_1","32.2303751","-110.9579147","2023-03-01T18:22:22"
"10","1_1","32.2302467","-110.9579146","2023-03-01T18:22:31"
"10","1_1","32.2297288","-110.957912","2023-03-01T18:22:33"
"10","1_1","32.2296137","-110.9579095","2023-03-01T18:22:35"
"10","1_1","32.2295297","-110.9579097","2023-03-01T18:22:37"
"10","1_1","32.2294282","-110.95791","2023-03-01T18:22:42"
"10","1_1","32.2291618","-110.9579106","2023-03-01T18:22:42"
"10","1_1","32.229148","-110.9579104","2023-03-01T18:22:44"
"10","1_1","32.2290525","-110.9579092","2023-03-01T18:22:47"
"10","1_1","32.2288851","-110.9579073","2023-03-01T18:22:48"
"10","1_1","32.2288202","-110.9579082","2023-03-01T18:22:53"
"10","1_1","32.2285547","-110.9579072","2023-03-01T18:22:53"
"10","1_1","32.2285467","-110.9579072","2023-03-01T18:22:56"
"10","1_1","32.2283879","-110.9579064","2023-03-01T18:23:05"
"10","1_1","32.2279045","-110.9579031","2023-03-01T18:23:05"
"10","1_1","32.2278948","-110.9579036","2023-03-01T18:23:07"
"10","1_1","32.2277707","-110.9579038","2023-03-01T18:23:08"
"10","1_1","32.2277693","-110.9578025","2023-03-01T18:23:14"
"10","1_1","32.2277624","-110.9573033","2023-03-01T18:23:15"
"10","1_1","32.2277626","-110.9572367","2023-03-01T18:23:17"
"10","1_1","32.227763","-110.9570901","2023-03-01T18:23:22"
"10","1_1","32.2277643","-110.9566553","2023-03-01T18:23:23"
"10","1_1","32.2277644","-110.9566006","2023-03-01T18:23:25"
"10","1_1","32.2278277","-110.9564786","2023-03-01T18:23:26"
"10","1_1","32.2278905","-110.9564399","2023-03-01T18:23:26"
"10","1_1","32.227907","-110.9564289","2023-03-01T18:23:26"
"10","1_1","32.2279282","-110.9564166","2023-03-01T18:23:27"
"10","1_1","32.228002","-110.9564036","2023-03-01T18:23:28"
"10","1_1","32.2280565","-110.956391","2023-03-01T18:23:28"
"10","1_1","32.2280521","-110.9563882","2023-03-01T18:23:30"
"10","1_1","32.2279282","-110.9563282","2023-03-01T18:23:31"
"10","1_1","32.2278885","-110.9563003","2023-03-01T18:23:31"
"10","1_1","32.2278629","-110.9562825","2023-03-01T18:23:32"
"10","1_1","32.2278208","-110.9562398","2023-03-01T18:23:33"
"10","1_1","32.2277907","-110.9561879","2023-03-01T18:23:34"
"10","1_1","32.227766","-110.9560813","2023-03-01T18:23:48"
"10","1_1","32.2277694","-110.954916","2023-03-01T18:23:49"
"10","1_1","32.2277695","-110.9548733","2023-03-01T18:23:51"
"10","1_1","32.2276825","-110.9548673","2023-03-01T18:23:53"
"10","1_1","32.2275741","-110.9548601","2023-03-01T18:23:55"
"10","1_1","32.2274599","-110.9548332","2023-03-01T18:23:57"
"10","1_1","32.2273096","-110.9548226","2023-03-01T18:24:01"
"10","1_1","32.2271343","-110.9548222","2023-03-01T18:24:13"
"10","1_1","32.2264689","-110.9548205","2023-03-01T18:24:21"
"10","1_1","32.2259882","-110.9548193","2023-03-01T18:24:22"
"10","1_1","32.2259338","-110.9548191","2023-03-01T18:24:30"
"10","1_1","32.2255235","-110.9548181","2023-03-01T18:24:40"
"10","1_1","32.2249959","-110.9548167","2023-03-01T18:24:42"
"10","1_1","32.2248703","-110.9548158","2023-03-01T18:24:47"
"10","1_1","32.224562","-110.9548153","2023-03-01T18:24:50"
"10","1_1","32.2244232","-110.954815","2023-03-01T18:24:51"
"10","1_1","32.2243799","-110.954815","2023-03-01T18:24:54"
"10","1_1","32.2242131","-110.9548147","2023-03-01T18:25"
"10","1_1","32.2238646","-110.954814","2023-03-01T18:25:13"
"10","1_1","32.2231861","-110.9548121","2023-03-01T18:25:23"
"10","1_1","32.2226277","-110.9548103","2023-03-01T18:25:24"
"10","1_1","32.2225417","-110.9548105","2023-03-01T18:25:26"
"10","1_1","32.2225416","-110.9549005","2023-03-01T18:25:34"
"10","1_1","32.222541","-110.9553499","2023-03-01T18:25:35"
"10","1_1","32.2225409","-110.9554004","2023-03-01T18:25:37"
"10","1_1","32.2225407","-110.955523","2023-03-01T18:25:47"
"10","1_1","32.22254","-110.9560613","2023-03-01T18:25:52"
"10","1_1","32.2225379","-110.9563568","2023-03-01T18:25:58"
"10","1_1","32.2222249","-110.9563538","2023-03-01T18:26:04"
"10","1_1","32.2218837","-110.9563479","2023-03-01T18:26:04"
"11","1_1","32.2477975","-110.9568585","2023-03-01T18:58:48"
"11","1_1","32.2472875","-110.9568571","2023-03-01T18:58:55"
"11","1_1","32.2467702","-110.9568511","2023-03-01T18:59"
"11","1_1","32.2464066","-110.9568481","2023-03-01T18:59:02"
"11","1_1","32.2462602","-110.9568469","2023-03-01T18:59:03"
"11","1_1","32.2461556","-110.9568456","2023-03-01T18:59:09"
"11","1_1","32.2457348","-110.9568446","2023-03-01T18:59:16"
"11","1_1","32.2452191","-110.9568417","2023-03-01T18:59:23"
"11","1_1","32.2447058","-110.9568361","2023-03-01T18:59:30"
"11","1_1","32.2441903","-110.9568314","2023-03-01T18:59:37"
"11","1_1","32.2436753","-110.9568265","2023-03-01T18:59:39"
"11","1_1","32.2436756","-110.9567253","2023-03-01T19:00:04"
"11","1_1","32.24368","-110.9553365","2023-03-01T19:00:29"
"11","1_1","32.2436873","-110.9539747","2023-03-01T19:00:30"
"11","1_1","32.2436911","-110.9539129","2023-03-01T19:00:30"
"11","1_1","32.2436732","-110.9539137","2023-03-01T19:00:31"
"11","1_1","32.243656","-110.9539078","2023-03-01T19:00:31"
"11","1_1","32.2436407","-110.9538949","2023-03-01T19:00:31"
"11","1_1","32.2436298","-110.9538768","2023-03-01T19:00:32"
"11","1_1","32.2436246","-110.9538554","2023-03-01T19:00:33"
"11","1_1","32.2435374","-110.953855","2023-03-01T19:00:40"
"11","1_1","32.2431541","-110.9538443","2023-03-01T19:00:50"
"11","1_1","32.2426315","-110.9538384","2023-03-01T19:00:59"
"11","1_1","32.2421319","-110.9538327","2023-03-01T19:01:08"
"11","1_1","32.2416148","-110.9538273","2023-03-01T19:01:16"
"11","1_1","32.2412104","-110.9538246","2023-03-01T19:01:18"
"11","1_1","32.2410999","-110.9538242","2023-03-01T19:01:27"
"11","1_1","32.2405986","-110.953818","2023-03-01T19:01:41"
"11","1_1","32.2406028","-110.9530489","2023-03-01T19:01:47"
"11","1_1","32.2406046","-110.9527149","2023-03-01T19:01:49"
"11","1_1","32.2406051","-110.9526182","2023-03-01T19:01:49"
"11","1_1","32.2406053","-110.952587","2023-03-01T19:01:49"
"11","1_1","32.2406053","-110.9525777","2023-03-01T19:01:50"
"11","1_1","32.2406054","-110.9525605","2023-03-01T19:01:50"
"11","1_1","32.2406077","-110.9525193","2023-03-01T19:01:51"
"11","1_1","32.2406124","-110.9524752","2023-03-01T19:01:52"
"11","1_1","32.24055","-110.9524746","2023-03-01T19:01:58"
"11","1_1","32.2401208","-110.952472","2023-03-01T19:02:05"
"11","1_1","32.2396101","-110.9524687","2023-03-01T19:02:12"
"11","1_1","32.2391227","-110.9524655","2023-03-01T19:02:18"
"11","1_1","32.2386279","-110.9524623","2023-03-01T19:02:27"
"11","1_1","32.2379845","-110.9524581","2023-03-01T19:02:35"
"11","1_1","32.23741","-110.952454","2023-03-01T19:02:35"
"11","1_1","32.2374031","-110.952454","2023-03-01T19:02:36"
"11","1_1","32.2373188","-110.9524538","2023-03-01T19:02:37"
"11","1_1","32.2372353","-110.9524517","2023-03-01T19:02:46"
"11","1_1","32.2366397","-110.9524492","2023-03-01T19:02:46"
"11","1_1","32.2366076","-110.9524491","2023-03-01T19:02:52"
"11","1_1","32.2361624","-110.9524459","2023-03-01T19:02:52"
"11","1_1","32.2361603","-110.952446","2023-03-01T19:02:54"
"11","1_1","32.2360618","-110.9524186","2023-03-01T19:02:55"
"11","1_1","32.2359803","-110.9523818","2023-03-01T19:02:56"
"11","1_1","32.2359033","-110.952347","2023-03-01T19:02:58"
"11","1_1","32.2359006","-110.9525379","2023-03-01T19:02:58"
"11","1_1","32.2359003","-110.952556","2023-03-01T19:03:02"
"11","1_1","32.2358957","-110.9528793","2023-03-01T19:03:06"
"11","1_1","32.235896","-110.9532997","2023-03-01T19:03:16"
"11","1_1","32.2359094","-110.9541781","2023-03-01T19:03:25"
"11","1_1","32.2359185","-110.9549698","2023-03-01T19:03:27"
"11","1_1","32.2359204","-110.9551746","2023-03-01T19:03:43"
"11","1_1","32.2359468","-110.9566232","2023-03-01T19:03:43"
"11","1_1","32.2359473","-110.9566506","2023-03-01T19:03:44"
"11","1_1","32.2359495","-110.956782","2023-03-01T19:03:46"
"11","1_1","32.2358631","-110.9567818","2023-03-01T19:03:46"
"11","1_1","32.2358269","-110.9567818","2023-03-01T19:03:51"
"11","1_1","32.2354432","-110.9567821","2023-03-01T19:04"
"11","1_1","32.2348264","-110.95678","2023-03-01T19:04:01"
"11","1_1","32.2347171","-110.9567789","2023-03-01T19:04:04"
"11","1_1","32.2345408","-110.9567776","2023-03-01T19:04:05"
"11","1_1","32.2344057","-110.9567744","2023-03-01T19:04:06"
"11","1_1","32.234335","-110.9567731","2023-03-01T19:04:08"
"11","1_1","32.2342203","-110.956773","2023-03-01T19:04:12"
"11","1_1","32.2339249","-110.956773","2023-03-01T19:04:13"
"11","1_1","32.2338607","-110.956773","2023-03-01T19:04:15"
"11","1_1","32.2337368","-110.9567924","2023-03-01T19:04:16"
"11","1_1","32.2336692","-110.9568011","2023-03-01T19:04:16"
"11","1_1","32.2336075","-110.9568071","2023-03-01T19:04:20"
"11","1_1","32.2333136","-110.9567989","2023-03-01T19:04:23"
"11","1_1","32.2330986","-110.9567863","2023-03-01T19:04:24"
"11","1_1","32.2330775","-110.9567853","2023-03-01T19:04:25"
"11","1_1","32.2330029","-110.9567836","2023-03-01T19:04:25"
"11","1_1","32.2329866","-110.9567834","2023-03-01T19:04:26"
"11","1_1","32.2329021","-110.9567826","2023-03-01T19:04:40"
"11","1_1","32.2318582","-110.9567777","2023-03-01T19:04:41"
"11","1_1","32.2318102","-110.9567746","2023-03-01T19:04:41"
"11","1_1","32.2318069","-110.9567747","2023-03-01T19:04:43"
"11","1_1","32.231695","-110.9567794","2023-03-01T19:04:44"
"11","1_1","32.231589","-110.956778","2023-03-01T19:04:59"
"11","1_1","32.2304673","-110.956766","2023-03-01T19:05:01"
"11","1_1","32.230367","-110.9567649","2023-03-01T19:05:02"
"11","1_1","32.2303675","-110.9568363","2023-03-01T19:05:03"
"11","1_1","32.2303685","-110.9568788","2023-03-01T19:05:03"
"11","1_1","32.2303687","-110.9568876","2023-03-01T19:05:16"
"11","1_1","32.2303744","-110.9576042","2023-03-01T19:05:22"
"11","1_1","32.2303751","-110.9579147","2023-03-01T19:05:24"
"11","1_1","32.2302467","-110.9579146","2023-03-01T19:05:33"
"11","1_1","32.2297288","-110.957912","2023-03-01T19:05:35"
"11","1_1","32.2296137","-110.9579095","2023-03-01T19:05:37"
"11","1_1","32.2295297","-110.9579097","2023-03-01T19:05:39"
"11","1_1","32.2294282","-110.95791","2023-03-01T19:05:44"
"11","1_1","32.2291618","-110.9579106","2023-03-01T19:05:44"
"11","1_1","32.229148","-110.9579104","2023-03-01T19:05:46"
"11","1_1","32.2290525","-110.9579092","2023-03-01T19:05:49"
"11","1_1","32.2288851","-110.9579073","2023-03-01T19:05:50"
"11","1_1","32.2288202","-110.9579082","2023-03-01T19:05:55"
"11","1_1","32.2285547","-110.9579072","2023-03-01T19:05:55"
"11","1_1","32.2285467","-110.9579072","2023-03-01T19:05:58"
"11","1_1","32.2283879","-110.9579064","2023-03-01T19:06:07"
"11","1_1","32.2279045","-110.9579031","2023-03-01T19:06:07"
"11","1_1","32.2278948","-110.9579036","2023-03-01T19:06:09"
"11","1_1","32.2277707","-110.9579038","2023-03-01T19:06:10"
"11","1_1","32.2277693","-110.9578025","2023-03-01T19:06:16"
"11","1_1","32.2277624","-110.9573033","2023-03-01T19:06:17"
"11","1_1","32.2277626","-110.9572367","2023-03-01T19:06:19"
"11","1_1","32.227763","-110.9570901","2023-03-01T19:06:24"
"11","1_1","32.2277643","-110.9566553","2023-03-01T19:06:25"
"11","1_1","32.2277644","-110.9566006","2023-03-01T19:06:27"
"11","1_1","32.2278277","-110.9564786","2023-03-01T19:06:28"
"11","1_1","32.2278905","-110.9564399","2023-03-01T19:06:28"
"11","1_1","32.227907","-110.9564289","2023-03-01T19:06:28"
"11","1_1","32.2279282","-110.9564166","2023-03-01T19:06:29"
"11","1_1","32.228002","-110.9564036","2023-03-01T19:06:30"
"11","1_1","32.2280565","-110.956391","2023-03-01T19:06:30"
"11","1_1","32.2280521","-110.9563882","2023-03-01T19:06:32"
"11","1_1","32.2279282","-110.9563282","2023-03-01T19:06:33"
"11","1_1","32.2278885","-110.9563003","2023-03-01T19:06:33"
"11","1_1","32.2278629","-110.9562825","2023-03-01T19:06:34"
"11","1_1","32.2278208","-110.9562398","2023-03-01T19:06:35"
"11","1_1","32.2277907","-110.9561879","2023-03-01T19:06:36"
"11","1_1","32.227766","-110.9560813","2023-03-01T19:06:50"
"11","1_1","32.2277694","-110.954916","2023-03-01T19:06:51"
"11","1_1","32.2277695","-110.9548733","2023-03-01T19:06:53"
"11","1_1","32.2276825","-110.9548673","2023-03-01T19:06:55"
"11","1_1","32.2275741","-110.9548601","2023-03-01T19:06:57"
"11","1_1","32.2274599","-110.9548332","2023-03-01T19:06:59"
"11","1_1","32.2273096","-110.9548226","2023-03-01T19:07:03"
"11","1_1","32.2271343","-110.9548222","2023-03-01T19:07:15"
"11","1_1","32.2264689","-110.9548205","2023-03-01T19:07:23"
"11","1_1","32.2259882","-110.9548193","2023-03-01T19:07:24"
"11","1_1","32.2259338","-110.9548191","2023-03-01T19:07:32"
"11","1_1","32.2255235","-110.9548181","2023-03-01T19:07:42"
"11","1_1","32.2249959","-110.9548167","2023-03-01T19:07:44"
"11","1_1","32.2248703","-110.9548158","2023-03-01T19:07:49"
"11","1_1","32.224562","-110.9548153","2023-03-01T19:07:52"
"11","1_1","32.2244232","-110.954815","2023-03-01T19:07:53"
"11","1_1","32.2243799","-110.954815","2023-03-01T19:07:56"
"11","1_1","32.2242131","-110.9548147","2023-03-01T19:08:02"
"11","1_1","32.2238646","-110.954814","2023-03-01T19:08:15"
"11","1_1","32.2231861","-110.9548121","2023-03-01T19:08:25"
"11","1_1","32.2226277","-110.9548103","2023-03-01T19:08:26"
"11","1_1","32.2225417","-110.9548105","2023-03-01T19:08:28"
"11","1_1","32.2225416","-110.9549005","2023-03-01T19:08:36"
"11","1_1","32.222541","-110.9553499","2023-03-01T19:08:37"
"11","1_1","32.2225409","-110.9554004","2023-03-01T19:08:39"
"11","1_1","32.2225407","-110.955523","2023-03-01T19:08:49"
"11","1_1","32.22254","-110.9560613","2023-03-01T19:08:54"
"11","1_1","32.2225379","-110.9563568","2023-03-01T19:09"
"11","1_1","32.2222249","-110.9563538","2023-03-01T19:09:06"
"11","1_1","32.2218837","-110.9563479","2023-03-01T19:09:06"
"12","2_2","32.2473151","-110.952519","2023-03-01T18:09:38"
"12","2_2","32.2468598","-110.952516","2023-03-01T18:09:38"
"12","2_2","32.2467927","-110.9525156","2023-03-01T18:09:45"
"12","2_2","32.2462801","-110.9525122","2023-03-01T18:09:52"
"12","2_2","32.2457621","-110.9525088","2023-03-01T18:10"
"12","2_2","32.2452474","-110.9525055","2023-03-01T18:10:06"
"12","2_2","32.2447993","-110.9525024","2023-03-01T18:10:07"
"12","2_2","32.2447312","-110.9525021","2023-03-01T18:10:08"
"12","2_2","32.2447312","-110.952404","2023-03-01T18:10:09"
"12","2_2","32.2447313","-110.9523833","2023-03-01T18:10:29"
"12","2_2","32.2447386","-110.9512915","2023-03-01T18:10:38"
"12","2_2","32.2442263","-110.9512877","2023-03-01T18:10:47"
"12","2_2","32.2437481","-110.9512835","2023-03-01T18:10:47"
"12","2_2","32.243748","-110.9512869","2023-03-01T18:10:47"
"12","2_2","32.2437431","-110.9513017","2023-03-01T18:10:47"
"12","2_2","32.2437345","-110.9513139","2023-03-01T18:10:48"
"12","2_2","32.2437231","-110.9513222","2023-03-01T18:10:48"
"12","2_2","32.24371","-110.9513256","2023-03-01T18:10:48"
"12","2_2","32.2437071","-110.9513253","2023-03-01T18:10:48"
"12","2_2","32.2436967","-110.951324","2023-03-01T18:10:48"
"12","2_2","32.2436845","-110.9513173","2023-03-01T18:10:49"
"12","2_2","32.2436745","-110.9513061","2023-03-01T18:10:49"
"12","2_2","32.2436683","-110.9512916","2023-03-01T18:10:49"
"12","2_2","32.2436678","-110.9512873","2023-03-01T18:10:58"
"12","2_2","32.2431786","-110.9512799","2023-03-01T18:11:07"
"12","2_2","32.2426613","-110.9512761","2023-03-01T18:11:16"
"12","2_2","32.2421636","-110.9512724","2023-03-01T18:11:26"
"12","2_2","32.2416445","-110.9512686","2023-03-01T18:11:35"
"12","2_2","32.2411265","-110.9512647","2023-03-01T18:11:44"
"12","2_2","32.2406271","-110.951261","2023-03-01T18:11:53"
"12","2_2","32.2401282","-110.9512573","2023-03-01T18:12:03"
"12","2_2","32.239616","-110.9512535","2023-03-01T18:12:12"
"12","2_2","32.2391312","-110.9512499","2023-03-01T18:12:21"
"12","2_2","32.2386307","-110.9512462","2023-03-01T18:12:21"
"12","2_2","32.2386306","-110.9512821","2023-03-01T18:12:40"
"12","2_2","32.2386282","-110.9523329","2023-03-01T18:12:41"
"12","2_2","32.2386281","-110.9523645","2023-03-01T18:12:43"
"12","2_2","32.2386279","-110.9524623","2023-03-01T18:12:52"
"12","2_2","32.2379845","-110.9524581","2023-03-01T18:12:59"
"12","2_2","32.23741","-110.952454","2023-03-01T18:13"
"12","2_2","32.2374031","-110.952454","2023-03-01T18:13:01"
"12","2_2","32.2373188","-110.9524538","2023-03-01T18:13:02"
"12","2_2","32.2372353","-110.9524517","2023-03-01T18:13:10"
"12","2_2","32.2366397","-110.9524492","2023-03-01T18:13:10"
"12","2_2","32.2366076","-110.9524491","2023-03-01T18:13:16"
"12","2_2","32.2361624","-110.9524459","2023-03-01T18:13:17"
"12","2_2","32.2361603","-110.952446","2023-03-01T18:13:18"
"12","2_2","32.2360618","-110.9524186","2023-03-01T18:13:19"
"12","2_2","32.2359803","-110.9523818","2023-03-01T18:13:20"
"12","2_2","32.2359033","-110.952347","2023-03-01T18:13:22"
"12","2_2","32.2358098","-110.9523454","2023-03-01T18:13:22"
"12","2_2","32.2357859","-110.9523447","2023-03-01T18:13:27"
"12","2_2","32.2354355","-110.9523415","2023-03-01T18:13:34"
"12","2_2","32.2349176","-110.9523347","2023-03-01T18:13:35"
"12","2_2","32.2348573","-110.9523348","2023-03-01T18:13:36"
"12","2_2","32.2347448","-110.9523329","2023-03-01T18:13:41"
"12","2_2","32.2343516","-110.9523331","2023-03-01T18:13:42"
"12","2_2","32.2342797","-110.952333","2023-03-01T18:13:43"
"12","2_2","32.2342131","-110.952333","2023-03-01T18:13:46"
"12","2_2","32.2340204","-110.952333","2023-03-01T18:13:48"
"12","2_2","32.2338696","-110.952333","2023-03-01T18:13:49"
"12","2_2","32.2338315","-110.9523334","2023-03-01T18:13:49"
"12","2_2","32.2338122","-110.952333","2023-03-01T18:13:49"
"12","2_2","32.2337883","-110.9523086","2023-03-01T18:13:50"
"12","2_2","32.2337207","-110.9523071","2023-03-01T18:13:50"
"12","2_2","32.2337162","-110.952307","2023-03-01T18:13:52"
"12","2_2","32.2335679","-110.9523044","2023-03-01T18:13:54"
"12","2_2","32.2334326","-110.9523029","2023-03-01T18:13:56"
"12","2_2","32.2333051","-110.9523031","2023-03-01T18:13:57"
"12","2_2","32.233248","-110.9523036","2023-03-01T18:13:57"
"12","2_2","32.2332368","-110.9522823","2023-03-01T18:13:58"
"12","2_2","32.2332206","-110.9522659","2023-03-01T18:13:58"
"12","2_2","32.233201","-110.9522559","2023-03-01T18:13:58"
"12","2_2","32.2331798","-110.9522534","2023-03-01T18:13:59"
"12","2_2","32.2331562","-110.9522597","2023-03-01T18:13:59"
"12","2_2","32.2331359","-110.9522751","2023-03-01T18:14"
"12","2_2","32.2331211","-110.9522978","2023-03-01T18:14"
"12","2_2","32.2331137","-110.952325","2023-03-01T18:14"
"12","2_2","32.2331138","-110.9523292","2023-03-01T18:14:01"
"12","2_2","32.2331145","-110.9523535","2023-03-01T18:14:01"
"12","2_2","32.2331235","-110.9523801","2023-03-01T18:14:02"
"12","2_2","32.2331395","-110.9524015","2023-03-01T18:14:02"
"12","2_2","32.2331607","-110.9524152","2023-03-01T18:14:03"
"12","2_2","32.2331846","-110.9524196","2023-03-01T18:14:04"
"12","2_2","32.2331814","-110.9524895","2023-03-01T18:14:11"
"12","2_2","32.2331778","-110.9528786","2023-03-01T18:14:13"
"12","2_2","32.2331766","-110.9529822","2023-03-01T18:14:16"
"12","2_2","32.2331771","-110.9531405","2023-03-01T18:14:20"
"12","2_2","32.2331777","-110.953351","2023-03-01T18:14:28"
"12","2_2","32.2331664","-110.9538284","2023-03-01T18:14:30"
"12","2_2","32.2331462","-110.9539227","2023-03-01T18:14:39"
"12","2_2","32.2330302","-110.9544091","2023-03-01T18:14:46"
"12","2_2","32.2329429","-110.9547498","2023-03-01T18:14:50"
"12","2_2","32.2329293","-110.9550032","2023-03-01T18:14:52"
"12","2_2","32.2329372","-110.9551078","2023-03-01T18:14:58"
"12","2_2","32.2330064","-110.9554378","2023-03-01T18:15:03"
"12","2_2","32.2330336","-110.9556926","2023-03-01T18:15:07"
"12","2_2","32.2330212","-110.9559407","2023-03-01T18:15:12"
"12","2_2","32.2329815","-110.956174","2023-03-01T18:15:15"
"12","2_2","32.232992","-110.9563477","2023-03-01T18:15:19"
"12","2_2","32.2330076","-110.9565536","2023-03-01T18:15:20"
"12","2_2","32.2330056","-110.956644","2023-03-01T18:15:21"
"12","2_2","32.2330051","-110.9566847","2023-03-01T18:15:22"
"12","2_2","32.2330037","-110.9567344","2023-03-01T18:15:23"
"12","2_2","32.2330031","-110.9567647","2023-03-01T18:15:23"
"12","2_2","32.2330029","-110.9567836","2023-03-01T18:15:23"
"12","2_2","32.2329866","-110.9567834","2023-03-01T18:15:24"
"12","2_2","32.2329021","-110.9567826","2023-03-01T18:15:39"
"12","2_2","32.2318582","-110.9567777","2023-03-01T18:15:39"
"12","2_2","32.2318102","-110.9567746","2023-03-01T18:15:39"
"12","2_2","32.2318069","-110.9567747","2023-03-01T18:15:41"
"12","2_2","32.231695","-110.9567794","2023-03-01T18:15:42"
"12","2_2","32.231589","-110.956778","2023-03-01T18:15:58"
"12","2_2","32.2304673","-110.956766","2023-03-01T18:15:59"
"12","2_2","32.230367","-110.9567649","2023-03-01T18:16"
"12","2_2","32.2302999","-110.9567641","2023-03-01T18:16:02"
"12","2_2","32.2301205","-110.9567619","2023-03-01T18:16:03"
"12","2_2","32.2300467","-110.9567618","2023-03-01T18:16:04"
"12","2_2","32.2299818","-110.9567618","2023-03-01T18:16:08"
"12","2_2","32.2297261","-110.9567652","2023-03-01T18:16:19"
"12","2_2","32.2288888","-110.9567635","2023-03-01T18:16:21"
"12","2_2","32.2287346","-110.9567692","2023-03-01T18:16:23"
"12","2_2","32.2286087","-110.9567356","2023-03-01T18:16:25"
"12","2_2","32.2284669","-110.9566331","2023-03-01T18:16:27"
"12","2_2","32.2283713","-110.9565552","2023-03-01T18:16:30"
"12","2_2","32.2281947","-110.9564196","2023-03-01T18:16:31"
"12","2_2","32.2281608","-110.9564055","2023-03-01T18:16:31"
"12","2_2","32.2281248","-110.9563988","2023-03-01T18:16:32"
"12","2_2","32.2280565","-110.956391","2023-03-01T18:16:32"
"12","2_2","32.2280521","-110.9563882","2023-03-01T18:16:34"
"12","2_2","32.2279282","-110.9563282","2023-03-01T18:16:35"
"12","2_2","32.2278885","-110.9563003","2023-03-01T18:16:35"
"12","2_2","32.2278629","-110.9562825","2023-03-01T18:16:36"
"12","2_2","32.2278208","-110.9562398","2023-03-01T18:16:37"
"12","2_2","32.2277907","-110.9561879","2023-03-01T18:16:38"
"12","2_2","32.227766","-110.9560813","2023-03-01T18:16:52"
"12","2_2","32.2277694","-110.954916","2023-03-01T18:16:53"
"12","2_2","32.2277695","-110.9548733","2023-03-01T18:16:54"
"12","2_2","32.2276825","-110.9548673","2023-03-01T18:16:56"
"12","2_2","32.2275741","-110.9548601","2023-03-01T18:16:59"
"12","2_2","32.2274599","-110.9548332","2023-03-01T18:17:01"
"12","2_2","32.2273096","-110.9548226","2023-03-01T18:17:05"
"12","2_2","32.2271343","-110.9548222","2023-03-01T18:17:17"
"12","2_2","32.2264689","-110.9548205","2023-03-01T18:17:25"
"12","2_2","32.2259882","-110.9548193","2023-03-01T18:17:26"
"12","2_2","32.2259338","-110.9548191","2023-03-01T18:17:34"
"12","2_2","32.2255235","-110.9548181","2023-03-01T18:17:43"
"12","2_2","32.2249959","-110.9548167","2023-03-01T18:17:48"
"12","2_2","32.2249962","-110.9545805","2023-03-01T18:17:51"
"12","2_2","32.2249973","-110.9543813","2023-03-01T18:18:12"
"12","2_2","32.224998","-110.9532508","2023-03-01T18:18:23"
"12","2_2","32.2244199","-110.9532474","2023-03-01T18:18:23"
"12","2_2","32.2243891","-110.9532501","2023-03-01T18:18:25"
"12","2_2","32.2242605","-110.9532504","2023-03-01T18:18:33"
"12","2_2","32.2238346","-110.9532479","2023-03-01T18:18:49"
"12","2_2","32.2238521","-110.9523611","2023-03-01T18:19:05"
"12","2_2","32.2238451","-110.9515268","2023-03-01T18:19:14"
"12","2_2","32.2238407","-110.9510039","2023-03-01T18:19:21"
"12","2_2","32.2233506","-110.9510045","2023-03-01T18:19:21"
"12","2_2","32.2232964","-110.9510046","2023-03-01T18:19:26"
"12","2_2","32.2229919","-110.9510049","2023-03-01T18:19:26"
"13","2_2","32.2473151","-110.952519","2023-03-01T18:37:12"
"13","2_2","32.2468598","-110.952516","2023-03-01T18:37:12"
"13","2_2","32.2467927","-110.9525156","2023-03-01T18:37:19"
"13","2_2","32.2462801","-110.9525122","2023-03-01T18:37:26"
"13","2_2","32.2457621","-110.9525088","2023-03-01T18:37:34"
"13","2_2","32.2452474","-110.9525055","2023-03-01T18:37:40"
"13","2_2","32.2447993","-110.9525024","2023-03-01T18:37:41"
"13","2_2","32.2447312","-110.9525021","2023-03-01T18:37:42"
"13","2_2","32.2447312","-110.952404","2023-03-01T18:37:43"
"13","2_2","32.2447313","-110.9523833","2023-03-01T18:38:03"
"13","2_2","32.2447386","-110.9512915","2023-03-01T18:38:12"
"13","2_2","32.2442263","-110.9512877","2023-03-01T18:38:21"
"13","2_2","32.2437481","-110.9512835","2023-03-01T18:38:21"
"13","2_2","32.243748","-110.9512869","2023-03-01T18:38:21"
"13","2_2","32.2437431","-110.9513017","2023-03-01T18:38:21"
"13","2_2","32.2437345","-110.9513139","2023-03-01T18:38:22"
"13","2_2","32.2437231","-110.9513222","2023-03-01T18:38:22"
"13","2_2","32.24371","-110.9513256","2023-03-01T18:38:22"
"13","2_2","32.2437071","-110.9513253","2023-03-01T18:38:22"
"13","2_2","32.2436967","-110.951324","2023-03-01T18:38:22"
"13","2_2","32.2436845","-110.9513173","2023-03-01T18:38:23"
"13","2_2","32.2436745","-110.9513061","2023-03-01T18:38:23"
"13","2_2","32.2436683","-110.9512916","2023-03-01T18:38:23"
"13","2_2","32.2436678","-110.9512873","2023-03-01T18:38:32"
"13","2_2","32.2431786","-110.9512799","2023-03-01T18:38:41"
"13","2_2","32.2426613","-110.9512761","2023-03-01T18:38:50"
"13","2_2","32.2421636","-110.9512724","2023-03-01T18:39"
"13","2_2","32.2416445","-110.9512686","2023-03-01T18:39:09"
"13","2_2","32.2411265","-110.9512647","2023-03-01T18:39:18"
"13","2_2","32.2406271","-110.951261","2023-03-01T18:39:27"
"13","2_2","32.2401282","-110.9512573","2023-03-01T18:39:37"
"13","2_2","32.239616","-110.9512535","2023-03-01T18:39:46"
"13","2_2","32.2391312","-110.9512499","2023-03-01T18:39:55"
"13","2_2","32.2386307","-110.9512462","2023-03-01T18:39:55"
"13","2_2","32.2386306","-110.9512821","2023-03-01T18:40:14"
"13","2_2","32.2386282","-110.9523329","2023-03-01T18:40:15"
"13","2_2","32.2386281","-110.9523645","2023-03-01T18:40:17"
"13","2_2","32.2386279","-110.9524623","2023-03-01T18:40:26"
"13","2_2","32.2379845","-110.9524581","2023-03-01T18:40:33"
"13","2_2","32.23741","-110.952454","2023-03-01T18:40:34"
"13","2_2","32.2374031","-110.952454","2023-03-01T18:40:35"
"13","2_2","32.2373188","-110.9524538","2023-03-01T18:40:36"
"13","2_2","32.2372353","-110.9524517","2023-03-01T18:40:44"
"13","2_2","32.2366397","-110.9524492","2023-03-01T18:40:44"
"13","2_2","32.2366076","-110.9524491","2023-03-01T18:40:50"
"13","2_2","32.2361624","-110.9524459","2023-03-01T18:40:51"
"13","2_2","32.2361603","-110.952446","2023-03-01T18:40:52"
"13","2_2","32.2360618","-110.9524186","2023-03-01T18:40:53"
"13","2_2","32.2359803","-110.9523818","2023-03-01T18:40:54"
"13","2_2","32.2359033","-110.952347","2023-03-01T18:40:56"
"13","2_2","32.2358098","-110.9523454","2023-03-01T18:40:56"
"13","2_2","32.2357859","-110.9523447","2023-03-01T18:41:01"
"13","2_2","32.2354355","-110.9523415","2023-03-01T18:41:08"
"13","2_2","32.2349176","-110.9523347","2023-03-01T18:41:09"
"13","2_2","32.2348573","-110.9523348","2023-03-01T18:41:10"
"13","2_2","32.2347448","-110.9523329","2023-03-01T18:41:15"
"13","2_2","32.2343516","-110.9523331","2023-03-01T18:41:16"
"13","2_2","32.2342797","-110.952333","2023-03-01T18:41:17"
"13","2_2","32.2342131","-110.952333","2023-03-01T18:41:20"
"13","2_2","32.2340204","-110.952333","2023-03-01T18:41:22"
"13","2_2","32.2338696","-110.952333","2023-03-01T18:41:23"
"13","2_2","32.2338315","-110.9523334","2023-03-01T18:41:23"
"13","2_2","32.2338122","-110.952333","2023-03-01T18:41:23"
"13","2_2","32.2337883","-110.9523086","2023-03-01T18:41:24"
"13","2_2","32.2337207","-110.9523071","2023-03-01T18:41:24"
"13","2_2","32.2337162","-110.952307","2023-03-01T18:41:26"
"13","2_2","32.2335679","-110.9523044","2023-03-01T18:41:28"
"13","2_2","32.2334326","-110.9523029","2023-03-01T18:41:30"
"13","2_2","32.2333051","-110.9523031","2023-03-01T18:41:31"
"13","2_2","32.233248","-110.9523036","2023-03-01T18:41:31"
"13","2_2","32.2332368","-110.9522823","2023-03-01T18:41:32"
"13","2_2","32.2332206","-110.9522659","2023-03-01T18:41:32"
"13","2_2","32.233201","-110.9522559","2023-03-01T18:41:32"
"13","2_2","32.2331798","-110.9522534","2023-03-01T18:41:33"
"13","2_2","32.2331562","-110.9522597","2023-03-01T18:41:33"
"13","2_2","32.2331359","-110.9522751","2023-03-01T18:41:34"
"13","2_2","32.2331211","-110.9522978","2023-03-01T18:41:34"
"13","2_2","32.2331137","-110.952325","2023-03-01T18:41:34"
"13","2_2","32.2331138","-110.9523292","2023-03-01T18:41:35"
"13","2_2","32.2331145","-110.9523535","2023-03-01T18:41:35"
"13","2_2","32.2331235","-110.9523801","2023-03-01T18:41:36"
"13","2_2","32.2331395","-110.9524015","2023-03-01T18:41:36"
"13","2_2","32.2331607","-110.9524152","2023-03-01T18:41:37"
"13","2_2","32.2331846","-110.9524196","2023-03-01T18:41:38"
"13","2_2","32.2331814","-110.9524895","2023-03-01T18:41:45"
"13","2_2","32.2331778","-110.9528786","2023-03-01T18:41:47"
"13","2_2","32.2331766","-110.9529822","2023-03-01T18:41:50"
"13","2_2","32.2331771","-110.9531405","2023-03-01T18:41:54"
"13","2_2","32.2331777","-110.953351","2023-03-01T18:42:02"
"13","2_2","32.2331664","-110.9538284","2023-03-01T18:42:04"
"13","2_2","32.2331462","-110.9539227","2023-03-01T18:42:13"
"13","2_2","32.2330302","-110.9544091","2023-03-01T18:42:20"
"13","2_2","32.2329429","-110.9547498","2023-03-01T18:42:24"
"13","2_2","32.2329293","-110.9550032","2023-03-01T18:42:26"
"13","2_2","32.2329372","-110.9551078","2023-03-01T18:42:32"
"13","2_2","32.2330064","-110.9554378","2023-03-01T18:42:37"
"13","2_2","32.2330336","-110.9556926","2023-03-01T18:42:41"
"13","2_2","32.2330212","-110.9559407","2023-03-01T18:42:46"
"13","2_2","32.2329815","-110.956174","2023-03-01T18:42:49"
"13","2_2","32.232992","-110.9563477","2023-03-01T18:42:53"
"13","2_2","32.2330076","-110.9565536","2023-03-01T18:42:54"
"13","2_2","32.2330056","-110.956644","2023-03-01T18:42:55"
"13","2_2","32.2330051","-110.9566847","2023-03-01T18:42:56"
"13","2_2","32.2330037","-110.9567344","2023-03-01T18:42:57"
"13","2_2","32.2330031","-110.9567647","2023-03-01T18:42:57"
"13","2_2","32.2330029","-110.9567836","2023-03-01T18:42:57"
"13","2_2","32.2329866","-110.9567834","2023-03-01T18:42:58"
"13","2_2","32.2329021","-110.9567826","2023-03-01T18:43:13"
"13","2_2","32.2318582","-110.9567777","2023-03-01T18:43:13"
"13","2_2","32.2318102","-110.9567746","2023-03-01T18:43:13"
"13","2_2","32.2318069","-110.9567747","2023-03-01T18:43:15"
"13","2_2","32.231695","-110.9567794","2023-03-01T18:43:16"
"13","2_2","32.231589","-110.956778","2023-03-01T18:43:32"
"13","2_2","32.2304673","-110.956766","2023-03-01T18:43:33"
"13","2_2","32.230367","-110.9567649","2023-03-01T18:43:34"
"13","2_2","32.2302999","-110.9567641","2023-03-01T18:43:36"
"13","2_2","32.2301205","-110.9567619","2023-03-01T18:43:37"
"13","2_2","32.2300467","-110.9567618","2023-03-01T18:43:38"
"13","2_2","32.2299818","-110.9567618","2023-03-01T18:43:42"
"13","2_2","32.2297261","-110.9567652","2023-03-01T18:43:53"
"13","2_2","32.2288888","-110.9567635","2023-03-01T18:43:55"
"13","2_2","32.2287346","-110.9567692","2023-03-01T18:43:57"
"13","2_2","32.2286087","-110.9567356","2023-03-01T18:43:59"
"13","2_2","32.2284669","-110.9566331","2023-03-01T18:44:01"
"13","2_2","32.2283713","-110.9565552","2023-03-01T18:44:04"
"13","2_2","32.2281947","-110.9564196","2023-03-01T18:44:05"
"13","2_2","32.2281608","-110.9564055","2023-03-01T18:44:05"
"13","2_2","32.2281248","-110.9563988","2023-03-01T18:44:06"
"13","2_2","32.2280565","-110.956391","2023-03-01T18:44:06"
"13","2_2","32.2280521","-110.9563882","2023-03-01T18:44:08"
"13","2_2","32.2279282","-110.9563282","2023-03-01T18:44:09"
"13","2_2","32.2278885","-110.9563003","2023-03-01T18:44:09"
"13","2_2","32.2278629","-110.9562825","2023-03-01T18:44:10"
"13","2_2","32.2278208","-110.9562398","2023-03-01T18:44:11"
"13","2_2","32.2277907","-110.9561879","2023-03-01T18:44:12"
"13","2_2","32.227766","-110.9560813","2023-03-01T18:44:26"
"13","2_2","32.2277694","-110.954916","2023-03-01T18:44:27"
"13","2_2","32.2277695","-110.9548733","2023-03-01T18:44:28"
"13","2_2","32.2276825","-110.9548673","2023-03-01T18:44:30"
"13","2_2","32.2275741","-110.9548601","2023-03-01T18:44:33"
"13","2_2","32.2274599","-110.9548332","2023-03-01T18:44:35"
"13","2_2","32.2273096","-110.9548226","2023-03-01T18:44:39"
"13","2_2","32.2271343","-110.9548222","2023-03-01T18:44:51"
"13","2_2","32.2264689","-110.9548205","2023-03-01T18:44:59"
"13","2_2","32.2259882","-110.9548193","2023-03-01T18:45"
"13","2_2","32.2259338","-110.9548191","2023-03-01T18:45:08"
"13","2_2","32.2255235","-110.9548181","2023-03-01T18:45:17"
"13","2_2","32.2249959","-110.9548167","2023-03-01T18:45:22"
"13","2_2","32.2249962","-110.9545805","2023-03-01T18:45:25"
"13","2_2","32.2249973","-110.9543813","2023-03-01T18:45:46"
"13","2_2","32.224998","-110.9532508","2023-03-01T18:45:57"
"13","2_2","32.2244199","-110.9532474","2023-03-01T18:45:57"
"13","2_2","32.2243891","-110.9532501","2023-03-01T18:45:59"
"13","2_2","32.2242605","-110.9532504","2023-03-01T18:46:07"
"13","2_2","32.2238346","-110.9532479","2023-03-01T18:46:23"
"13","2_2","32.2238521","-110.9523611","2023-03-01T18:46:39"
"13","2_2","32.2238451","-110.9515268","2023-03-01T18:46:48"
"13","2_2","32.2238407","-110.9510039","2023-03-01T18:46:55"
"13","2_2","32.2233506","-110.9510045","2023-03-01T18:46:55"
"13","2_2","32.2232964","-110.9510046","2023-03-01T18:47"
"13","2_2","32.2229919","-110.9510049","2023-03-01T18:47"
"14","2_2","32.2473151","-110.952519","2023-03-01T18:42:43"
"14","2_2","32.2468598","-110.952516","2023-03-01T18:42:43"
"14","2_2","32.2467927","-110.9525156","2023-03-01T18:42:50"
"14","2_2","32.2462801","-110.9525122","2023-03-01T18:42:57"
"14","2_2","32.2457621","-110.9525088","2023-03-01T18:43:05"
"14","2_2","32.2452474","-110.9525055","2023-03-01T18:43:11"
"14","2_2","32.2447993","-110.9525024","2023-03-01T18:43:12"
"14","2_2","32.2447312","-110.9525021","2023-03-01T18:43:13"
"14","2_2","32.2447312","-110.952404","2023-03-01T18:43:14"
"14","2_2","32.2447313","-110.9523833","2023-03-01T18:43:34"
"14","2_2","32.2447386","-110.9512915","2023-03-01T18:43:43"
"14","2_2","32.2442263","-110.9512877","2023-03-01T18:43:52"
"14","2_2","32.2437481","-110.9512835","2023-03-01T18:43:52"
"14","2_2","32.243748","-110.9512869","2023-03-01T18:43:52"
"14","2_2","32.2437431","-110.9513017","2023-03-01T18:43:52"
"14","2_2","32.2437345","-110.9513139","2023-03-01T18:43:53"
"14","2_2","32.2437231","-110.9513222","2023-03-01T18:43:53"
"14","2_2","32.24371","-110.9513256","2023-03-01T18:43:53"
"14","2_2","32.2437071","-110.9513253","2023-03-01T18:43:53"
"14","2_2","32.2436967","-110.951324","2023-03-01T18:43:53"
"14","2_2","32.2436845","-110.9513173","2023-03-01T18:43:54"
"14","2_2","32.2436745","-110.9513061","2023-03-01T18:43:54"
"14","2_2","32.2436683","-110.9512916","2023-03-01T18:43:54"
"14","2_2","32.2436678","-110.9512873","2023-03-01T18:44:03"
"14","2_2","32.2431786","-110.9512799","2023-03-01T18:44:12"
"14","2_2","32.2426613","-110.9512761","2023-03-01T18:44:21"
"14","2_2","32.2421636","-110.9512724","2023-03-01T18:44:31"
"14","2_2","32.2416445","-110.9512686","2023-03-01T18:44:40"
"14","2_2","32.2411265","-110.9512647","2023-03-01T18:44:49"
"14","2_2","32.2406271","-110.951261","2023-03-01T18:44:58"
"14","2_2","32.2401282","-110.9512573","2023-03-01T18:45:08"
"14","2_2","32.239616","-110.9512535","2023-03-01T18:45:17"
"14","2_2","32.2391312","-110.9512499","2023-03-01T18:45:26"
"14","2_2","32.2386307","-110.9512462","2023-03-01T18:45:26"
"14","2_2","32.2386306","-110.9512821","2023-03-01T18:45:45"
"14","2_2","32.2386282","-110.9523329","2023-03-01T18:45:46"
"14","2_2","32.2386281","-110.9523645","2023-03-01T18:45:48"
"14","2_2","32.2386279","-110.9524623","2023-03-01T18:45:57"
"14","2_2","32.2379845","-110.9524581","2023-03-01T18:46:04"
"14","2_2","32.23741","-110.952454","2023-03-01T18:46:05"
"14","2_2","32.2374031","-110.952454","2023-03-01T18:46:06"
"14","2_2","32.2373188","-110.9524538","2023-03-01T18:46:07"
"14","2_2","32.2372353","-110.9524517","2023-03-01T18:46:15"
"14","2_2","32.2366397","-110.9524492","2023-03-01T18:46:15"
"14","2_2","32.2366076","-110.9524491","2023-03-01T18:46:21"
"14","2_2","32.2361624","-110.9524459","2023-03-01T18:46:22"
"14","2_2","32.2361603","-110.952446","2023-03-01T18:46:23"
"14","2_2","32.2360618","-110.9524186","2023-03-01T18:46:24"
"14","2_2","32.2359803","-110.9523818","2023-03-01T18:46:25"
"14","2_2","32.2359033","-110.952347","2023-03-01T18:46:27"
"14","2_2","32.2358098","-110.9523454","2023-03-01T18:46:27"
"14","2_2","32.2357859","-110.9523447","2023-03-01T18:46:32"
"14","2_2","32.2354355","-110.9523415","2023-03-01T18:46:39"
"14","2_2","32.2349176","-110.9523347","2023-03-01T18:46:40"
"14","2_2","32.2348573","-110.9523348","2023-03-01T18:46:41"
"14","2_2","32.2347448","-110.9523329","2023-03-01T18:46:46"
"14","2_2","32.2343516","-110.9523331","2023-03-01T18:46:47"
"14","2_2","32.2342797","-110.952333","2023-03-01T18:46:48"
"14","2_2","32.2342131","-110.952333","2023-03-01T18:46:51"
"14","2_2","32.2340204","-110.952333","2023-03-01T18:46:53"
"14","2_2","32.2338696","-110.952333","2023-03-01T18:46:54"
"14","2_2","32.2338315","-110.9523334","2023-03-01T18:46:54"
"14","2_2","32.2338122","-110.952333","2023-03-01T18:46:54"
"14","2_2","32.2337883","-110.9523086","2023-03-01T18:46:55"
"14","2_2","32.2337207","-110.9523071","2023-03-01T18:46:55"
"14","2_2","32.2337162","-110.952307","2023-03-01T18:46:57"
"14","2_2","32.2335679","-110.9523044","2023-03-01T18:46:59"
"14","2_2","32.2334326","-110.9523029","2023-03-01T18:47:01"
"14","2_2","32.2333051","-110.9523031","2023-03-01T18:47:02"
"14","2_2","32.233248","-110.9523036","2023-03-01T18:47:02"
"14","2_2","32.2332368","-110.9522823","2023-03-01T18:47:03"
"14","2_2","32.2332206","-110.9522659","2023-03-01T18:47:03"
"14","2_2","32.233201","-110.9522559","2023-03-01T18:47:03"
"14","2_2","32.2331798","-110.9522534","2023-03-01T18:47:04"
"14","2_2","32.2331562","-110.9522597","2023-03-01T18:47:04"
"14","2_2","32.2331359","-110.9522751","2023-03-01T18:47:05"
"14","2_2","32.2331211","-110.9522978","2023-03-01T18:47:05"
"14","2_2","32.2331137","-110.952325","2023-03-01T18:47:05"
"14","2_2","32.2331138","-110.9523292","2023-03-01T18:47:06"
"14","2_2","32.2331145","-110.9523535","2023-03-01T18:47:06"
"14","2_2","32.2331235","-110.9523801","2023-03-01T18:47:07"
"14","2_2","32.2331395","-110.9524015","2023-03-01T18:47:07"
"14","2_2","32.2331607","-110.9524152","2023-03-01T18:47:08"
"14","2_2","32.2331846","-110.9524196","2023-03-01T18:47:09"
"14","2_2","32.2331814","-110.9524895","2023-03-01T18:47:16"
"14","2_2","32.2331778","-110.9528786","2023-03-01T18:47:18"
"14","2_2","32.2331766","-110.9529822","2023-03-01T18:47:21"
"14","2_2","32.2331771","-110.9531405","2023-03-01T18:47:25"
"14","2_2","32.2331777","-110.953351","2023-03-01T18:47:33"
"14","2_2","32.2331664","-110.9538284","2023-03-01T18:47:35"
"14","2_2","32.2331462","-110.9539227","2023-03-01T18:47:44"
"14","2_2","32.2330302","-110.9544091","2023-03-01T18:47:51"
"14","2_2","32.2329429","-110.9547498","2023-03-01T18:47:55"
"14","2_2","32.2329293","-110.9550032","2023-03-01T18:47:57"
"14","2_2","32.2329372","-110.9551078","2023-03-01T18:48:03"
"14","2_2","32.2330064","-110.9554378","2023-03-01T18:48:08"
"14","2_2","32.2330336","-110.9556926","2023-03-01T18:48:12"
"14","2_2","32.2330212","-110.9559407","2023-03-01T18:48:17"
"14","2_2","32.2329815","-110.956174","2023-03-01T18:48:20"
"14","2_2","32.232992","-110.9563477","2023-03-01T18:48:24"
"14","2_2","32.2330076","-110.9565536","2023-03-01T18:48:25"
"14","2_2","32.2330056","-110.956644","2023-03-01T18:48:26"
"14","2_2","32.2330051","-110.9566847","2023-03-01T18:48:27"
"14","2_2","32.2330037","-110.9567344","2023-03-01T18:48:28"
"14","2_2","32.2330031","-110.9567647","2023-03-01T18:48:28"
"14","2_2","32.2330029","-110.9567836","2023-03-01T18:48:28"
"14","2_2","32.2329866","-110.9567834","2023-03-01T18:48:29"
"14","2_2","32.2329021","-110.9567826","2023-03-01T18:48:44"
"14","2_2","32.2318582","-110.9567777","2023-03-01T18:48:44"
"14","2_2","32.2318102","-110.9567746","2023-03-01T18:48:44"
"14","2_2","32.2318069","-110.9567747","2023-03-01T18:48:46"
"14","2_2","32.231695","-110.9567794","2023-03-01T18:48:47"
"14","2_2","32.231589","-110.956778","2023-03-01T18:49:03"
"14","2_2","32.2304673","-110.956766","2023-03-01T18:49:04"
"14","2_2","32.230367","-110.9567649","2023-03-01T18:49:05"
"14","2_2","32.2302999","-110.9567641","2023-03-01T18:49:07"
"14","2_2","32.2301205","-110.9567619","2023-03-01T18:49:08"
"14","2_2","32.2300467","-110.9567618","2023-03-01T18:49:09"
"14","2_2","32.2299818","-110.9567618","2023-03-01T18:49:13"
"14","2_2","32.2297261","-110.9567652","2023-03-01T18:49:24"
"14","2_2","32.2288888","-110.9567635","2023-03-01T18:49:26"
"14","2_2","32.2287346","-110.9567692","2023-03-01T18:49:28"
"14","2_2","32.2286087","-110.9567356","2023-03-01T18:49:30"
"14","2_2","32.2284669","-110.9566331","2023-03-01T18:49:32"
"14","2_2","32.2283713","-110.9565552","2023-03-01T18:49:35"
"14","2_2","32.2281947","-110.9564196","2023-03-01T18:49:36"
"14","2_2","32.2281608","-110.9564055","2023-03-01T18:49:36"
"14","2_2","32.2281248","-110.9563988","2023-03-01T18:49:37"
"14","2_2","32.2280565","-110.956391","2023-03-01T18:49:37"
"14","2_2","32.2280521","-110.9563882","2023-03-01T18:49:39"
"14","2_2","32.2279282","-110.9563282","2023-03-01T18:49:40"
"14","2_2","32.2278885","-110.9563003","2023-03-01T18:49:40"
"14","2_2","32.2278629","-110.9562825","2023-03-01T18:49:41"
"14","2_2","32.2278208","-110.9562398","2023-03-01T18:49:42"
"14","2_2","32.2277907","-110.9561879","2023-03-01T18:49:43"
"14","2_2","32.227766","-110.9560813","2023-03-01T18:49:57"
"14","2_2","32.2277694","-110.954916","2023-03-01T18:49:58"
"14","2_2","32.2277695","-110.9548733","2023-03-01T18:49:59"
"14","2_2","32.2276825","-110.9548673","2023-03-01T18:50:01"
"14","2_2","32.2275741","-110.9548601","2023-03-01T18:50:04"
"14","2_2","32.2274599","-110.9548332","2023-03-01T18:50:06"
"14","2_2","32.2273096","-110.9548226","2023-03-01T18:50:10"
"14","2_2","32.2271343","-110.9548222","2023-03-01T18:50:22"
"14","2_2","32.2264689","-110.9548205","2023-03-01T18:50:30"
"14","2_2","32.2259882","-110.9548193","2023-03-01T18:50:31"
"14","2_2","32.2259338","-110.9548191","2023-03-01T18:50:39"
"14","2_2","32.2255235","-110.9548181","2023-03-01T18:50:48"
"14","2_2","32.2249959","-110.9548167","2023-03-01T18:50:53"
"14","2_2","32.2249962","-110.9545805","2023-03-01T18:50:56"
"14","2_2","32.2249973","-110.9543813","2023-03-01T18:51:17"
"14","2_2","32.224998","-110.9532508","2023-03-01T18:51:28"
"14","2_2","32.2244199","-110.9532474","2023-03-01T18:51:28"
"14","2_2","32.2243891","-110.9532501","2023-03-01T18:51:30"
"14","2_2","32.2242605","-110.9532504","2023-03-01T18:51:38"
"14","2_2","32.2238346","-110.9532479","2023-03-01T18:51:54"
"14","2_2","32.2238521","-110.9523611","2023-03-01T18:52:10"
"14","2_2","32.2238451","-110.9515268","2023-03-01T18:52:19"
"14","2_2","32.2238407","-110.9510039","2023-03-01T18:52:26"
"14","2_2","32.2233506","-110.9510045","2023-03-01T18:52:26"
"14","2_2","32.2232964","-110.9510046","2023-03-01T18:52:31"
"14","2_2","32.2229919","-110.9510049","2023-03-01T18:52:31"
"15","2_2","32.2473151","-110.952519","2023-03-01T18:59:09"
"15","2_2","32.2468598","-110.952516","2023-03-01T18:59:09"
"15","2_2","32.2467927","-110.9525156","2023-03-01T18:59:16"
"15","2_2","32.2462801","-110.9525122","2023-03-01T18:59:23"
"15","2_2","32.2457621","-110.9525088","2023-03-01T18:59:31"
"15","2_2","32.2452474","-110.9525055","2023-03-01T18:59:37"
"15","2_2","32.2447993","-110.9525024","2023-03-01T18:59:38"
"15","2_2","32.2447312","-110.9525021","2023-03-01T18:59:39"
"15","2_2","32.2447312","-110.952404","2023-03-01T18:59:40"
"15","2_2","32.2447313","-110.9523833","2023-03-01T19:00"
"15","2_2","32.2447386","-110.9512915","2023-03-01T19:00:09"
"15","2_2","32.2442263","-110.9512877","2023-03-01T19:00:18"
"15","2_2","32.2437481","-110.9512835","2023-03-01T19:00:18"
"15","2_2","32.243748","-110.9512869","2023-03-01T19:00:18"
"15","2_2","32.2437431","-110.9513017","2023-03-01T19:00:18"
"15","2_2","32.2437345","-110.9513139","2023-03-01T19:00:19"
"15","2_2","32.2437231","-110.9513222","2023-03-01T19:00:19"
"15","2_2","32.24371","-110.9513256","2023-03-01T19:00:19"
"15","2_2","32.2437071","-110.9513253","2023-03-01T19:00:19"
"15","2_2","32.2436967","-110.951324","2023-03-01T19:00:19"
"15","2_2","32.2436845","-110.9513173","2023-03-01T19:00:20"
"15","2_2","32.2436745","-110.9513061","2023-03-01T19:00:20"
"15","2_2","32.2436683","-110.9512916","2023-03-01T19:00:20"
"15","2_2","32.2436678","-110.9512873","2023-03-01T19:00:29"
"15","2_2","32.2431786","-110.9512799","2023-03-01T19:00:38"
"15","2_2","32.2426613","-110.9512761","2023-03-01T19:00:47"
"15","2_2","32.2421636","-110.9512724","2023-03-01T19:00:57"
"15","2_2","32.2416445","-110.9512686","2023-03-01T19:01:06"
"15","2_2","32.2411265","-110.9512647","2023-03-01T19:01:15"
"15","2_2","32.2406271","-110.951261","2023-03-01T19:01:24"
"15","2_2","32.2401282","-110.9512573","2023-03-01T19:01:34"
"15","2_2","32.239616","-110.9512535","2023-03-01T19:01:43"
"15","2_2","32.2391312","-110.9512499","2023-03-01T19:01:52"
"15","2_2","32.2386307","-110.9512462","2023-03-01T19:01:52"
"15","2_2","32.2386306","-110.9512821","2023-03-01T19:02:11"
"15","2_2","32.2386282","-110.9523329","2023-03-01T19:02:12"
"15","2_2","32.2386281","-110.9523645","2023-03-01T19:02:14"
"15","2_2","32.2386279","-110.9524623","2023-03-01T19:02:23"
"15","2_2","32.2379845","-110.9524581","2023-03-01T19:02:30"
"15","2_2","32.23741","-110.952454","2023-03-01T19:02:31"
"15","2_2","32.2374031","-110.952454","2023-03-01T19:02:32"
"15","2_2","32.2373188","-110.9524538","2023-03-01T19:02:33"
"15","2_2","32.2372353","-110.9524517","2023-03-01T19:02:41"
"15","2_2","32.2366397","-110.9524492","2023-03-01T19:02:41"
"15","2_2","32.2366076","-110.9524491","2023-03-01T19:02:47"
"15","2_2","32.2361624","-110.9524459","2023-03-01T19:02:48"
"15","2_2","32.2361603","-110.952446","2023-03-01T19:02:49"
"15","2_2","32.2360618","-110.9524186","2023-03-01T19:02:50"
"15","2_2","32.2359803","-110.9523818","2023-03-01T19:02:51"
"15","2_2","32.2359033","-110.952347","2023-03-01T19:02:53"
"15","2_2","32.2358098","-110.9523454","2023-03-01T19:02:53"
"15","2_2","32.2357859","-110.9523447","2023-03-01T19:02:58"
"15","2_2","32.2354355","-110.9523415","2023-03-01T19:03:05"
"15","2_2","32.2349176","-110.9523347","2023-03-01T19:03:06"
"15","2_2","32.2348573","-110.9523348","2023-03-01T19:03:07"
"15","2_2","32.2347448","-110.9523329","2023-03-01T19:03:12"
"15","2_2","32.2343516","-110.9523331","2023-03-01T19:03:13"
"15","2_2","32.2342797","-110.952333","2023-03-01T19:03:14"
"15","2_2","32.2342131","-110.952333","2023-03-01T19:03:17"
"15","2_2","32.2340204","-110.952333","2023-03-01T19:03:19"
"15","2_2","32.2338696","-110.952333","2023-03-01T19:03:20"
"15","2_2","32.2338315","-110.9523334","2023-03-01T19:03:20"
"15","2_2","32.2338122","-110.952333","2023-03-01T19:03:20"
"15","2_2","32.2337883","-110.9523086","2023-03-01T19:03:21"
"15","2_2","32.2337207","-110.9523071","2023-03-01T19:03:21"
"15","2_2","32.2337162","-110.952307","2023-03-01T19:03:23"
"15","2_2","32.2335679","-110.9523044","2023-03-01T19:03:25"
"15","2_2","32.2334326","-110.9523029","2023-03-01T19:03:27"
"15","2_2","32.2333051","-110.9523031","2023-03-01T19:03:28"
"15","2_2","32.233248","-110.9523036","2023-03-01T19:03:28"
"15","2_2","32.2332368","-110.9522823","2023-03-01T19:03:29"
"15","2_2","32.2332206","-110.9522659","2023-03-01T19:03:29"
"15","2_2","32.233201","-110.9522559","2023-03-01T19:03:29"
"15","2_2","32.2331798","-110.9522534","2023-03-01T19:03:30"
"15","2_2","32.2331562","-110.9522597","2023-03-01T19:03:30"
"15","2_2","32.2331359","-110.9522751","2023-03-01T19:03:31"
"15","2_2","32.2331211","-110.9522978","2023-03-01T19:03:31"
"15","2_2","32.2331137","-110.952325","2023-03-01T19:03:31"
"15","2_2","32.2331138","-110.9523292","2023-03-01T19:03:32"
"15","2_2","32.2331145","-110.9523535","2023-03-01T19:03:32"
"15","2_2","32.2331235","-110.9523801","2023-03-01T19:03:33"
"15","2_2","32.2331395","-110.9524015","2023-03-01T19:03:33"
"15","2_2","32.2331607","-110.9524152","2023-03-01T19:03:34"
"15","2_2","32.2331846","-110.9524196","2023-03-01T19:03:35"
"15","2_2","32.2331814","-110.9524895","2023-03-01T19:03:42"
"15","2_2","32.2331778","-110.9528786","2023-03-01T19:03:44"
"15","2_2","32.2331766","-110.9529822","2023-03-01T19:03:47"
"15","2_2","32.2331771","-110.9531405","2023-03-01T19:03:51"
"15","2_2","32.2331777","-110.953351","2023-03-01T19:03:59"
"15","2_2","32.2331664","-110.9538284","2023-03-01T19:04:01"
"15","2_2","32.2331462","-110.9539227","2023-03-01T19:04:10"
"15","2_2","32.2330302","-110.9544091","2023-03-01T19:04:17"
"15","2_2","32.2329429","-110.9547498","2023-03-01T19:04:21"
"15","2_2","32.2329293","-110.9550032","2023-03-01T19:04:23"
"15","2_2","32.2329372","-110.9551078","2023-03-01T19:04:29"
"15","2_2","32.2330064","-110.9554378","2023-03-01T19:04:34"
"15","2_2","32.2330336","-110.9556926","2023-03-01T19:04:38"
"15","2_2","32.2330212","-110.9559407","2023-03-01T19:04:43"
"15","2_2","32.2329815","-110.956174","2023-03-01T19:04:46"
"15","2_2","32.232992","-110.9563477","2023-03-01T19:04:50"
"15","2_2","32.2330076","-110.9565536","2023-03-01T19:04:51"
"15","2_2","32.2330056","-110.956644","2023-03-01T19:04:52"
"15","2_2","32.2330051","-110.9566847","2023-03-01T19:04:53"
"15","2_2","32.2330037","-110.9567344","2023-03-01T19:04:54"
"15","2_2","32.2330031","-110.9567647","2023-03-01T19:04:54"
"15","2_2","32.2330029","-110.9567836","2023-03-01T19:04:54"
"15","2_2","32.2329866","-110.9567834","2023-03-01T19:04:55"
"15","2_2","32.2329021","-110.9567826","2023-03-01T19:05:10"
"15","2_2","32.2318582","-110.9567777","2023-03-01T19:05:10"
"15","2_2","32.2318102","-110.9567746","2023-03-01T19:05:10"
"15","2_2","32.2318069","-110.9567747","2023-03-01T19:05:12"
"15","2_2","32.231695","-110.9567794","2023-03-01T19:05:13"
"15","2_2","32.231589","-110.956778","2023-03-01T19:05:29"
"15","2_2","32.2304673","-110.956766","2023-03-01T19:05:30"
"15","2_2","32.230367","-110.9567649","2023-03-01T19:05:31"
"15","2_2","32.2302999","-110.9567641","2023-03-01T19:05:33"
"15","2_2","32.2301205","-110.9567619","2023-03-01T19:05:34"
"15","2_2","32.2300467","-110.9567618","2023-03-01T19:05:35"
"15","2_2","32.2299818","-110.9567618","2023-03-01T19:05:39"
"15","2_2","32.2297261","-110.9567652","2023-03-01T19:05:50"
"15","2_2","32.2288888","-110.9567635","2023-03-01T19:05:52"
"15","2_2","32.2287346","-110.9567692","2023-03-01T19:05:54"
"15","2_2","32.2286087","-110.9567356","2023-03-01T19:05:56"
"15","2_2","32.2284669","-110.9566331","2023-03-01T19:05:58"
"15","2_2","32.2283713","-110.9565552","2023-03-01T19:06:01"
"15","2_2","32.2281947","-110.9564196","2023-03-01T19:06:02"
"15","2_2","32.2281608","-110.9564055","2023-03-01T19:06:02"
"15","2_2","32.2281248","-110.9563988","2023-03-01T19:06:03"
"15","2_2","32.2280565","-110.956391","2023-03-01T19:06:03"
"15","2_2","32.2280521","-110.9563882","2023-03-01T19:06:05"
"15","2_2","32.2279282","-110.9563282","2023-03-01T19:06:06"
"15","2_2","32.2278885","-110.9563003","2023-03-01T19:06:06"
"15","2_2","32.2278629","-110.9562825","2023-03-01T19:06:07"
"15","2_2","32.2278208","-110.9562398","2023-03-01T19:06:08"
"15","2_2","32.2277907","-110.9561879","2023-03-01T19:06:09"
"15","2_2","32.227766","-110.9560813","2023-03-01T19:06:23"
"15","2_2","32.2277694","-110.954916","2023-03-01T19:06:24"
"15","2_2","32.2277695","-110.9548733","2023-03-01T19:06:25"
"15","2_2","32.2276825","-110.9548673","2023-03-01T19:06:27"
"15","2_2","32.2275741","-110.9548601","2023-03-01T19:06:30"
"15","2_2","32.2274599","-110.9548332","2023-03-01T19:06:32"
"15","2_2","32.2273096","-110.9548226","2023-03-01T19:06:36"
"15","2_2","32.2271343","-110.9548222","2023-03-01T19:06:48"
"15","2_2","32.2264689","-110.9548205","2023-03-01T19:06:56"
"15","2_2","32.2259882","-110.9548193","2023-03-01T19:06:57"
"15","2_2","32.2259338","-110.9548191","2023-03-01T19:07:05"
"15","2_2","32.2255235","-110.9548181","2023-03-01T19:07:14"
"15","2_2","32.2249959","-110.9548167","2023-03-01T19:07:19"
"15","2_2","32.2249962","-110.9545805","2023-03-01T19:07:22"
"15","2_2","32.2249973","-110.9543813","2023-03-01T19:07:43"
"15","2_2","32.224998","-110.9532508","2023-03-01T19:07:54"
"15","2_2","32.2244199","-110.9532474","2023-03-01T19:07:54"
"15","2_2","32.2243891","-110.9532501","2023-03-01T19:07:56"
"15","2_2","32.2242605","-110.9532504","2023-03-01T19:08:04"
"15","2_2","32.2238346","-110.9532479","2023-03-01T19:08:20"
"15","2_2","32.2238521","-110.9523611","2023-03-01T19:08:36"
"15","2_2","32.2238451","-110.9515268","2023-03-01T19:08:45"
"15","2_2","32.2238407","-110.9510039","2023-03-01T19:08:52"
"15","2_2","32.2233506","-110.9510045","2023-03-01T19:08:52"
"15","2_2","32.2232964","-110.9510046","2023-03-01T19:08:57"
"15","2_2","32.2229919","-110.9510049","2023-03-01T19:08:57"
"16","2_2","32.2473151","-110.952519","2023-03-01T18:49:07"
"16","2_2","32.2468598","-110.952516","2023-03-01T18:49:07"
"16","2_2","32.2467927","-110.9525156","2023-03-01T18:49:14"
"16","2_2","32.2462801","-110.9525122","2023-03-01T18:49:21"
"16","2_2","32.2457621","-110.9525088","2023-03-01T18:49:29"
"16","2_2","32.2452474","-110.9525055","2023-03-01T18:49:35"
"16","2_2","32.2447993","-110.9525024","2023-03-01T18:49:36"
"16","2_2","32.2447312","-110.9525021","2023-03-01T18:49:37"
"16","2_2","32.2447312","-110.952404","2023-03-01T18:49:38"
"16","2_2","32.2447313","-110.9523833","2023-03-01T18:49:58"
"16","2_2","32.2447386","-110.9512915","2023-03-01T18:50:07"
"16","2_2","32.2442263","-110.9512877","2023-03-01T18:50:16"
"16","2_2","32.2437481","-110.9512835","2023-03-01T18:50:16"
"16","2_2","32.243748","-110.9512869","2023-03-01T18:50:16"
"16","2_2","32.2437431","-110.9513017","2023-03-01T18:50:16"
"16","2_2","32.2437345","-110.9513139","2023-03-01T18:50:17"
"16","2_2","32.2437231","-110.9513222","2023-03-01T18:50:17"
"16","2_2","32.24371","-110.9513256","2023-03-01T18:50:17"
"16","2_2","32.2437071","-110.9513253","2023-03-01T18:50:17"
"16","2_2","32.2436967","-110.951324","2023-03-01T18:50:17"
"16","2_2","32.2436845","-110.9513173","2023-03-01T18:50:18"
"16","2_2","32.2436745","-110.9513061","2023-03-01T18:50:18"
"16","2_2","32.2436683","-110.9512916","2023-03-01T18:50:18"
"16","2_2","32.2436678","-110.9512873","2023-03-01T18:50:27"
"16","2_2","32.2431786","-110.9512799","2023-03-01T18:50:36"
"16","2_2","32.2426613","-110.9512761","2023-03-01T18:50:45"
"16","2_2","32.2421636","-110.9512724","2023-03-01T18:50:55"
"16","2_2","32.2416445","-110.9512686","2023-03-01T18:51:04"
"16","2_2","32.2411265","-110.9512647","2023-03-01T18:51:13"
"16","2_2","32.2406271","-110.951261","2023-03-01T18:51:22"
"16","2_2","32.2401282","-110.9512573","2023-03-01T18:51:32"
"16","2_2","32.239616","-110.9512535","2023-03-01T18:51:41"
"16","2_2","32.2391312","-110.9512499","2023-03-01T18:51:50"
"16","2_2","32.2386307","-110.9512462","2023-03-01T18:51:50"
"16","2_2","32.2386306","-110.9512821","2023-03-01T18:52:09"
"16","2_2","32.2386282","-110.9523329","2023-03-01T18:52:10"
"16","2_2","32.2386281","-110.9523645","2023-03-01T18:52:12"
"16","2_2","32.2386279","-110.9524623","2023-03-01T18:52:21"
"16","2_2","32.2379845","-110.9524581","2023-03-01T18:52:28"
"16","2_2","32.23741","-110.952454","2023-03-01T18:52:29"
"16","2_2","32.2374031","-110.952454","2023-03-01T18:52:30"
"16","2_2","32.2373188","-110.9524538","2023-03-01T18:52:31"
"16","2_2","32.2372353","-110.9524517","2023-03-01T18:52:39"
"16","2_2","32.2366397","-110.9524492","2023-03-01T18:52:39"
"16","2_2","32.2366076","-110.9524491","2023-03-01T18:52:45"
"16","2_2","32.2361624","-110.9524459","2023-03-01T18:52:46"
"16","2_2","32.2361603","-110.952446","2023-03-01T18:52:47"
"16","2_2","32.2360618","-110.9524186","2023-03-01T18:52:48"
"16","2_2","32.2359803","-110.9523818","2023-03-01T18:52:49"
"16","2_2","32.2359033","-110.952347","2023-03-01T18:52:51"
"16","2_2","32.2358098","-110.9523454","2023-03-01T18:52:51"
"16","2_2","32.2357859","-110.9523447","2023-03-01T18:52:56"
"16","2_2","32.2354355","-110.9523415","2023-03-01T18:53:03"
"16","2_2","32.2349176","-110.9523347","2023-03-01T18:53:04"
"16","2_2","32.2348573","-110.9523348","2023-03-01T18:53:05"
"16","2_2","32.2347448","-110.9523329","2023-03-01T18:53:10"
"16","2_2","32.2343516","-110.9523331","2023-03-01T18:53:11"
"16","2_2","32.2342797","-110.952333","2023-03-01T18:53:12"
"16","2_2","32.2342131","-110.952333","2023-03-01T18:53:15"
"16","2_2","32.2340204","-110.952333","2023-03-01T18:53:17"
"16","2_2","32.2338696","-110.952333","2023-03-01T18:53:18"
"16","2_2","32.2338315","-110.9523334","2023-03-01T18:53:18"
"16","2_2","32.2338122","-110.952333","2023-03-01T18:53:18"
"16","2_2","32.2337883","-110.9523086","2023-03-01T18:53:19"
"16","2_2","32.2337207","-110.9523071","2023-03-01T18:53:19"
"16","2_2","32.2337162","-110.952307","2023-03-01T18:53:21"
"16","2_2","32.2335679","-110.9523044","2023-03-01T18:53:23"
"16","2_2","32.2334326","-110.9523029","2023-03-01T18:53:25"
"16","2_2","32.2333051","-110.9523031","2023-03-01T18:53:26"
"16","2_2","32.233248","-110.9523036","2023-03-01T18:53:26"
"16","2_2","32.2332368","-110.9522823","2023-03-01T18:53:27"
"16","2_2","32.2332206","-110.9522659","2023-03-01T18:53:27"
"16","2_2","32.233201","-110.9522559","2023-03-01T18:53:27"
"16","2_2","32.2331798","-110.9522534","2023-03-01T18:53:28"
"16","2_2","32.2331562","-110.9522597","2023-03-01T18:53:28"
"16","2_2","32.2331359","-110.9522751","2023-03-01T18:53:29"
"16","2_2","32.2331211","-110.9522978","2023-03-01T18:53:29"
"16","2_2","32.2331137","-110.952325","2023-03-01T18:53:29"
"16","2_2","32.2331138","-110.9523292","2023-03-01T18:53:30"
"16","2_2","32.2331145","-110.9523535","2023-03-01T18:53:30"
"16","2_2","32.2331235","-110.9523801","2023-03-01T18:53:31"
"16","2_2","32.2331395","-110.9524015","2023-03-01T18:53:31"
"16","2_2","32.2331607","-110.9524152","2023-03-01T18:53:32"
"16","2_2","32.2331846","-110.9524196","2023-03-01T18:53:33"
"16","2_2","32.2331814","-110.9524895","2023-03-01T18:53:40"
"16","2_2","32.2331778","-110.9528786","2023-03-01T18:53:42"
"16","2_2","32.2331766","-110.9529822","2023-03-01T18:53:45"
"16","2_2","32.2331771","-110.9531405","2023-03-01T18:53:49"
"16","2_2","32.2331777","-110.953351","2023-03-01T18:53:57"
"16","2_2","32.2331664","-110.9538284","2023-03-01T18:53:59"
"16","2_2","32.2331462","-110.9539227","2023-03-01T18:54:08"
"16","2_2","32.2330302","-110.9544091","2023-03-01T18:54:15"
"16","2_2","32.2329429","-110.9547498","2023-03-01T18:54:19"
"16","2_2","32.2329293","-110.9550032","2023-03-01T18:54:21"
"16","2_2","32.2329372","-110.9551078","2023-03-01T18:54:27"
"16","2_2","32.2330064","-110.9554378","2023-03-01T18:54:32"
"16","2_2","32.2330336","-110.9556926","2023-03-01T18:54:36"
"16","2_2","32.2330212","-110.9559407","2023-03-01T18:54:41"
"16","2_2","32.2329815","-110.956174","2023-03-01T18:54:44"
"16","2_2","32.232992","-110.9563477","2023-03-01T18:54:48"
"16","2_2","32.2330076","-110.9565536","2023-03-01T18:54:49"
"16","2_2","32.2330056","-110.956644","2023-03-01T18:54:50"
"16","2_2","32.2330051","-110.9566847","2023-03-01T18:54:51"
"16","2_2","32.2330037","-110.9567344","2023-03-01T18:54:52"
"16","2_2","32.2330031","-110.9567647","2023-03-01T18:54:52"
"16","2_2","32.2330029","-110.9567836","2023-03-01T18:54:52"
"16","2_2","32.2329866","-110.9567834","2023-03-01T18:54:53"
"16","2_2","32.2329021","-110.9567826","2023-03-01T18:55:08"
"16","2_2","32.2318582","-110.9567777","2023-03-01T18:55:08"
"16","2_2","32.2318102","-110.9567746","2023-03-01T18:55:08"
"16","2_2","32.2318069","-110.9567747","2023-03-01T18:55:10"
"16","2_2","32.231695","-110.9567794","2023-03-01T18:55:11"
"16","2_2","32.231589","-110.956778","2023-03-01T18:55:27"
"16","2_2","32.2304673","-110.956766","2023-03-01T18:55:28"
"16","2_2","32.230367","-110.9567649","2023-03-01T18:55:29"
"16","2_2","32.2302999","-110.9567641","2023-03-01T18:55:31"
"16","2_2","32.2301205","-110.9567619","2023-03-01T18:55:32"
"16","2_2","32.2300467","-110.9567618","2023-03-01T18:55:33"
"16","2_2","32.2299818","-110.9567618","2023-03-01T18:55:37"
"16","2_2","32.2297261","-110.9567652","2023-03-01T18:55:48"
"16","2_2","32.2288888","-110.9567635","2023-03-01T18:55:50"
"16","2_2","32.2287346","-110.9567692","2023-03-01T18:55:52"
"16","2_2","32.2286087","-110.9567356","2023-03-01T18:55:54"
"16","2_2","32.2284669","-110.9566331","2023-03-01T18:55:56"
"16","2_2","32.2283713","-110.9565552","2023-03-01T18:55:59"
"16","2_2","32.2281947","-110.9564196","2023-03-01T18:56"
"16","2_2","32.2281608","-110.9564055","2023-03-01T18:56"
"16","2_2","32.2281248","-110.9563988","2023-03-01T18:56:01"
"16","2_2","32.2280565","-110.956391","2023-03-01T18:56:01"
"16","2_2","32.2280521","-110.9563882","2023-03-01T18:56:03"
"16","2_2","32.2279282","-110.9563282","2023-03-01T18:56:04"
"16","2_2","32.2278885","-110.9563003","2023-03-01T18:56:04"
"16","2_2","32.2278629","-110.9562825","2023-03-01T18:56:05"
"16","2_2","32.2278208","-110.9562398","2023-03-01T18:56:06"
"16","2_2","32.2277907","-110.9561879","2023-03-01T18:56:07"
"16","2_2","32.227766","-110.9560813","2023-03-01T18:56:21"
"16","2_2","32.2277694","-110.954916","2023-03-01T18:56:22"
"16","2_2","32.2277695","-110.9548733","2023-03-01T18:56:23"
"16","2_2","32.2276825","-110.9548673","2023-03-01T18:56:25"
"16","2_2","32.2275741","-110.9548601","2023-03-01T18:56:28"
"16","2_2","32.2274599","-110.9548332","2023-03-01T18:56:30"
"16","2_2","32.2273096","-110.9548226","2023-03-01T18:56:34"
"16","2_2","32.2271343","-110.9548222","2023-03-01T18:56:46"
"16","2_2","32.2264689","-110.9548205","2023-03-01T18:56:54"
"16","2_2","32.2259882","-110.9548193","2023-03-01T18:56:55"
"16","2_2","32.2259338","-110.9548191","2023-03-01T18:57:03"
"16","2_2","32.2255235","-110.9548181","2023-03-01T18:57:12"
"16","2_2","32.2249959","-110.9548167","2023-03-01T18:57:17"
"16","2_2","32.2249962","-110.9545805","2023-03-01T18:57:20"
"16","2_2","32.2249973","-110.9543813","2023-03-01T18:57:41"
"16","2_2","32.224998","-110.9532508","2023-03-01T18:57:52"
"16","2_2","32.2244199","-110.9532474","2023-03-01T18:57:52"
"16","2_2","32.2243891","-110.9532501","2023-03-01T18:57:54"
"16","2_2","32.2242605","-110.9532504","2023-03-01T18:58:02"
"16","2_2","32.2238346","-110.9532479","2023-03-01T18:58:18"
"16","2_2","32.2238521","-110.9523611","2023-03-01T18:58:34"
"16","2_2","32.2238451","-110.9515268","2023-03-01T18:58:43"
"16","2_2","32.2238407","-110.9510039","2023-03-01T18:58:50"
"16","2_2","32.2233506","-110.9510045","2023-03-01T18:58:50"
"16","2_2","32.2232964","-110.9510046","2023-03-01T18:58:55"
"16","2_2","32.2229919","-110.9510049","2023-03-01T18:58:55"
"17","2_2","32.2473151","-110.952519","2023-03-01T18:28:05"
"17","2_2","32.2468598","-110.952516","2023-03-01T18:28:05"
"17","2_2","32.2467927","-110.9525156","2023-03-01T18:28:12"
"17","2_2","32.2462801","-110.9525122","2023-03-01T18:28:19"
"17","2_2","32.2457621","-110.9525088","2023-03-01T18:28:27"
"17","2_2","32.2452474","-110.9525055","2023-03-01T18:28:33"
"17","2_2","32.2447993","-110.9525024","2023-03-01T18:28:34"
"17","2_2","32.2447312","-110.9525021","2023-03-01T18:28:35"
"17","2_2","32.2447312","-110.952404","2023-03-01T18:28:36"
"17","2_2","32.2447313","-110.9523833","2023-03-01T18:28:56"
"17","2_2","32.2447386","-110.9512915","2023-03-01T18:29:05"
"17","2_2","32.2442263","-110.9512877","2023-03-01T18:29:14"
"17","2_2","32.2437481","-110.9512835","2023-03-01T18:29:14"
"17","2_2","32.243748","-110.9512869","2023-03-01T18:29:14"
"17","2_2","32.2437431","-110.9513017","2023-03-01T18:29:14"
"17","2_2","32.2437345","-110.9513139","2023-03-01T18:29:15"
"17","2_2","32.2437231","-110.9513222","2023-03-01T18:29:15"
"17","2_2","32.24371","-110.9513256","2023-03-01T18:29:15"
"17","2_2","32.2437071","-110.9513253","2023-03-01T18:29:15"
"17","2_2","32.2436967","-110.951324","2023-03-01T18:29:15"
"17","2_2","32.2436845","-110.9513173","2023-03-01T18:29:16"
"17","2_2","32.2436745","-110.9513061","2023-03-01T18:29:16"
"17","2_2","32.2436683","-110.9512916","2023-03-01T18:29:16"
"17","2_2","32.2436678","-110.9512873","2023-03-01T18:29:25"
"17","2_2","32.2431786","-110.9512799","2023-03-01T18:29:34"
"17","2_2","32.2426613","-110.9512761","2023-03-01T18:29:43"
"17","2_2","32.2421636","-110.9512724","2023-03-01T18:29:53"
"17","2_2","32.2416445","-110.9512686","2023-03-01T18:30:02"
"17","2_2","32.2411265","-110.9512647","2023-03-01T18:30:11"
"17","2_2","32.2406271","-110.951261","2023-03-01T18:30:20"
"17","2_2","32.2401282","-110.9512573","2023-03-01T18:30:30"
"17","2_2","32.239616","-110.9512535","2023-03-01T18:30:39"
"17","2_2","32.2391312","-110.9512499","2023-03-01T18:30:48"
"17","2_2","32.2386307","-110.9512462","2023-03-01T18:30:48"
"17","2_2","32.2386306","-110.9512821","2023-03-01T18:31:07"
"17","2_2","32.2386282","-110.9523329","2023-03-01T18:31:08"
"17","2_2","32.2386281","-110.9523645","2023-03-01T18:31:10"
"17","2_2","32.2386279","-110.9524623","2023-03-01T18:31:19"
"17","2_2","32.2379845","-110.9524581","2023-03-01T18:31:26"
"17","2_2","32.23741","-110.952454","2023-03-01T18:31:27"
"17","2_2","32.2374031","-110.952454","2023-03-01T18:31:28"
"17","2_2","32.2373188","-110.9524538","2023-03-01T18:31:29"
"17","2_2","32.2372353","-110.9524517","2023-03-01T18:31:37"
"17","2_2","32.2366397","-110.9524492","2023-03-01T18:31:37"
"17","2_2","32.2366076","-110.9524491","2023-03-01T18:31:43"
"17","2_2","32.2361624","-110.9524459","2023-03-01T18:31:44"
"17","2_2","32.2361603","-110.952446","2023-03-01T18:31:45"
"17","2_2","32.2360618","-110.9524186","2023-03-01T18:31:46"
"17","2_2","32.2359803","-110.9523818","2023-03-01T18:31:47"
"17","2_2","32.2359033","-110.952347","2023-03-01T18:31:49"
"17","2_2","32.2358098","-110.9523454","2023-03-01T18:31:49"
"17","2_2","32.2357859","-110.9523447","2023-03-01T18:31:54"
"17","2_2","32.2354355","-110.9523415","2023-03-01T18:32:01"
"17","2_2","32.2349176","-110.9523347","2023-03-01T18:32:02"
"17","2_2","32.2348573","-110.9523348","2023-03-01T18:32:03"
"17","2_2","32.2347448","-110.9523329","2023-03-01T18:32:08"
"17","2_2","32.2343516","-110.9523331","2023-03-01T18:32:09"
"17","2_2","32.2342797","-110.952333","2023-03-01T18:32:10"
"17","2_2","32.2342131","-110.952333","2023-03-01T18:32:13"
"17","2_2","32.2340204","-110.952333","2023-03-01T18:32:15"
"17","2_2","32.2338696","-110.952333","2023-03-01T18:32:16"
"17","2_2","32.2338315","-110.9523334","2023-03-01T18:32:16"
"17","2_2","32.2338122","-110.952333","2023-03-01T18:32:16"
"17","2_2","32.2337883","-110.9523086","2023-03-01T18:32:17"
"17","2_2","32.2337207","-110.9523071","2023-03-01T18:32:17"
"17","2_2","32.2337162","-110.952307","2023-03-01T18:32:19"
"17","2_2","32.2335679","-110.9523044","2023-03-01T18:32:21"
"17","2_2","32.2334326","-110.9523029","2023-03-01T18:32:23"
"17","2_2","32.2333051","-110.9523031","2023-03-01T18:32:24"
"17","2_2","32.233248","-110.9523036","2023-03-01T18:32:24"
"17","2_2","32.2332368","-110.9522823","2023-03-01T18:32:25"
"17","2_2","32.2332206","-110.9522659","2023-03-01T18:32:25"
"17","2_2","32.233201","-110.9522559","2023-03-01T18:32:25"
"17","2_2","32.2331798","-110.9522534","2023-03-01T18:32:26"
"17","2_2","32.2331562","-110.9522597","2023-03-01T18:32:26"
"17","2_2","32.2331359","-110.9522751","2023-03-01T18:32:27"
"17","2_2","32.2331211","-110.9522978","2023-03-01T18:32:27"
"17","2_2","32.2331137","-110.952325","2023-03-01T18:32:27"
"17","2_2","32.2331138","-110.9523292","2023-03-01T18:32:28"
"17","2_2","32.2331145","-110.9523535","2023-03-01T18:32:28"
"17","2_2","32.2331235","-110.9523801","2023-03-01T18:32:29"
"17","2_2","32.2331395","-110.9524015","2023-03-01T18:32:29"
"17","2_2","32.2331607","-110.9524152","2023-03-01T18:32:30"
"17","2_2","32.2331846","-110.9524196","2023-03-01T18:32:31"
"17","2_2","32.2331814","-110.9524895","2023-03-01T18:32:38"
"17","2_2","32.2331778","-110.9528786","2023-03-01T18:32:40"
"17","2_2","32.2331766","-110.9529822","2023-03-01T18:32:43"
"17","2_2","32.2331771","-110.9531405","2023-03-01T18:32:47"
"17","2_2","32.2331777","-110.953351","2023-03-01T18:32:55"
"17","2_2","32.2331664","-110.9538284","2023-03-01T18:32:57"
"17","2_2","32.2331462","-110.9539227","2023-03-01T18:33:06"
"17","2_2","32.2330302","-110.9544091","2023-03-01T18:33:13"
"17","2_2","32.2329429","-110.9547498","2023-03-01T18:33:17"
"17","2_2","32.2329293","-110.9550032","2023-03-01T18:33:19"
"17","2_2","32.2329372","-110.9551078","2023-03-01T18:33:25"
"17","2_2","32.2330064","-110.9554378","2023-03-01T18:33:30"
"17","2_2","32.2330336","-110.9556926","2023-03-01T18:33:34"
"17","2_2","32.2330212","-110.9559407","2023-03-01T18:33:39"
"17","2_2","32.2329815","-110.956174","2023-03-01T18:33:42"
"17","2_2","32.232992","-110.9563477","2023-03-01T18:33:46"
"17","2_2","32.2330076","-110.9565536","2023-03-01T18:33:47"
"17","2_2","32.2330056","-110.956644","2023-03-01T18:33:48"
"17","2_2","32.2330051","-110.9566847","2023-03-01T18:33:49"
"17","2_2","32.2330037","-110.9567344","2023-03-01T18:33:50"
"17","2_2","32.2330031","-110.9567647","2023-03-01T18:33:50"
"17","2_2","32.2330029","-110.9567836","2023-03-01T18:33:50"
"17","2_2","32.2329866","-110.9567834","2023-03-01T18:33:51"
"17","2_2","32.2329021","-110.9567826","2023-03-01T18:34:06"
"17","2_2","32.2318582","-110.9567777","2023-03-01T18:34:06"
"17","2_2","32.2318102","-110.9567746","2023-03-01T18:34:06"
"17","2_2","32.2318069","-110.9567747","2023-03-01T18:34:08"
"17","2_2","32.231695","-110.9567794","2023-03-01T18:34:09"
"17","2_2","32.231589","-110.956778","2023-03-01T18:34:25"
"17","2_2","32.2304673","-110.956766","2023-03-01T18:34:26"
"17","2_2","32.230367","-110.9567649","2023-03-01T18:34:27"
"17","2_2","32.2302999","-110.9567641","2023-03-01T18:34:29"
"17","2_2","32.2301205","-110.9567619","2023-03-01T18:34:30"
"17","2_2","32.2300467","-110.9567618","2023-03-01T18:34:31"
"17","2_2","32.2299818","-110.9567618","2023-03-01T18:34:35"
"17","2_2","32.2297261","-110.9567652","2023-03-01T18:34:46"
"17","2_2","32.2288888","-110.9567635","2023-03-01T18:34:48"
"17","2_2","32.2287346","-110.9567692","2023-03-01T18:34:50"
"17","2_2","32.2286087","-110.9567356","2023-03-01T18:34:52"
"17","2_2","32.2284669","-110.9566331","2023-03-01T18:34:54"
"17","2_2","32.2283713","-110.9565552","2023-03-01T18:34:57"
"17","2_2","32.2281947","-110.9564196","2023-03-01T18:34:58"
"17","2_2","32.2281608","-110.9564055","2023-03-01T18:34:58"
"17","2_2","32.2281248","-110.9563988","2023-03-01T18:34:59"
"17","2_2","32.2280565","-110.956391","2023-03-01T18:34:59"
"17","2_2","32.2280521","-110.9563882","2023-03-01T18:35:01"
"17","2_2","32.2279282","-110.9563282","2023-03-01T18:35:02"
"17","2_2","32.2278885","-110.9563003","2023-03-01T18:35:02"
"17","2_2","32.2278629","-110.9562825","2023-03-01T18:35:03"
"17","2_2","32.2278208","-110.9562398","2023-03-01T18:35:04"
"17","2_2","32.2277907","-110.9561879","2023-03-01T18:35:05"
"17","2_2","32.227766","-110.9560813","2023-03-01T18:35:19"
"17","2_2","32.2277694","-110.954916","2023-03-01T18:35:20"
"17","2_2","32.2277695","-110.9548733","2023-03-01T18:35:21"
"17","2_2","32.2276825","-110.9548673","2023-03-01T18:35:23"
"17","2_2","32.2275741","-110.9548601","2023-03-01T18:35:26"
"17","2_2","32.2274599","-110.9548332","2023-03-01T18:35:28"
"17","2_2","32.2273096","-110.9548226","2023-03-01T18:35:32"
"17","2_2","32.2271343","-110.9548222","2023-03-01T18:35:44"
"17","2_2","32.2264689","-110.9548205","2023-03-01T18:35:52"
"17","2_2","32.2259882","-110.9548193","2023-03-01T18:35:53"
"17","2_2","32.2259338","-110.9548191","2023-03-01T18:36:01"
"17","2_2","32.2255235","-110.9548181","2023-03-01T18:36:10"
"17","2_2","32.2249959","-110.9548167","2023-03-01T18:36:15"
"17","2_2","32.2249962","-110.9545805","2023-03-01T18:36:18"
"17","2_2","32.2249973","-110.9543813","2023-03-01T18:36:39"
"17","2_2","32.224998","-110.9532508","2023-03-01T18:36:50"
"17","2_2","32.2244199","-110.9532474","2023-03-01T18:36:50"
"17","2_2","32.2243891","-110.9532501","2023-03-01T18:36:52"
"17","2_2","32.2242605","-110.9532504","2023-03-01T18:37"
"17","2_2","32.2238346","-110.9532479","2023-03-01T18:37:16"
"17","2_2","32.2238521","-110.9523611","2023-03-01T18:37:32"
"17","2_2","32.2238451","-110.9515268","2023-03-01T18:37:41"
"17","2_2","32.2238407","-110.9510039","2023-03-01T18:37:48"
"17","2_2","32.2233506","-110.9510045","2023-03-01T18:37:48"
"17","2_2","32.2232964","-110.9510046","2023-03-01T18:37:53"
"17","2_2","32.2229919","-110.9510049","2023-03-01T18:37:53"
"18","3_3","32.2466016","-110.9385437","2023-03-01T18:01:35"
"18","3_3","32.2474772","-110.9385537","2023-03-01T18:01:50"
"18","3_3","32.2483449","-110.9385622","2023-03-01T18:01:52"
"18","3_3","32.2484346","-110.9385635","2023-03-01T18:02:24"
"18","3_3","32.24842","-110.940348","2023-03-01T18:02:29"
"18","3_3","32.2484367","-110.9406193","2023-03-01T18:02:33"
"18","3_3","32.2484659","-110.9408216","2023-03-01T18:02:38"
"18","3_3","32.248541","-110.9411077","2023-03-01T18:02:45"
"18","3_3","32.2486974","-110.9414349","2023-03-01T18:02:49"
"18","3_3","32.2487913","-110.9416528","2023-03-01T18:02:54"
"18","3_3","32.2488852","-110.9418921","2023-03-01T18:02:58"
"18","3_3","32.2489248","-110.9421264","2023-03-01T18:03:04"
"18","3_3","32.2489454","-110.942407","2023-03-01T18:03:05"
"18","3_3","32.2489462","-110.942468","2023-03-01T18:03:05"
"18","3_3","32.2489573","-110.9424808","2023-03-01T18:03:06"
"18","3_3","32.2489688","-110.9425083","2023-03-01T18:03:06"
"18","3_3","32.248972","-110.9425387","2023-03-01T18:03:07"
"18","3_3","32.2489666","-110.9425687","2023-03-01T18:03:07"
"18","3_3","32.2489531","-110.9425949","2023-03-01T18:03:08"
"18","3_3","32.2489331","-110.9426144","2023-03-01T18:03:08"
"18","3_3","32.2489088","-110.942625","2023-03-01T18:03:09"
"18","3_3","32.2488829","-110.9426256","2023-03-01T18:03:09"
"18","3_3","32.2488588","-110.9426164","2023-03-01T18:03:09"
"18","3_3","32.2488522","-110.9426106","2023-03-01T18:03:11"
"18","3_3","32.2488548","-110.9426934","2023-03-01T18:03:33"
"18","3_3","32.2488582","-110.9438932","2023-03-01T18:03:34"
"18","3_3","32.2488585","-110.9439725","2023-03-01T18:03:36"
"18","3_3","32.2487223","-110.9439724","2023-03-01T18:03:37"
"18","3_3","32.2485484","-110.9439718","2023-03-01T18:03:39"
"18","3_3","32.2485492","-110.9438911","2023-03-01T18:03:39"
"18","3_3","32.2485494","-110.9438718","2023-03-01T18:03:40"
"18","3_3","32.2485499","-110.94382","2023-03-01T18:03:42"
"18","3_3","32.248494","-110.9437516","2023-03-01T18:04:23"
"18","3_3","32.2462606","-110.9437416","2023-03-01T18:04:35"
"18","3_3","32.2455608","-110.9437375","2023-03-01T18:04:37"
"18","3_3","32.2454474","-110.9437368","2023-03-01T18:05:07"
"18","3_3","32.2438072","-110.9437328","2023-03-01T18:05:09"
"18","3_3","32.2437609","-110.9437907","2023-03-01T18:05:09"
"18","3_3","32.2437301","-110.9438294","2023-03-01T18:05:10"
"18","3_3","32.2437301","-110.9438657","2023-03-01T18:05:10"
"18","3_3","32.2437301","-110.9438816","2023-03-01T18:05:12"
"18","3_3","32.2437301","-110.9439586","2023-03-01T18:05:21"
"18","3_3","32.2428612","-110.943951","2023-03-01T18:05:22"
"18","3_3","32.2427913","-110.943951","2023-03-01T18:05:22"
"18","3_3","32.242769","-110.9439502","2023-03-01T18:05:22"
"18","3_3","32.2427629","-110.9439508","2023-03-01T18:05:23"
"18","3_3","32.2427312","-110.943949","2023-03-01T18:05:23"
"18","3_3","32.2426839","-110.9439492","2023-03-01T18:05:24"
"18","3_3","32.2426452","-110.943948","2023-03-01T18:05:24"
"18","3_3","32.2426007","-110.9439476","2023-03-01T18:05:24"
"18","3_3","32.242596","-110.943947","2023-03-01T18:05:24"
"18","3_3","32.2425882","-110.943947","2023-03-01T18:05:29"
"18","3_3","32.2421879","-110.9439347","2023-03-01T18:05:34"
"18","3_3","32.2416646","-110.9439183","2023-03-01T18:05:40"
"18","3_3","32.24116","-110.9439234","2023-03-01T18:05:41"
"18","3_3","32.2410837","-110.943922","2023-03-01T18:05:41"
"18","3_3","32.2410693","-110.943922","2023-03-01T18:05:42"
"18","3_3","32.2409831","-110.9439236","2023-03-01T18:05:45"
"18","3_3","32.2406506","-110.9439262","2023-03-01T18:05:56"
"18","3_3","32.239648","-110.9439151","2023-03-01T18:06:02"
"18","3_3","32.239154","-110.9439104","2023-03-01T18:06:07"
"18","3_3","32.2386588","-110.9439057","2023-03-01T18:06:08"
"18","3_3","32.2386585","-110.9438362","2023-03-01T18:06:10"
"18","3_3","32.2386584","-110.943763","2023-03-01T18:06:15"
"18","3_3","32.2386575","-110.9434625","2023-03-01T18:06:19"
"18","3_3","32.2386569","-110.9432565","2023-03-01T18:06:32"
"18","3_3","32.2386549","-110.9425398","2023-03-01T18:06:44"
"18","3_3","32.2380106","-110.942525","2023-03-01T18:06:56"
"18","3_3","32.2373424","-110.9425237","2023-03-01T18:07:08"
"18","3_3","32.2366831","-110.942505","2023-03-01T18:07:10"
"18","3_3","32.2365619","-110.9425066","2023-03-01T18:07:13"
"18","3_3","32.236389","-110.9425098","2023-03-01T18:07:16"
"18","3_3","32.2362474","-110.9425115","2023-03-01T18:07:16"
"18","3_3","32.2362261","-110.9425121","2023-03-01T18:07:17"
"18","3_3","32.2361761","-110.9425133","2023-03-01T18:07:19"
"18","3_3","32.2361749","-110.9423134","2023-03-01T18:07:23"
"18","3_3","32.2361733","-110.9420298","2023-03-01T18:07:25"
"18","3_3","32.2361722","-110.9418378","2023-03-01T18:07:31"
"18","3_3","32.2361689","-110.9412686","2023-03-01T18:07:33"
"18","3_3","32.2361677","-110.9410575","2023-03-01T18:07:35"
"18","3_3","32.2360865","-110.9410562","2023-03-01T18:07:36"
"18","3_3","32.2359936","-110.9410547","2023-03-01T18:07:38"
"18","3_3","32.2359163","-110.9410533","2023-03-01T18:07:38"
"18","3_3","32.2359036","-110.9410532","2023-03-01T18:07:38"
"18","3_3","32.2358843","-110.9410534","2023-03-01T18:07:39"
"18","3_3","32.2358332","-110.941053","2023-03-01T18:07:43"
"18","3_3","32.2356032","-110.9410522","2023-03-01T18:07:44"
"18","3_3","32.2355685","-110.9410517","2023-03-01T18:07:46"
"18","3_3","32.2354869","-110.9410514","2023-03-01T18:07:48"
"18","3_3","32.2353606","-110.9410506","2023-03-01T18:07:56"
"18","3_3","32.2348981","-110.9410475","2023-03-01T18:08:06"
"18","3_3","32.2343799","-110.941048","2023-03-01T18:08:15"
"18","3_3","32.2338689","-110.941048","2023-03-01T18:08:24"
"18","3_3","32.2333522","-110.94104","2023-03-01T18:08:34"
"18","3_3","32.2328357","-110.9410323","2023-03-01T18:08:43"
"18","3_3","32.2323593","-110.9410326","2023-03-01T18:08:52"
"18","3_3","32.2318565","-110.941033","2023-03-01T18:08:53"
"18","3_3","32.2317789","-110.941033","2023-03-01T18:08:54"
"18","3_3","32.2317218","-110.941031","2023-03-01T18:09:02"
"18","3_3","32.2313007","-110.941026","2023-03-01T18:09:08"
"18","3_3","32.2309689","-110.9410211","2023-03-01T18:09:17"
"18","3_3","32.2304709","-110.9410138","2023-03-01T18:09:26"
"18","3_3","32.2299875","-110.9410185","2023-03-01T18:09:32"
"18","3_3","32.2296672","-110.9410099","2023-03-01T18:09:40"
"18","3_3","32.2291868","-110.9410037","2023-03-01T18:09:42"
"18","3_3","32.2290867","-110.9410004","2023-03-01T18:09:50"
"18","3_3","32.2286762","-110.9409986","2023-03-01T18:09:55"
"18","3_3","32.2283704","-110.9410045","2023-03-01T18:10:02"
"18","3_3","32.2279768","-110.9410021","2023-03-01T18:10:03"
"18","3_3","32.2279618","-110.941002","2023-03-01T18:10:04"
"18","3_3","32.2278714","-110.9410064","2023-03-01T18:10:06"
"18","3_3","32.2277946","-110.9410024","2023-03-01T18:10:06"
"18","3_3","32.2277867","-110.9410023","2023-03-01T18:10:14"
"18","3_3","32.2273587","-110.9409991","2023-03-01T18:10:28"
"18","3_3","32.2265439","-110.941006","2023-03-01T18:10:37"
"18","3_3","32.2260718","-110.9409886","2023-03-01T18:10:43"
"18","3_3","32.2257641","-110.9409795","2023-03-01T18:10:52"
"18","3_3","32.225256","-110.9409736","2023-03-01T18:10:54"
"18","3_3","32.225168","-110.9409722","2023-03-01T18:11"
"18","3_3","32.2247991","-110.9409665","2023-03-01T18:11:06"
"18","3_3","32.2244928","-110.9409618","2023-03-01T18:11:13"
"18","3_3","32.224084","-110.9409555","2023-03-01T18:11:15"
"18","3_3","32.2239852","-110.940954","2023-03-01T18:11:17"
"18","3_3","32.2238939","-110.9409542","2023-03-01T18:11:24"
"18","3_3","32.2234937","-110.9409548","2023-03-01T18:11:30"
"18","3_3","32.2231836","-110.9409553","2023-03-01T18:11:37"
"18","3_3","32.2227794","-110.9409559","2023-03-01T18:11:39"
"18","3_3","32.2226852","-110.9409561","2023-03-01T18:11:40"
"18","3_3","32.2226858","-110.9408721","2023-03-01T18:11:42"
"18","3_3","32.2226863","-110.9408018","2023-03-01T18:12:04"
"18","3_3","32.222695","-110.939578","2023-03-01T18:12:05"
"18","3_3","32.222696","-110.939496","2023-03-01T18:12:08"
"18","3_3","32.2225539","-110.939496","2023-03-01T18:12:10"
"18","3_3","32.2224602","-110.939496","2023-03-01T18:12:12"
"18","3_3","32.22232","-110.9394965","2023-03-01T18:12:13"
"18","3_3","32.2222509","-110.9394958","2023-03-01T18:12:14"
"18","3_3","32.2222315","-110.939495","2023-03-01T18:12:14"
"18","3_3","32.2221937","-110.9394952","2023-03-01T18:12:16"
"18","3_3","32.2221371","-110.9394942","2023-03-01T18:12:16"
"18","3_3","32.2221187","-110.9394945","2023-03-01T18:12:17"
"18","3_3","32.2220758","-110.9394941","2023-03-01T18:12:26"
"18","3_3","32.2215843","-110.9394917","2023-03-01T18:12:29"
"18","3_3","32.2215764","-110.9391875","2023-03-01T18:12:29"
"19","3_3","32.2466016","-110.9385437","2023-03-01T18:04:40"
"19","3_3","32.2474772","-110.9385537","2023-03-01T18:04:55"
"19","3_3","32.2483449","-110.9385622","2023-03-01T18:04:57"
"19","3_3","32.2484346","-110.9385635","2023-03-01T18:05:29"
"19","3_3","32.24842","-110.940348","2023-03-01T18:05:34"
"19","3_3","32.2484367","-110.9406193","2023-03-01T18:05:38"
"19","3_3","32.2484659","-110.9408216","2023-03-01T18:05:43"
"19","3_3","32.248541","-110.9411077","2023-03-01T18:05:50"
"19","3_3","32.2486974","-110.9414349","2023-03-01T18:05:54"
"19","3_3","32.2487913","-110.9416528","2023-03-01T18:05:59"
"19","3_3","32.2488852","-110.9418921","2023-03-01T18:06:03"
"19","3_3","32.2489248","-110.9421264","2023-03-01T18:06:09"
"19","3_3","32.2489454","-110.942407","2023-03-01T18:06:10"
"19","3_3","32.2489462","-110.942468","2023-03-01T18:06:10"
"19","3_3","32.2489573","-110.9424808","2023-03-01T18:06:11"
"19","3_3","32.2489688","-110.9425083","2023-03-01T18:06:11"
"19","3_3","32.248972","-110.9425387","2023-03-01T18:06:12"
"19","3_3","32.2489666","-110.9425687","2023-03-01T18:06:12"
"19","3_3","32.2489531","-110.9425949","2023-03-01T18:06:13"
"19","3_3","32.2489331","-110.9426144","2023-03-01T18:06:13"
"19","3_3","32.2489088","-110.942625","2023-03-01T18:06:14"
"19","3_3","32.2488829","-110.9426256","2023-03-01T18:06:14"
"19","3_3","32.2488588","-110.9426164","2023-03-01T18:06:14"
"19","3_3","32.2488522","-110.9426106","2023-03-01T18:06:16"
"19","3_3","32.2488548","-110.9426934","2023-03-01T18:06:38"
"19","3_3","32.2488582","-110.9438932","2023-03-01T18:06:39"
"19","3_3","32.2488585","-110.9439725","2023-03-01T18:06:41"
"19","3_3","32.2487223","-110.9439724","2023-03-01T18:06:42"
"19","3_3","32.2485484","-110.9439718","2023-03-01T18:06:44"
"19","3_3","32.2485492","-110.9438911","2023-03-01T18:06:44"
"19","3_3","32.2485494","-110.9438718","2023-03-01T18:06:45"
"19","3_3","32.2485499","-110.94382","2023-03-01T18:06:47"
"19","3_3","32.248494","-110.9437516","2023-03-01T18:07:28"
"19","3_3","32.2462606","-110.9437416","2023-03-01T18:07:40"
"19","3_3","32.2455608","-110.9437375","2023-03-01T18:07:42"
"19","3_3","32.2454474","-110.9437368","2023-03-01T18:08:12"
"19","3_3","32.2438072","-110.9437328","2023-03-01T18:08:14"
"19","3_3","32.2437609","-110.9437907","2023-03-01T18:08:14"
"19","3_3","32.2437301","-110.9438294","2023-03-01T18:08:15"
"19","3_3","32.2437301","-110.9438657","2023-03-01T18:08:15"
"19","3_3","32.2437301","-110.9438816","2023-03-01T18:08:17"
"19","3_3","32.2437301","-110.9439586","2023-03-01T18:08:26"
"19","3_3","32.2428612","-110.943951","2023-03-01T18:08:27"
"19","3_3","32.2427913","-110.943951","2023-03-01T18:08:27"
"19","3_3","32.242769","-110.9439502","2023-03-01T18:08:27"
"19","3_3","32.2427629","-110.9439508","2023-03-01T18:08:28"
"19","3_3","32.2427312","-110.943949","2023-03-01T18:08:28"
"19","3_3","32.2426839","-110.9439492","2023-03-01T18:08:29"
"19","3_3","32.2426452","-110.943948","2023-03-01T18:08:29"
"19","3_3","32.2426007","-110.9439476","2023-03-01T18:08:29"
"19","3_3","32.242596","-110.943947","2023-03-01T18:08:29"
"19","3_3","32.2425882","-110.943947","2023-03-01T18:08:34"
"19","3_3","32.2421879","-110.9439347","2023-03-01T18:08:39"
"19","3_3","32.2416646","-110.9439183","2023-03-01T18:08:45"
"19","3_3","32.24116","-110.9439234","2023-03-01T18:08:46"
"19","3_3","32.2410837","-110.943922","2023-03-01T18:08:46"
"19","3_3","32.2410693","-110.943922","2023-03-01T18:08:47"
"19","3_3","32.2409831","-110.9439236","2023-03-01T18:08:50"
"19","3_3","32.2406506","-110.9439262","2023-03-01T18:09:01"
"19","3_3","32.239648","-110.9439151","2023-03-01T18:09:07"
"19","3_3","32.239154","-110.9439104","2023-03-01T18:09:12"
"19","3_3","32.2386588","-110.9439057","2023-03-01T18:09:13"
"19","3_3","32.2386585","-110.9438362","2023-03-01T18:09:15"
"19","3_3","32.2386584","-110.943763","2023-03-01T18:09:20"
"19","3_3","32.2386575","-110.9434625","2023-03-01T18:09:24"
"19","3_3","32.2386569","-110.9432565","2023-03-01T18:09:37"
"19","3_3","32.2386549","-110.9425398","2023-03-01T18:09:49"
"19","3_3","32.2380106","-110.942525","2023-03-01T18:10:01"
"19","3_3","32.2373424","-110.9425237","2023-03-01T18:10:13"
"19","3_3","32.2366831","-110.942505","2023-03-01T18:10:15"
"19","3_3","32.2365619","-110.9425066","2023-03-01T18:10:18"
"19","3_3","32.236389","-110.9425098","2023-03-01T18:10:21"
"19","3_3","32.2362474","-110.9425115","2023-03-01T18:10:21"
"19","3_3","32.2362261","-110.9425121","2023-03-01T18:10:22"
"19","3_3","32.2361761","-110.9425133","2023-03-01T18:10:24"
"19","3_3","32.2361749","-110.9423134","2023-03-01T18:10:28"
"19","3_3","32.2361733","-110.9420298","2023-03-01T18:10:30"
"19","3_3","32.2361722","-110.9418378","2023-03-01T18:10:36"
"19","3_3","32.2361689","-110.9412686","2023-03-01T18:10:38"
"19","3_3","32.2361677","-110.9410575","2023-03-01T18:10:40"
"19","3_3","32.2360865","-110.9410562","2023-03-01T18:10:41"
"19","3_3","32.2359936","-110.9410547","2023-03-01T18:10:43"
"19","3_3","32.2359163","-110.9410533","2023-03-01T18:10:43"
"19","3_3","32.2359036","-110.9410532","2023-03-01T18:10:43"
"19","3_3","32.2358843","-110.9410534","2023-03-01T18:10:44"
"19","3_3","32.2358332","-110.941053","2023-03-01T18:10:48"
"19","3_3","32.2356032","-110.9410522","2023-03-01T18:10:49"
"19","3_3","32.2355685","-110.9410517","2023-03-01T18:10:51"
"19","3_3","32.2354869","-110.9410514","2023-03-01T18:10:53"
"19","3_3","32.2353606","-110.9410506","2023-03-01T18:11:01"
"19","3_3","32.2348981","-110.9410475","2023-03-01T18:11:11"
"19","3_3","32.2343799","-110.941048","2023-03-01T18:11:20"
"19","3_3","32.2338689","-110.941048","2023-03-01T18:11:29"
"19","3_3","32.2333522","-110.94104","2023-03-01T18:11:39"
"19","3_3","32.2328357","-110.9410323","2023-03-01T18:11:48"
"19","3_3","32.2323593","-110.9410326","2023-03-01T18:11:57"
"19","3_3","32.2318565","-110.941033","2023-03-01T18:11:58"
"19","3_3","32.2317789","-110.941033","2023-03-01T18:11:59"
"19","3_3","32.2317218","-110.941031","2023-03-01T18:12:07"
"19","3_3","32.2313007","-110.941026","2023-03-01T18:12:13"
"19","3_3","32.2309689","-110.9410211","2023-03-01T18:12:22"
"19","3_3","32.2304709","-110.9410138","2023-03-01T18:12:31"
"19","3_3","32.2299875","-110.9410185","2023-03-01T18:12:37"
"19","3_3","32.2296672","-110.9410099","2023-03-01T18:12:45"
"19","3_3","32.2291868","-110.9410037","2023-03-01T18:12:47"
"19","3_3","32.2290867","-110.9410004","2023-03-01T18:12:55"
"19","3_3","32.2286762","-110.9409986","2023-03-01T18:13"
"19","3_3","32.2283704","-110.9410045","2023-03-01T18:13:07"
"19","3_3","32.2279768","-110.9410021","2023-03-01T18:13:08"
"19","3_3","32.2279618","-110.941002","2023-03-01T18:13:09"
"19","3_3","32.2278714","-110.9410064","2023-03-01T18:13:11"
"19","3_3","32.2277946","-110.9410024","2023-03-01T18:13:11"
"19","3_3","32.2277867","-110.9410023","2023-03-01T18:13:19"
"19","3_3","32.2273587","-110.9409991","2023-03-01T18:13:33"
"19","3_3","32.2265439","-110.941006","2023-03-01T18:13:42"
"19","3_3","32.2260718","-110.9409886","2023-03-01T18:13:48"
"19","3_3","32.2257641","-110.9409795","2023-03-01T18:13:57"
"19","3_3","32.225256","-110.9409736","2023-03-01T18:13:59"
"19","3_3","32.225168","-110.9409722","2023-03-01T18:14:05"
"19","3_3","32.2247991","-110.9409665","2023-03-01T18:14:11"
"19","3_3","32.2244928","-110.9409618","2023-03-01T18:14:18"
"19","3_3","32.224084","-110.9409555","2023-03-01T18:14:20"
"19","3_3","32.2239852","-110.940954","2023-03-01T18:14:22"
"19","3_3","32.2238939","-110.9409542","2023-03-01T18:14:29"
"19","3_3","32.2234937","-110.9409548","2023-03-01T18:14:35"
"19","3_3","32.2231836","-110.9409553","2023-03-01T18:14:42"
"19","3_3","32.2227794","-110.9409559","2023-03-01T18:14:44"
"19","3_3","32.2226852","-110.9409561","2023-03-01T18:14:45"
"19","3_3","32.2226858","-110.9408721","2023-03-01T18:14:47"
"19","3_3","32.2226863","-110.9408018","2023-03-01T18:15:09"
"19","3_3","32.222695","-110.939578","2023-03-01T18:15:10"
"19","3_3","32.222696","-110.939496","2023-03-01T18:15:13"
"19","3_3","32.2225539","-110.939496","2023-03-01T18:15:15"
"19","3_3","32.2224602","-110.939496","2023-03-01T18:15:17"
"19","3_3","32.22232","-110.9394965","2023-03-01T18:15:18"
"19","3_3","32.2222509","-110.9394958","2023-03-01T18:15:19"
"19","3_3","32.2222315","-110.939495","2023-03-01T18:15:19"
"19","3_3","32.2221937","-110.9394952","2023-03-01T18:15:21"
"19","3_3","32.2221371","-110.9394942","2023-03-01T18:15:21"
"19","3_3","32.2221187","-110.9394945","2023-03-01T18:15:22"
"19","3_3","32.2220758","-110.9394941","2023-03-01T18:15:31"
"19","3_3","32.2215843","-110.9394917","2023-03-01T18:15:34"
"19","3_3","32.2215764","-110.9391875","2023-03-01T18:15:34"
"20","3_3","32.2466016","-110.9385437","2023-03-01T18:36:50"
"20","3_3","32.2474772","-110.9385537","2023-03-01T18:37:05"
"20","3_3","32.2483449","-110.9385622","2023-03-01T18:37:07"
"20","3_3","32.2484346","-110.9385635","2023-03-01T18:37:39"
"20","3_3","32.24842","-110.940348","2023-03-01T18:37:44"
"20","3_3","32.2484367","-110.9406193","2023-03-01T18:37:48"
"20","3_3","32.2484659","-110.9408216","2023-03-01T18:37:53"
"20","3_3","32.248541","-110.9411077","2023-03-01T18:38"
"20","3_3","32.2486974","-110.9414349","2023-03-01T18:38:04"
"20","3_3","32.2487913","-110.9416528","2023-03-01T18:38:09"
"20","3_3","32.2488852","-110.9418921","2023-03-01T18:38:13"
"20","3_3","32.2489248","-110.9421264","2023-03-01T18:38:19"
"20","3_3","32.2489454","-110.942407","2023-03-01T18:38:20"
"20","3_3","32.2489462","-110.942468","2023-03-01T18:38:20"
"20","3_3","32.2489573","-110.9424808","2023-03-01T18:38:21"
"20","3_3","32.2489688","-110.9425083","2023-03-01T18:38:21"
"20","3_3","32.248972","-110.9425387","2023-03-01T18:38:22"
"20","3_3","32.2489666","-110.9425687","2023-03-01T18:38:22"
"20","3_3","32.2489531","-110.9425949","2023-03-01T18:38:23"
"20","3_3","32.2489331","-110.9426144","2023-03-01T18:38:23"
"20","3_3","32.2489088","-110.942625","2023-03-01T18:38:24"
"20","3_3","32.2488829","-110.9426256","2023-03-01T18:38:24"
"20","3_3","32.2488588","-110.9426164","2023-03-01T18:38:24"
"20","3_3","32.2488522","-110.9426106","2023-03-01T18:38:26"
"20","3_3","32.2488548","-110.9426934","2023-03-01T18:38:48"
"20","3_3","32.2488582","-110.9438932","2023-03-01T18:38:49"
"20","3_3","32.2488585","-110.9439725","2023-03-01T18:38:51"
"20","3_3","32.2487223","-110.9439724","2023-03-01T18:38:52"
"20","3_3","32.2485484","-110.9439718","2023-03-01T18:38:54"
"20","3_3","32.2485492","-110.9438911","2023-03-01T18:38:54"
"20","3_3","32.2485494","-110.9438718","2023-03-01T18:38:55"
"20","3_3","32.2485499","-110.94382","2023-03-01T18:38:57"
"20","3_3","32.248494","-110.9437516","2023-03-01T18:39:38"
"20","3_3","32.2462606","-110.9437416","2023-03-01T18:39:50"
"20","3_3","32.2455608","-110.9437375","2023-03-01T18:39:52"
"20","3_3","32.2454474","-110.9437368","2023-03-01T18:40:22"
"20","3_3","32.2438072","-110.9437328","2023-03-01T18:40:24"
"20","3_3","32.2437609","-110.9437907","2023-03-01T18:40:24"
"20","3_3","32.2437301","-110.9438294","2023-03-01T18:40:25"
"20","3_3","32.2437301","-110.9438657","2023-03-01T18:40:25"
"20","3_3","32.2437301","-110.9438816","2023-03-01T18:40:27"
"20","3_3","32.2437301","-110.9439586","2023-03-01T18:40:36"
"20","3_3","32.2428612","-110.943951","2023-03-01T18:40:37"
"20","3_3","32.2427913","-110.943951","2023-03-01T18:40:37"
"20","3_3","32.242769","-110.9439502","2023-03-01T18:40:37"
"20","3_3","32.2427629","-110.9439508","2023-03-01T18:40:38"
"20","3_3","32.2427312","-110.943949","2023-03-01T18:40:38"
"20","3_3","32.2426839","-110.9439492","2023-03-01T18:40:39"
"20","3_3","32.2426452","-110.943948","2023-03-01T18:40:39"
"20","3_3","32.2426007","-110.9439476","2023-03-01T18:40:39"
"20","3_3","32.242596","-110.943947","2023-03-01T18:40:39"
"20","3_3","32.2425882","-110.943947","2023-03-01T18:40:44"
"20","3_3","32.2421879","-110.9439347","2023-03-01T18:40:49"
"20","3_3","32.2416646","-110.9439183","2023-03-01T18:40:55"
"20","3_3","32.24116","-110.9439234","2023-03-01T18:40:56"
"20","3_3","32.2410837","-110.943922","2023-03-01T18:40:56"
"20","3_3","32.2410693","-110.943922","2023-03-01T18:40:57"
"20","3_3","32.2409831","-110.9439236","2023-03-01T18:41"
"20","3_3","32.2406506","-110.9439262","2023-03-01T18:41:11"
"20","3_3","32.239648","-110.9439151","2023-03-01T18:41:17"
"20","3_3","32.239154","-110.9439104","2023-03-01T18:41:22"
"20","3_3","32.2386588","-110.9439057","2023-03-01T18:41:23"
"20","3_3","32.2386585","-110.9438362","2023-03-01T18:41:25"
"20","3_3","32.2386584","-110.943763","2023-03-01T18:41:30"
"20","3_3","32.2386575","-110.9434625","2023-03-01T18:41:34"
"20","3_3","32.2386569","-110.9432565","2023-03-01T18:41:47"
"20","3_3","32.2386549","-110.9425398","2023-03-01T18:41:59"
"20","3_3","32.2380106","-110.942525","2023-03-01T18:42:11"
"20","3_3","32.2373424","-110.9425237","2023-03-01T18:42:23"
"20","3_3","32.2366831","-110.942505","2023-03-01T18:42:25"
"20","3_3","32.2365619","-110.9425066","2023-03-01T18:42:28"
"20","3_3","32.236389","-110.9425098","2023-03-01T18:42:31"
"20","3_3","32.2362474","-110.9425115","2023-03-01T18:42:31"
"20","3_3","32.2362261","-110.9425121","2023-03-01T18:42:32"
"20","3_3","32.2361761","-110.9425133","2023-03-01T18:42:34"
"20","3_3","32.2361749","-110.9423134","2023-03-01T18:42:38"
"20","3_3","32.2361733","-110.9420298","2023-03-01T18:42:40"
"20","3_3","32.2361722","-110.9418378","2023-03-01T18:42:46"
"20","3_3","32.2361689","-110.9412686","2023-03-01T18:42:48"
"20","3_3","32.2361677","-110.9410575","2023-03-01T18:42:50"
"20","3_3","32.2360865","-110.9410562","2023-03-01T18:42:51"
"20","3_3","32.2359936","-110.9410547","2023-03-01T18:42:53"
"20","3_3","32.2359163","-110.9410533","2023-03-01T18:42:53"
"20","3_3","32.2359036","-110.9410532","2023-03-01T18:42:53"
"20","3_3","32.2358843","-110.9410534","2023-03-01T18:42:54"
"20","3_3","32.2358332","-110.941053","2023-03-01T18:42:58"
"20","3_3","32.2356032","-110.9410522","2023-03-01T18:42:59"
"20","3_3","32.2355685","-110.9410517","2023-03-01T18:43:01"
"20","3_3","32.2354869","-110.9410514","2023-03-01T18:43:03"
"20","3_3","32.2353606","-110.9410506","2023-03-01T18:43:11"
"20","3_3","32.2348981","-110.9410475","2023-03-01T18:43:21"
"20","3_3","32.2343799","-110.941048","2023-03-01T18:43:30"
"20","3_3","32.2338689","-110.941048","2023-03-01T18:43:39"
"20","3_3","32.2333522","-110.94104","2023-03-01T18:43:49"
"20","3_3","32.2328357","-110.9410323","2023-03-01T18:43:58"
"20","3_3","32.2323593","-110.9410326","2023-03-01T18:44:07"
"20","3_3","32.2318565","-110.941033","2023-03-01T18:44:08"
"20","3_3","32.2317789","-110.941033","2023-03-01T18:44:09"
"20","3_3","32.2317218","-110.941031","2023-03-01T18:44:17"
"20","3_3","32.2313007","-110.941026","2023-03-01T18:44:23"
"20","3_3","32.2309689","-110.9410211","2023-03-01T18:44:32"
"20","3_3","32.2304709","-110.9410138","2023-03-01T18:44:41"
"20","3_3","32.2299875","-110.9410185","2023-03-01T18:44:47"
"20","3_3","32.2296672","-110.9410099","2023-03-01T18:44:55"
"20","3_3","32.2291868","-110.9410037","2023-03-01T18:44:57"
"20","3_3","32.2290867","-110.9410004","2023-03-01T18:45:05"
"20","3_3","32.2286762","-110.9409986","2023-03-01T18:45:10"
"20","3_3","32.2283704","-110.9410045","2023-03-01T18:45:17"
"20","3_3","32.2279768","-110.9410021","2023-03-01T18:45:18"
"20","3_3","32.2279618","-110.941002","2023-03-01T18:45:19"
"20","3_3","32.2278714","-110.9410064","2023-03-01T18:45:21"
"20","3_3","32.2277946","-110.9410024","2023-03-01T18:45:21"
"20","3_3","32.2277867","-110.9410023","2023-03-01T18:45:29"
"20","3_3","32.2273587","-110.9409991","2023-03-01T18:45:43"
"20","3_3","32.2265439","-110.941006","2023-03-01T18:45:52"
"20","3_3","32.2260718","-110.9409886","2023-03-01T18:45:58"
"20","3_3","32.2257641","-110.9409795","2023-03-01T18:46:07"
"20","3_3","32.225256","-110.9409736","2023-03-01T18:46:09"
"20","3_3","32.225168","-110.9409722","2023-03-01T18:46:15"
"20","3_3","32.2247991","-110.9409665","2023-03-01T18:46:21"
"20","3_3","32.2244928","-110.9409618","2023-03-01T18:46:28"
"20","3_3","32.224084","-110.9409555","2023-03-01T18:46:30"
"20","3_3","32.2239852","-110.940954","2023-03-01T18:46:32"
"20","3_3","32.2238939","-110.9409542","2023-03-01T18:46:39"
"20","3_3","32.2234937","-110.9409548","2023-03-01T18:46:45"
"20","3_3","32.2231836","-110.9409553","2023-03-01T18:46:52"
"20","3_3","32.2227794","-110.9409559","2023-03-01T18:46:54"
"20","3_3","32.2226852","-110.9409561","2023-03-01T18:46:55"
"20","3_3","32.2226858","-110.9408721","2023-03-01T18:46:57"
"20","3_3","32.2226863","-110.9408018","2023-03-01T18:47:19"
"20","3_3","32.222695","-110.939578","2023-03-01T18:47:20"
"20","3_3","32.222696","-110.939496","2023-03-01T18:47:23"
"20","3_3","32.2225539","-110.939496","2023-03-01T18:47:25"
"20","3_3","32.2224602","-110.939496","2023-03-01T18:47:27"
"20","3_3","32.22232","-110.9394965","2023-03-01T18:47:28"
"20","3_3","32.2222509","-110.9394958","2023-03-01T18:47:29"
"20","3_3","32.2222315","-110.939495","2023-03-01T18:47:29"
"20","3_3","32.2221937","-110.9394952","2023-03-01T18:47:31"
"20","3_3","32.2221371","-110.9394942","2023-03-01T18:47:31"
"20","3_3","32.2221187","-110.9394945","2023-03-01T18:47:32"
"20","3_3","32.2220758","-110.9394941","2023-03-01T18:47:41"
"20","3_3","32.2215843","-110.9394917","2023-03-01T18:47:44"
"20","3_3","32.2215764","-110.9391875","2023-03-01T18:47:44"
"21","3_3","32.2466016","-110.9385437","2023-03-01T18:35:17"
"21","3_3","32.2474772","-110.9385537","2023-03-01T18:35:32"
"21","3_3","32.2483449","-110.9385622","2023-03-01T18:35:34"
"21","3_3","32.2484346","-110.9385635","2023-03-01T18:36:06"
"21","3_3","32.24842","-110.940348","2023-03-01T18:36:11"
"21","3_3","32.2484367","-110.9406193","2023-03-01T18:36:15"
"21","3_3","32.2484659","-110.9408216","2023-03-01T18:36:20"
"21","3_3","32.248541","-110.9411077","2023-03-01T18:36:27"
"21","3_3","32.2486974","-110.9414349","2023-03-01T18:36:31"
"21","3_3","32.2487913","-110.9416528","2023-03-01T18:36:36"
"21","3_3","32.2488852","-110.9418921","2023-03-01T18:36:40"
"21","3_3","32.2489248","-110.9421264","2023-03-01T18:36:46"
"21","3_3","32.2489454","-110.942407","2023-03-01T18:36:47"
"21","3_3","32.2489462","-110.942468","2023-03-01T18:36:47"
"21","3_3","32.2489573","-110.9424808","2023-03-01T18:36:48"
"21","3_3","32.2489688","-110.9425083","2023-03-01T18:36:48"
"21","3_3","32.248972","-110.9425387","2023-03-01T18:36:49"
"21","3_3","32.2489666","-110.9425687","2023-03-01T18:36:49"
"21","3_3","32.2489531","-110.9425949","2023-03-01T18:36:50"
"21","3_3","32.2489331","-110.9426144","2023-03-01T18:36:50"
"21","3_3","32.2489088","-110.942625","2023-03-01T18:36:51"
"21","3_3","32.2488829","-110.9426256","2023-03-01T18:36:51"
"21","3_3","32.2488588","-110.9426164","2023-03-01T18:36:51"
"21","3_3","32.2488522","-110.9426106","2023-03-01T18:36:53"
"21","3_3","32.2488548","-110.9426934","2023-03-01T18:37:15"
"21","3_3","32.2488582","-110.9438932","2023-03-01T18:37:16"
"21","3_3","32.2488585","-110.9439725","2023-03-01T18:37:18"
"21","3_3","32.2487223","-110.9439724","2023-03-01T18:37:19"
"21","3_3","32.2485484","-110.9439718","2023-03-01T18:37:21"
"21","3_3","32.2485492","-110.9438911","2023-03-01T18:37:21"
"21","3_3","32.2485494","-110.9438718","2023-03-01T18:37:22"
"21","3_3","32.2485499","-110.94382","2023-03-01T18:37:24"
"21","3_3","32.248494","-110.9437516","2023-03-01T18:38:05"
"21","3_3","32.2462606","-110.9437416","2023-03-01T18:38:17"
"21","3_3","32.2455608","-110.9437375","2023-03-01T18:38:19"
"21","3_3","32.2454474","-110.9437368","2023-03-01T18:38:49"
"21","3_3","32.2438072","-110.9437328","2023-03-01T18:38:51"
"21","3_3","32.2437609","-110.9437907","2023-03-01T18:38:51"
"21","3_3","32.2437301","-110.9438294","2023-03-01T18:38:52"
"21","3_3","32.2437301","-110.9438657","2023-03-01T18:38:52"
"21","3_3","32.2437301","-110.9438816","2023-03-01T18:38:54"
"21","3_3","32.2437301","-110.9439586","2023-03-01T18:39:03"
"21","3_3","32.2428612","-110.943951","2023-03-01T18:39:04"
"21","3_3","32.2427913","-110.943951","2023-03-01T18:39:04"
"21","3_3","32.242769","-110.9439502","2023-03-01T18:39:04"
"21","3_3","32.2427629","-110.9439508","2023-03-01T18:39:05"
"21","3_3","32.2427312","-110.943949","2023-03-01T18:39:05"
"21","3_3","32.2426839","-110.9439492","2023-03-01T18:39:06"
"21","3_3","32.2426452","-110.943948","2023-03-01T18:39:06"
"21","3_3","32.2426007","-110.9439476","2023-03-01T18:39:06"
"21","3_3","32.242596","-110.943947","2023-03-01T18:39:06"
"21","3_3","32.2425882","-110.943947","2023-03-01T18:39:11"
"21","3_3","32.2421879","-110.9439347","2023-03-01T18:39:16"
"21","3_3","32.2416646","-110.9439183","2023-03-01T18:39:22"
"21","3_3","32.24116","-110.9439234","2023-03-01T18:39:23"
"21","3_3","32.2410837","-110.943922","2023-03-01T18:39:23"
"21","3_3","32.2410693","-110.943922","2023-03-01T18:39:24"
"21","3_3","32.2409831","-110.9439236","2023-03-01T18:39:27"
"21","3_3","32.2406506","-110.9439262","2023-03-01T18:39:38"
"21","3_3","32.239648","-110.9439151","2023-03-01T18:39:44"
"21","3_3","32.239154","-110.9439104","2023-03-01T18:39:49"
"21","3_3","32.2386588","-110.9439057","2023-03-01T18:39:50"
"21","3_3","32.2386585","-110.9438362","2023-03-01T18:39:52"
"21","3_3","32.2386584","-110.943763","2023-03-01T18:39:57"
"21","3_3","32.2386575","-110.9434625","2023-03-01T18:40:01"
"21","3_3","32.2386569","-110.9432565","2023-03-01T18:40:14"
"21","3_3","32.2386549","-110.9425398","2023-03-01T18:40:26"
"21","3_3","32.2380106","-110.942525","2023-03-01T18:40:38"
"21","3_3","32.2373424","-110.9425237","2023-03-01T18:40:50"
"21","3_3","32.2366831","-110.942505","2023-03-01T18:40:52"
"21","3_3","32.2365619","-110.9425066","2023-03-01T18:40:55"
"21","3_3","32.236389","-110.9425098","2023-03-01T18:40:58"
"21","3_3","32.2362474","-110.9425115","2023-03-01T18:40:58"
"21","3_3","32.2362261","-110.9425121","2023-03-01T18:40:59"
"21","3_3","32.2361761","-110.9425133","2023-03-01T18:41:01"
"21","3_3","32.2361749","-110.9423134","2023-03-01T18:41:05"
"21","3_3","32.2361733","-110.9420298","2023-03-01T18:41:07"
"21","3_3","32.2361722","-110.9418378","2023-03-01T18:41:13"
"21","3_3","32.2361689","-110.9412686","2023-03-01T18:41:15"
"21","3_3","32.2361677","-110.9410575","2023-03-01T18:41:17"
"21","3_3","32.2360865","-110.9410562","2023-03-01T18:41:18"
"21","3_3","32.2359936","-110.9410547","2023-03-01T18:41:20"
"21","3_3","32.2359163","-110.9410533","2023-03-01T18:41:20"
"21","3_3","32.2359036","-110.9410532","2023-03-01T18:41:20"
"21","3_3","32.2358843","-110.9410534","2023-03-01T18:41:21"
"21","3_3","32.2358332","-110.941053","2023-03-01T18:41:25"
"21","3_3","32.2356032","-110.9410522","2023-03-01T18:41:26"
"21","3_3","32.2355685","-110.9410517","2023-03-01T18:41:28"
"21","3_3","32.2354869","-110.9410514","2023-03-01T18:41:30"
"21","3_3","32.2353606","-110.9410506","2023-03-01T18:41:38"
"21","3_3","32.2348981","-110.9410475","2023-03-01T18:41:48"
"21","3_3","32.2343799","-110.941048","2023-03-01T18:41:57"
"21","3_3","32.2338689","-110.941048","2023-03-01T18:42:06"
"21","3_3","32.2333522","-110.94104","2023-03-01T18:42:16"
"21","3_3","32.2328357","-110.9410323","2023-03-01T18:42:25"
"21","3_3","32.2323593","-110.9410326","2023-03-01T18:42:34"
"21","3_3","32.2318565","-110.941033","2023-03-01T18:42:35"
"21","3_3","32.2317789","-110.941033","2023-03-01T18:42:36"
"21","3_3","32.2317218","-110.941031","2023-03-01T18:42:44"
"21","3_3","32.2313007","-110.941026","2023-03-01T18:42:50"
"21","3_3","32.2309689","-110.9410211","2023-03-01T18:42:59"
"21","3_3","32.2304709","-110.9410138","2023-03-01T18:43:08"
"21","3_3","32.2299875","-110.9410185","2023-03-01T18:43:14"
"21","3_3","32.2296672","-110.9410099","2023-03-01T18:43:22"
"21","3_3","32.2291868","-110.9410037","2023-03-01T18:43:24"
"21","3_3","32.2290867","-110.9410004","2023-03-01T18:43:32"
"21","3_3","32.2286762","-110.9409986","2023-03-01T18:43:37"
"21","3_3","32.2283704","-110.9410045","2023-03-01T18:43:44"
"21","3_3","32.2279768","-110.9410021","2023-03-01T18:43:45"
"21","3_3","32.2279618","-110.941002","2023-03-01T18:43:46"
"21","3_3","32.2278714","-110.9410064","2023-03-01T18:43:48"
"21","3_3","32.2277946","-110.9410024","2023-03-01T18:43:48"
"21","3_3","32.2277867","-110.9410023","2023-03-01T18:43:56"
"21","3_3","32.2273587","-110.9409991","2023-03-01T18:44:10"
"21","3_3","32.2265439","-110.941006","2023-03-01T18:44:19"
"21","3_3","32.2260718","-110.9409886","2023-03-01T18:44:25"
"21","3_3","32.2257641","-110.9409795","2023-03-01T18:44:34"
"21","3_3","32.225256","-110.9409736","2023-03-01T18:44:36"
"21","3_3","32.225168","-110.9409722","2023-03-01T18:44:42"
"21","3_3","32.2247991","-110.9409665","2023-03-01T18:44:48"
"21","3_3","32.2244928","-110.9409618","2023-03-01T18:44:55"
"21","3_3","32.224084","-110.9409555","2023-03-01T18:44:57"
"21","3_3","32.2239852","-110.940954","2023-03-01T18:44:59"
"21","3_3","32.2238939","-110.9409542","2023-03-01T18:45:06"
"21","3_3","32.2234937","-110.9409548","2023-03-01T18:45:12"
"21","3_3","32.2231836","-110.9409553","2023-03-01T18:45:19"
"21","3_3","32.2227794","-110.9409559","2023-03-01T18:45:21"
"21","3_3","32.2226852","-110.9409561","2023-03-01T18:45:22"
"21","3_3","32.2226858","-110.9408721","2023-03-01T18:45:24"
"21","3_3","32.2226863","-110.9408018","2023-03-01T18:45:46"
"21","3_3","32.222695","-110.939578","2023-03-01T18:45:47"
"21","3_3","32.222696","-110.939496","2023-03-01T18:45:50"
"21","3_3","32.2225539","-110.939496","2023-03-01T18:45:52"
"21","3_3","32.2224602","-110.939496","2023-03-01T18:45:54"
"21","3_3","32.22232","-110.9394965","2023-03-01T18:45:55"
"21","3_3","32.2222509","-110.9394958","2023-03-01T18:45:56"
"21","3_3","32.2222315","-110.939495","2023-03-01T18:45:56"
"21","3_3","32.2221937","-110.9394952","2023-03-01T18:45:58"
"21","3_3","32.2221371","-110.9394942","2023-03-01T18:45:58"
"21","3_3","32.2221187","-110.9394945","2023-03-01T18:45:59"
"21","3_3","32.2220758","-110.9394941","2023-03-01T18:46:08"
"21","3_3","32.2215843","-110.9394917","2023-03-01T18:46:11"
"21","3_3","32.2215764","-110.9391875","2023-03-01T18:46:11"
"22","3_3","32.2466016","-110.9385437","2023-03-01T18:44:25"
"22","3_3","32.2474772","-110.9385537","2023-03-01T18:44:40"
"22","3_3","32.2483449","-110.9385622","2023-03-01T18:44:42"
"22","3_3","32.2484346","-110.9385635","2023-03-01T18:45:14"
"22","3_3","32.24842","-110.940348","2023-03-01T18:45:19"
"22","3_3","32.2484367","-110.9406193","2023-03-01T18:45:23"
"22","3_3","32.2484659","-110.9408216","2023-03-01T18:45:28"
"22","3_3","32.248541","-110.9411077","2023-03-01T18:45:35"
"22","3_3","32.2486974","-110.9414349","2023-03-01T18:45:39"
"22","3_3","32.2487913","-110.9416528","2023-03-01T18:45:44"
"22","3_3","32.2488852","-110.9418921","2023-03-01T18:45:48"
"22","3_3","32.2489248","-110.9421264","2023-03-01T18:45:54"
"22","3_3","32.2489454","-110.942407","2023-03-01T18:45:55"
"22","3_3","32.2489462","-110.942468","2023-03-01T18:45:55"
"22","3_3","32.2489573","-110.9424808","2023-03-01T18:45:56"
"22","3_3","32.2489688","-110.9425083","2023-03-01T18:45:56"
"22","3_3","32.248972","-110.9425387","2023-03-01T18:45:57"
"22","3_3","32.2489666","-110.9425687","2023-03-01T18:45:57"
"22","3_3","32.2489531","-110.9425949","2023-03-01T18:45:58"
"22","3_3","32.2489331","-110.9426144","2023-03-01T18:45:58"
"22","3_3","32.2489088","-110.942625","2023-03-01T18:45:59"
"22","3_3","32.2488829","-110.9426256","2023-03-01T18:45:59"
"22","3_3","32.2488588","-110.9426164","2023-03-01T18:45:59"
"22","3_3","32.2488522","-110.9426106","2023-03-01T18:46:01"
"22","3_3","32.2488548","-110.9426934","2023-03-01T18:46:23"
"22","3_3","32.2488582","-110.9438932","2023-03-01T18:46:24"
"22","3_3","32.2488585","-110.9439725","2023-03-01T18:46:26"
"22","3_3","32.2487223","-110.9439724","2023-03-01T18:46:27"
"22","3_3","32.2485484","-110.9439718","2023-03-01T18:46:29"
"22","3_3","32.2485492","-110.9438911","2023-03-01T18:46:29"
"22","3_3","32.2485494","-110.9438718","2023-03-01T18:46:30"
"22","3_3","32.2485499","-110.94382","2023-03-01T18:46:32"
"22","3_3","32.248494","-110.9437516","2023-03-01T18:47:13"
"22","3_3","32.2462606","-110.9437416","2023-03-01T18:47:25"
"22","3_3","32.2455608","-110.9437375","2023-03-01T18:47:27"
"22","3_3","32.2454474","-110.9437368","2023-03-01T18:47:57"
"22","3_3","32.2438072","-110.9437328","2023-03-01T18:47:59"
"22","3_3","32.2437609","-110.9437907","2023-03-01T18:47:59"
"22","3_3","32.2437301","-110.9438294","2023-03-01T18:48"
"22","3_3","32.2437301","-110.9438657","2023-03-01T18:48"
"22","3_3","32.2437301","-110.9438816","2023-03-01T18:48:02"
"22","3_3","32.2437301","-110.9439586","2023-03-01T18:48:11"
"22","3_3","32.2428612","-110.943951","2023-03-01T18:48:12"
"22","3_3","32.2427913","-110.943951","2023-03-01T18:48:12"
"22","3_3","32.242769","-110.9439502","2023-03-01T18:48:12"
"22","3_3","32.2427629","-110.9439508","2023-03-01T18:48:13"
"22","3_3","32.2427312","-110.943949","2023-03-01T18:48:13"
"22","3_3","32.2426839","-110.9439492","2023-03-01T18:48:14"
"22","3_3","32.2426452","-110.943948","2023-03-01T18:48:14"
"22","3_3","32.2426007","-110.9439476","2023-03-01T18:48:14"
"22","3_3","32.242596","-110.943947","2023-03-01T18:48:14"
"22","3_3","32.2425882","-110.943947","2023-03-01T18:48:19"
"22","3_3","32.2421879","-110.9439347","2023-03-01T18:48:24"
"22","3_3","32.2416646","-110.9439183","2023-03-01T18:48:30"
"22","3_3","32.24116","-110.9439234","2023-03-01T18:48:31"
"22","3_3","32.2410837","-110.943922","2023-03-01T18:48:31"
"22","3_3","32.2410693","-110.943922","2023-03-01T18:48:32"
"22","3_3","32.2409831","-110.9439236","2023-03-01T18:48:35"
"22","3_3","32.2406506","-110.9439262","2023-03-01T18:48:46"
"22","3_3","32.239648","-110.9439151","2023-03-01T18:48:52"
"22","3_3","32.239154","-110.9439104","2023-03-01T18:48:57"
"22","3_3","32.2386588","-110.9439057","2023-03-01T18:48:58"
"22","3_3","32.2386585","-110.9438362","2023-03-01T18:49"
"22","3_3","32.2386584","-110.943763","2023-03-01T18:49:05"
"22","3_3","32.2386575","-110.9434625","2023-03-01T18:49:09"
"22","3_3","32.2386569","-110.9432565","2023-03-01T18:49:22"
"22","3_3","32.2386549","-110.9425398","2023-03-01T18:49:34"
"22","3_3","32.2380106","-110.942525","2023-03-01T18:49:46"
"22","3_3","32.2373424","-110.9425237","2023-03-01T18:49:58"
"22","3_3","32.2366831","-110.942505","2023-03-01T18:50"
"22","3_3","32.2365619","-110.9425066","2023-03-01T18:50:03"
"22","3_3","32.236389","-110.9425098","2023-03-01T18:50:06"
"22","3_3","32.2362474","-110.9425115","2023-03-01T18:50:06"
"22","3_3","32.2362261","-110.9425121","2023-03-01T18:50:07"
"22","3_3","32.2361761","-110.9425133","2023-03-01T18:50:09"
"22","3_3","32.2361749","-110.9423134","2023-03-01T18:50:13"
"22","3_3","32.2361733","-110.9420298","2023-03-01T18:50:15"
"22","3_3","32.2361722","-110.9418378","2023-03-01T18:50:21"
"22","3_3","32.2361689","-110.9412686","2023-03-01T18:50:23"
"22","3_3","32.2361677","-110.9410575","2023-03-01T18:50:25"
"22","3_3","32.2360865","-110.9410562","2023-03-01T18:50:26"
"22","3_3","32.2359936","-110.9410547","2023-03-01T18:50:28"
"22","3_3","32.2359163","-110.9410533","2023-03-01T18:50:28"
"22","3_3","32.2359036","-110.9410532","2023-03-01T18:50:28"
"22","3_3","32.2358843","-110.9410534","2023-03-01T18:50:29"
"22","3_3","32.2358332","-110.941053","2023-03-01T18:50:33"
"22","3_3","32.2356032","-110.9410522","2023-03-01T18:50:34"
"22","3_3","32.2355685","-110.9410517","2023-03-01T18:50:36"
"22","3_3","32.2354869","-110.9410514","2023-03-01T18:50:38"
"22","3_3","32.2353606","-110.9410506","2023-03-01T18:50:46"
"22","3_3","32.2348981","-110.9410475","2023-03-01T18:50:56"
"22","3_3","32.2343799","-110.941048","2023-03-01T18:51:05"
"22","3_3","32.2338689","-110.941048","2023-03-01T18:51:14"
"22","3_3","32.2333522","-110.94104","2023-03-01T18:51:24"
"22","3_3","32.2328357","-110.9410323","2023-03-01T18:51:33"
"22","3_3","32.2323593","-110.9410326","2023-03-01T18:51:42"
"22","3_3","32.2318565","-110.941033","2023-03-01T18:51:43"
"22","3_3","32.2317789","-110.941033","2023-03-01T18:51:44"
"22","3_3","32.2317218","-110.941031","2023-03-01T18:51:52"
"22","3_3","32.2313007","-110.941026","2023-03-01T18:51:58"
"22","3_3","32.2309689","-110.9410211","2023-03-01T18:52:07"
"22","3_3","32.2304709","-110.9410138","2023-03-01T18:52:16"
"22","3_3","32.2299875","-110.9410185","2023-03-01T18:52:22"
"22","3_3","32.2296672","-110.9410099","2023-03-01T18:52:30"
"22","3_3","32.2291868","-110.9410037","2023-03-01T18:52:32"
"22","3_3","32.2290867","-110.9410004","2023-03-01T18:52:40"
"22","3_3","32.2286762","-110.9409986","2023-03-01T18:52:45"
"22","3_3","32.2283704","-110.9410045","2023-03-01T18:52:52"
"22","3_3","32.2279768","-110.9410021","2023-03-01T18:52:53"
"22","3_3","32.2279618","-110.941002","2023-03-01T18:52:54"
"22","3_3","32.2278714","-110.9410064","2023-03-01T18:52:56"
"22","3_3","32.2277946","-110.9410024","2023-03-01T18:52:56"
"22","3_3","32.2277867","-110.9410023","2023-03-01T18:53:04"
"22","3_3","32.2273587","-110.9409991","2023-03-01T18:53:18"
"22","3_3","32.2265439","-110.941006","2023-03-01T18:53:27"
"22","3_3","32.2260718","-110.9409886","2023-03-01T18:53:33"
"22","3_3","32.2257641","-110.9409795","2023-03-01T18:53:42"
"22","3_3","32.225256","-110.9409736","2023-03-01T18:53:44"
"22","3_3","32.225168","-110.9409722","2023-03-01T18:53:50"
"22","3_3","32.2247991","-110.9409665","2023-03-01T18:53:56"
"22","3_3","32.2244928","-110.9409618","2023-03-01T18:54:03"
"22","3_3","32.224084","-110.9409555","2023-03-01T18:54:05"
"22","3_3","32.2239852","-110.940954","2023-03-01T18:54:07"
"22","3_3","32.2238939","-110.9409542","2023-03-01T18:54:14"
"22","3_3","32.2234937","-110.9409548","2023-03-01T18:54:20"
"22","3_3","32.2231836","-110.9409553","2023-03-01T18:54:27"
"22","3_3","32.2227794","-110.9409559","2023-03-01T18:54:29"
"22","3_3","32.2226852","-110.9409561","2023-03-01T18:54:30"
"22","3_3","32.2226858","-110.9408721","2023-03-01T18:54:32"
"22","3_3","32.2226863","-110.9408018","2023-03-01T18:54:54"
"22","3_3","32.222695","-110.939578","2023-03-01T18:54:55"
"22","3_3","32.222696","-110.939496","2023-03-01T18:54:58"
"22","3_3","32.2225539","-110.939496","2023-03-01T18:55"
"22","3_3","32.2224602","-110.939496","2023-03-01T18:55:02"
"22","3_3","32.22232","-110.9394965","2023-03-01T18:55:03"
"22","3_3","32.2222509","-110.9394958","2023-03-01T18:55:04"
"22","3_3","32.2222315","-110.939495","2023-03-01T18:55:04"
"22","3_3","32.2221937","-110.9394952","2023-03-01T18:55:06"
"22","3_3","32.2221371","-110.9394942","2023-03-01T18:55:06"
"22","3_3","32.2221187","-110.9394945","2023-03-01T18:55:07"
"22","3_3","32.2220758","-110.9394941","2023-03-01T18:55:16"
"22","3_3","32.2215843","-110.9394917","2023-03-01T18:55:19"
"22","3_3","32.2215764","-110.9391875","2023-03-01T18:55:19"
"23","3_3","32.2466016","-110.9385437","2023-03-01T18:16:43"
"23","3_3","32.2474772","-110.9385537","2023-03-01T18:16:58"
"23","3_3","32.2483449","-110.9385622","2023-03-01T18:17"
"23","3_3","32.2484346","-110.9385635","2023-03-01T18:17:32"
"23","3_3","32.24842","-110.940348","2023-03-01T18:17:37"
"23","3_3","32.2484367","-110.9406193","2023-03-01T18:17:41"
"23","3_3","32.2484659","-110.9408216","2023-03-01T18:17:46"
"23","3_3","32.248541","-110.9411077","2023-03-01T18:17:53"
"23","3_3","32.2486974","-110.9414349","2023-03-01T18:17:57"
"23","3_3","32.2487913","-110.9416528","2023-03-01T18:18:02"
"23","3_3","32.2488852","-110.9418921","2023-03-01T18:18:06"
"23","3_3","32.2489248","-110.9421264","2023-03-01T18:18:12"
"23","3_3","32.2489454","-110.942407","2023-03-01T18:18:13"
"23","3_3","32.2489462","-110.942468","2023-03-01T18:18:13"
"23","3_3","32.2489573","-110.9424808","2023-03-01T18:18:14"
"23","3_3","32.2489688","-110.9425083","2023-03-01T18:18:14"
"23","3_3","32.248972","-110.9425387","2023-03-01T18:18:15"
"23","3_3","32.2489666","-110.9425687","2023-03-01T18:18:15"
"23","3_3","32.2489531","-110.9425949","2023-03-01T18:18:16"
"23","3_3","32.2489331","-110.9426144","2023-03-01T18:18:16"
"23","3_3","32.2489088","-110.942625","2023-03-01T18:18:17"
"23","3_3","32.2488829","-110.9426256","2023-03-01T18:18:17"
"23","3_3","32.2488588","-110.9426164","2023-03-01T18:18:17"
"23","3_3","32.2488522","-110.9426106","2023-03-01T18:18:19"
"23","3_3","32.2488548","-110.9426934","2023-03-01T18:18:41"
"23","3_3","32.2488582","-110.9438932","2023-03-01T18:18:42"
"23","3_3","32.2488585","-110.9439725","2023-03-01T18:18:44"
"23","3_3","32.2487223","-110.9439724","2023-03-01T18:18:45"
"23","3_3","32.2485484","-110.9439718","2023-03-01T18:18:47"
"23","3_3","32.2485492","-110.9438911","2023-03-01T18:18:47"
"23","3_3","32.2485494","-110.9438718","2023-03-01T18:18:48"
"23","3_3","32.2485499","-110.94382","2023-03-01T18:18:50"
"23","3_3","32.248494","-110.9437516","2023-03-01T18:19:31"
"23","3_3","32.2462606","-110.9437416","2023-03-01T18:19:43"
"23","3_3","32.2455608","-110.9437375","2023-03-01T18:19:45"
"23","3_3","32.2454474","-110.9437368","2023-03-01T18:20:15"
"23","3_3","32.2438072","-110.9437328","2023-03-01T18:20:17"
"23","3_3","32.2437609","-110.9437907","2023-03-01T18:20:17"
"23","3_3","32.2437301","-110.9438294","2023-03-01T18:20:18"
"23","3_3","32.2437301","-110.9438657","2023-03-01T18:20:18"
"23","3_3","32.2437301","-110.9438816","2023-03-01T18:20:20"
"23","3_3","32.2437301","-110.9439586","2023-03-01T18:20:29"
"23","3_3","32.2428612","-110.943951","2023-03-01T18:20:30"
"23","3_3","32.2427913","-110.943951","2023-03-01T18:20:30"
"23","3_3","32.242769","-110.9439502","2023-03-01T18:20:30"
"23","3_3","32.2427629","-110.9439508","2023-03-01T18:20:31"
"23","3_3","32.2427312","-110.943949","2023-03-01T18:20:31"
"23","3_3","32.2426839","-110.9439492","2023-03-01T18:20:32"
"23","3_3","32.2426452","-110.943948","2023-03-01T18:20:32"
"23","3_3","32.2426007","-110.9439476","2023-03-01T18:20:32"
"23","3_3","32.242596","-110.943947","2023-03-01T18:20:32"
"23","3_3","32.2425882","-110.943947","2023-03-01T18:20:37"
"23","3_3","32.2421879","-110.9439347","2023-03-01T18:20:42"
"23","3_3","32.2416646","-110.9439183","2023-03-01T18:20:48"
"23","3_3","32.24116","-110.9439234","2023-03-01T18:20:49"
"23","3_3","32.2410837","-110.943922","2023-03-01T18:20:49"
"23","3_3","32.2410693","-110.943922","2023-03-01T18:20:50"
"23","3_3","32.2409831","-110.9439236","2023-03-01T18:20:53"
"23","3_3","32.2406506","-110.9439262","2023-03-01T18:21:04"
"23","3_3","32.239648","-110.9439151","2023-03-01T18:21:10"
"23","3_3","32.239154","-110.9439104","2023-03-01T18:21:15"
"23","3_3","32.2386588","-110.9439057","2023-03-01T18:21:16"
"23","3_3","32.2386585","-110.9438362","2023-03-01T18:21:18"
"23","3_3","32.2386584","-110.943763","2023-03-01T18:21:23"
"23","3_3","32.2386575","-110.9434625","2023-03-01T18:21:27"
"23","3_3","32.2386569","-110.9432565","2023-03-01T18:21:40"
"23","3_3","32.2386549","-110.9425398","2023-03-01T18:21:52"
"23","3_3","32.2380106","-110.942525","2023-03-01T18:22:04"
"23","3_3","32.2373424","-110.9425237","2023-03-01T18:22:16"
"23","3_3","32.2366831","-110.942505","2023-03-01T18:22:18"
"23","3_3","32.2365619","-110.9425066","2023-03-01T18:22:21"
"23","3_3","32.236389","-110.9425098","2023-03-01T18:22:24"
"23","3_3","32.2362474","-110.9425115","2023-03-01T18:22:24"
"23","3_3","32.2362261","-110.9425121","2023-03-01T18:22:25"
"23","3_3","32.2361761","-110.9425133","2023-03-01T18:22:27"
"23","3_3","32.2361749","-110.9423134","2023-03-01T18:22:31"
"23","3_3","32.2361733","-110.9420298","2023-03-01T18:22:33"
"23","3_3","32.2361722","-110.9418378","2023-03-01T18:22:39"
"23","3_3","32.2361689","-110.9412686","2023-03-01T18:22:41"
"23","3_3","32.2361677","-110.9410575","2023-03-01T18:22:43"
"23","3_3","32.2360865","-110.9410562","2023-03-01T18:22:44"
"23","3_3","32.2359936","-110.9410547","2023-03-01T18:22:46"
"23","3_3","32.2359163","-110.9410533","2023-03-01T18:22:46"
"23","3_3","32.2359036","-110.9410532","2023-03-01T18:22:46"
"23","3_3","32.2358843","-110.9410534","2023-03-01T18:22:47"
"23","3_3","32.2358332","-110.941053","2023-03-01T18:22:51"
"23","3_3","32.2356032","-110.9410522","2023-03-01T18:22:52"
"23","3_3","32.2355685","-110.9410517","2023-03-01T18:22:54"
"23","3_3","32.2354869","-110.9410514","2023-03-01T18:22:56"
"23","3_3","32.2353606","-110.9410506","2023-03-01T18:23:04"
"23","3_3","32.2348981","-110.9410475","2023-03-01T18:23:14"
"23","3_3","32.2343799","-110.941048","2023-03-01T18:23:23"
"23","3_3","32.2338689","-110.941048","2023-03-01T18:23:32"
"23","3_3","32.2333522","-110.94104","2023-03-01T18:23:42"
"23","3_3","32.2328357","-110.9410323","2023-03-01T18:23:51"
"23","3_3","32.2323593","-110.9410326","2023-03-01T18:24"
"23","3_3","32.2318565","-110.941033","2023-03-01T18:24:01"
"23","3_3","32.2317789","-110.941033","2023-03-01T18:24:02"
"23","3_3","32.2317218","-110.941031","2023-03-01T18:24:10"
"23","3_3","32.2313007","-110.941026","2023-03-01T18:24:16"
"23","3_3","32.2309689","-110.9410211","2023-03-01T18:24:25"
"23","3_3","32.2304709","-110.9410138","2023-03-01T18:24:34"
"23","3_3","32.2299875","-110.9410185","2023-03-01T18:24:40"
"23","3_3","32.2296672","-110.9410099","2023-03-01T18:24:48"
"23","3_3","32.2291868","-110.9410037","2023-03-01T18:24:50"
"23","3_3","32.2290867","-110.9410004","2023-03-01T18:24:58"
"23","3_3","32.2286762","-110.9409986","2023-03-01T18:25:03"
"23","3_3","32.2283704","-110.9410045","2023-03-01T18:25:10"
"23","3_3","32.2279768","-110.9410021","2023-03-01T18:25:11"
"23","3_3","32.2279618","-110.941002","2023-03-01T18:25:12"
"23","3_3","32.2278714","-110.9410064","2023-03-01T18:25:14"
"23","3_3","32.2277946","-110.9410024","2023-03-01T18:25:14"
"23","3_3","32.2277867","-110.9410023","2023-03-01T18:25:22"
"23","3_3","32.2273587","-110.9409991","2023-03-01T18:25:36"
"23","3_3","32.2265439","-110.941006","2023-03-01T18:25:45"
"23","3_3","32.2260718","-110.9409886","2023-03-01T18:25:51"
"23","3_3","32.2257641","-110.9409795","2023-03-01T18:26"
"23","3_3","32.225256","-110.9409736","2023-03-01T18:26:02"
"23","3_3","32.225168","-110.9409722","2023-03-01T18:26:08"
"23","3_3","32.2247991","-110.9409665","2023-03-01T18:26:14"
"23","3_3","32.2244928","-110.9409618","2023-03-01T18:26:21"
"23","3_3","32.224084","-110.9409555","2023-03-01T18:26:23"
"23","3_3","32.2239852","-110.940954","2023-03-01T18:26:25"
"23","3_3","32.2238939","-110.9409542","2023-03-01T18:26:32"
"23","3_3","32.2234937","-110.9409548","2023-03-01T18:26:38"
"23","3_3","32.2231836","-110.9409553","2023-03-01T18:26:45"
"23","3_3","32.2227794","-110.9409559","2023-03-01T18:26:47"
"23","3_3","32.2226852","-110.9409561","2023-03-01T18:26:48"
"23","3_3","32.2226858","-110.9408721","2023-03-01T18:26:50"
"23","3_3","32.2226863","-110.9408018","2023-03-01T18:27:12"
"23","3_3","32.222695","-110.939578","2023-03-01T18:27:13"
"23","3_3","32.222696","-110.939496","2023-03-01T18:27:16"
"23","3_3","32.2225539","-110.939496","2023-03-01T18:27:18"
"23","3_3","32.2224602","-110.939496","2023-03-01T18:27:20"
"23","3_3","32.22232","-110.9394965","2023-03-01T18:27:21"
"23","3_3","32.2222509","-110.9394958","2023-03-01T18:27:22"
"23","3_3","32.2222315","-110.939495","2023-03-01T18:27:22"
"23","3_3","32.2221937","-110.9394952","2023-03-01T18:27:24"
"23","3_3","32.2221371","-110.9394942","2023-03-01T18:27:24"
"23","3_3","32.2221187","-110.9394945","2023-03-01T18:27:25"
"23","3_3","32.2220758","-110.9394941","2023-03-01T18:27:34"
"23","3_3","32.2215843","-110.9394917","2023-03-01T18:27:37"
"23","3_3","32.2215764","-110.9391875","2023-03-01T18:27:37"
